,image_id,img_filename,y,split,place
0,0,train/ISIC_0027874.jpg,0,0,0
1,1,train/ISIC_0030245.jpg,1,0,1
2,2,train/ISIC_0027785.jpg,0,0,0
3,3,train/ISIC_0026243.jpg,0,0,0
4,4,train/ISIC_0029208.jpg,0,0,0
5,5,train/ISIC_0028517.jpg,1,0,0
6,6,train/ISIC_0030050.jpg,0,0,0
7,7,train/ISIC_0028670.jpg,0,0,1
8,8,train/ISIC_0028473.jpg,0,0,1
9,9,train/ISIC_0025844.jpg,0,0,0
10,10,train/ISIC_0027573.jpg,1,0,0
11,11,train/ISIC_0034296.jpg,0,0,1
12,12,train/ISIC_0030699.jpg,0,0,0
13,13,train/ISIC_0027621.jpg,0,0,0
14,14,train/ISIC_0029295.jpg,0,0,0
15,15,train/ISIC_0025850.jpg,0,0,0
16,16,train/ISIC_0025113.jpg,0,0,1
17,17,train/ISIC_0026212.jpg,1,0,0
18,18,train/ISIC_0032308.jpg,1,0,1
19,19,train/ISIC_0024848.jpg,0,0,1
20,20,train/ISIC_0026341.jpg,0,0,0
21,21,train/ISIC_0024909.jpg,0,0,1
22,22,train/ISIC_0028364.jpg,0,0,0
23,23,train/ISIC_0032376.jpg,0,0,0
24,24,train/ISIC_0028368.jpg,0,0,0
25,25,train/ISIC_0025168.jpg,0,0,0
26,26,train/ISIC_0030065.jpg,0,0,1
27,27,train/ISIC_0030991.jpg,1,0,0
28,28,train/ISIC_0028535.jpg,0,0,0
29,29,train/ISIC_0028710.jpg,0,0,0
30,30,train/ISIC_0028855.jpg,0,0,0
31,31,train/ISIC_0034123.jpg,0,0,1
32,32,train/ISIC_0032970.jpg,1,0,0
33,33,train/ISIC_0026612.jpg,0,0,0
34,34,train/ISIC_0032223.jpg,0,0,0
35,35,train/ISIC_0033908.jpg,0,0,1
36,36,train/ISIC_0029751.jpg,0,0,1
37,37,train/ISIC_0025060.jpg,0,0,0
38,38,train/ISIC_0025447.jpg,0,0,0
39,39,train/ISIC_0026841.jpg,0,0,1
40,40,train/ISIC_0033263.jpg,0,0,0
41,41,train/ISIC_0030278.jpg,0,0,0
42,42,train/ISIC_0028124.jpg,0,0,0
43,43,train/ISIC_0029090.jpg,0,0,0
44,44,train/ISIC_0032509.jpg,1,0,1
45,45,train/ISIC_0028160.jpg,0,0,0
46,46,train/ISIC_0030027.jpg,0,0,0
47,47,train/ISIC_0028587.jpg,0,0,1
48,48,train/ISIC_0027062.jpg,0,0,1
49,49,train/ISIC_0029195.jpg,0,0,1
50,50,train/ISIC_0026644.jpg,0,0,0
51,51,train/ISIC_0025392.jpg,0,0,0
52,52,train/ISIC_0031904.jpg,0,0,0
53,53,train/ISIC_0031083.jpg,0,0,1
54,54,train/ISIC_0030203.jpg,0,0,0
55,55,train/ISIC_0026956.jpg,0,0,0
56,56,train/ISIC_0026110.jpg,0,0,0
57,57,train/ISIC_0026416.jpg,0,0,0
58,58,train/ISIC_0030819.jpg,0,0,0
59,59,train/ISIC_0033694.jpg,0,0,0
60,60,train/ISIC_0028539.jpg,0,0,0
61,61,train/ISIC_0027425.jpg,0,0,1
62,62,train/ISIC_0029039.jpg,0,0,0
63,63,train/ISIC_0034138.jpg,0,0,0
64,64,train/ISIC_0033173.jpg,0,0,0
65,65,train/ISIC_0028854.jpg,1,0,0
66,66,train/ISIC_0030362.jpg,0,0,0
67,67,train/ISIC_0030482.jpg,0,0,0
68,68,train/ISIC_0028501.jpg,0,0,0
69,69,train/ISIC_0029490.jpg,0,0,0
70,70,train/ISIC_0031253.jpg,0,0,0
71,71,train/ISIC_0025830.jpg,0,0,1
72,72,train/ISIC_0032877.jpg,0,0,1
73,73,train/ISIC_0034206.jpg,0,0,0
74,74,train/ISIC_0024717.jpg,0,0,0
75,75,train/ISIC_0024973.jpg,0,0,1
76,76,train/ISIC_0024905.jpg,0,0,0
77,77,train/ISIC_0025608.jpg,0,0,0
78,78,train/ISIC_0033686.jpg,0,0,1
79,79,train/ISIC_0024596.jpg,0,0,0
80,80,train/ISIC_0032051.jpg,0,0,0
81,81,train/ISIC_0028779.jpg,0,0,1
82,82,train/ISIC_0027780.jpg,0,0,1
83,83,train/ISIC_0026467.jpg,0,0,0
84,84,train/ISIC_0030799.jpg,0,0,0
85,85,train/ISIC_0031122.jpg,0,0,1
86,86,train/ISIC_0026819.jpg,0,0,0
87,87,train/ISIC_0032685.jpg,1,0,1
88,88,train/ISIC_0030796.jpg,0,0,0
89,89,train/ISIC_0027272.jpg,0,0,0
90,90,train/ISIC_0027586.jpg,0,0,0
91,91,train/ISIC_0030253.jpg,0,0,0
92,92,train/ISIC_0029862.jpg,0,0,0
93,93,train/ISIC_0032229.jpg,0,0,1
94,94,train/ISIC_0027337.jpg,0,0,1
95,95,train/ISIC_0026007.jpg,0,0,1
96,96,train/ISIC_0025945.jpg,0,0,1
97,97,train/ISIC_0024691.jpg,0,0,0
98,98,train/ISIC_0025146.jpg,0,0,0
99,99,train/ISIC_0030312.jpg,0,0,0
100,100,train/ISIC_0030111.jpg,0,0,0
101,101,train/ISIC_0024976.jpg,0,0,0
102,102,train/ISIC_0028571.jpg,0,0,1
103,103,train/ISIC_0031582.jpg,0,0,0
104,104,train/ISIC_0029074.jpg,0,0,0
105,105,train/ISIC_0033898.jpg,0,0,0
106,106,train/ISIC_0024931.jpg,0,0,1
107,107,train/ISIC_0033117.jpg,1,0,0
108,108,train/ISIC_0025315.jpg,0,0,0
109,109,train/ISIC_0034076.jpg,1,0,0
110,110,train/ISIC_0032125.jpg,0,0,0
111,111,train/ISIC_0032499.jpg,0,0,0
112,112,train/ISIC_0030272.jpg,0,0,0
113,113,train/ISIC_0028503.jpg,0,0,1
114,114,train/ISIC_0028878.jpg,1,0,0
115,115,train/ISIC_0031876.jpg,0,0,1
116,116,train/ISIC_0034279.jpg,0,0,0
117,117,train/ISIC_0032014.jpg,1,0,0
118,118,train/ISIC_0025044.jpg,0,0,0
119,119,train/ISIC_0025376.jpg,0,0,1
120,120,train/ISIC_0026033.jpg,0,0,0
121,121,train/ISIC_0027342.jpg,0,0,0
122,122,train/ISIC_0033761.jpg,0,0,0
123,123,train/ISIC_0032702.jpg,0,0,1
124,124,train/ISIC_0026013.jpg,0,0,0
125,125,train/ISIC_0025898.jpg,0,0,0
126,126,train/ISIC_0025401.jpg,0,0,0
127,127,train/ISIC_0033518.jpg,1,0,1
128,128,train/ISIC_0025858.jpg,0,0,0
129,129,train/ISIC_0027322.jpg,0,0,0
130,130,train/ISIC_0029731.jpg,0,0,1
131,131,train/ISIC_0025532.jpg,0,0,0
132,132,train/ISIC_0027630.jpg,0,0,0
133,133,train/ISIC_0031453.jpg,0,0,0
134,134,train/ISIC_0024663.jpg,0,0,0
135,135,train/ISIC_0032564.jpg,1,0,1
136,136,train/ISIC_0033607.jpg,1,0,0
137,137,train/ISIC_0032470.jpg,0,0,0
138,138,train/ISIC_0028583.jpg,0,0,1
139,139,train/ISIC_0026983.jpg,0,0,0
140,140,train/ISIC_0030749.jpg,0,0,0
141,141,train/ISIC_0026486.jpg,0,0,0
142,142,train/ISIC_0028127.jpg,1,0,1
143,143,train/ISIC_0033405.jpg,1,0,1
144,144,train/ISIC_0030265.jpg,0,0,0
145,145,train/ISIC_0032309.jpg,0,0,0
146,146,train/ISIC_0032682.jpg,0,0,0
147,147,train/ISIC_0028290.jpg,0,0,0
148,148,train/ISIC_0029268.jpg,1,0,1
149,149,train/ISIC_0027611.jpg,0,0,0
150,150,train/ISIC_0030347.jpg,0,0,0
151,151,train/ISIC_0033742.jpg,0,0,0
152,152,train/ISIC_0032343.jpg,0,0,1
153,153,train/ISIC_0031201.jpg,0,0,0
154,154,train/ISIC_0030328.jpg,0,0,0
155,155,train/ISIC_0030524.jpg,0,0,0
156,156,train/ISIC_0027471.jpg,0,0,1
157,157,train/ISIC_0030780.jpg,0,0,0
158,158,train/ISIC_0032158.jpg,0,0,0
159,159,train/ISIC_0031529.jpg,1,0,0
160,160,train/ISIC_0031355.jpg,0,0,0
161,161,train/ISIC_0030680.jpg,0,0,1
162,162,train/ISIC_0033170.jpg,0,0,0
163,163,train/ISIC_0028307.jpg,0,0,1
164,164,train/ISIC_0033283.jpg,0,0,0
165,165,train/ISIC_0027389.jpg,0,0,0
166,166,train/ISIC_0025207.jpg,0,0,0
167,167,train/ISIC_0024811.jpg,0,0,0
168,168,train/ISIC_0028312.jpg,0,0,0
169,169,train/ISIC_0024634.jpg,0,0,1
170,170,train/ISIC_0025956.jpg,0,0,0
171,171,train/ISIC_0026980.jpg,0,0,0
172,172,train/ISIC_0025547.jpg,0,0,0
173,173,train/ISIC_0031871.jpg,0,0,0
174,174,train/ISIC_0025658.jpg,0,0,0
175,175,train/ISIC_0032759.jpg,0,0,0
176,176,train/ISIC_0030875.jpg,0,0,0
177,177,train/ISIC_0025496.jpg,0,0,0
178,178,train/ISIC_0027767.jpg,1,0,1
179,179,train/ISIC_0027481.jpg,0,0,1
180,180,train/ISIC_0025587.jpg,0,0,0
181,181,train/ISIC_0024902.jpg,0,0,0
182,182,train/ISIC_0033489.jpg,0,0,0
183,183,train/ISIC_0028705.jpg,0,0,0
184,184,train/ISIC_0030394.jpg,0,0,0
185,185,train/ISIC_0028094.jpg,0,0,1
186,186,train/ISIC_0030669.jpg,0,0,0
187,187,train/ISIC_0028343.jpg,0,0,0
188,188,train/ISIC_0027127.jpg,0,0,0
189,189,train/ISIC_0030877.jpg,1,0,0
190,190,train/ISIC_0024396.jpg,0,0,1
191,191,train/ISIC_0032323.jpg,0,0,0
192,192,train/ISIC_0026966.jpg,0,0,0
193,193,train/ISIC_0027991.jpg,0,0,0
194,194,train/ISIC_0026186.jpg,0,0,0
195,195,train/ISIC_0028978.jpg,0,0,0
196,196,train/ISIC_0025179.jpg,0,0,1
197,197,train/ISIC_0027426.jpg,0,0,0
198,198,train/ISIC_0028492.jpg,0,0,0
199,199,train/ISIC_0029901.jpg,0,0,0
200,200,train/ISIC_0024558.jpg,0,0,1
201,201,train/ISIC_0032447.jpg,1,0,1
202,202,train/ISIC_0027860.jpg,0,0,0
203,203,train/ISIC_0024563.jpg,0,0,0
204,204,train/ISIC_0031379.jpg,0,0,0
205,205,train/ISIC_0025353.jpg,0,0,0
206,206,train/ISIC_0034040.jpg,0,0,0
207,207,train/ISIC_0031849.jpg,0,0,0
208,208,train/ISIC_0032291.jpg,0,0,0
209,209,train/ISIC_0031844.jpg,1,0,0
210,210,train/ISIC_0030329.jpg,0,0,1
211,211,train/ISIC_0031265.jpg,0,0,0
212,212,train/ISIC_0032953.jpg,0,0,0
213,213,train/ISIC_0029038.jpg,0,0,1
214,214,train/ISIC_0026621.jpg,0,0,0
215,215,train/ISIC_0026580.jpg,0,0,0
216,216,train/ISIC_0032714.jpg,0,0,0
217,217,train/ISIC_0028802.jpg,0,0,0
218,218,train/ISIC_0027289.jpg,0,0,0
219,219,train/ISIC_0024452.jpg,0,0,0
220,220,train/ISIC_0031957.jpg,1,0,1
221,221,train/ISIC_0032974.jpg,0,0,0
222,222,train/ISIC_0033076.jpg,0,0,0
223,223,train/ISIC_0026533.jpg,0,0,0
224,224,train/ISIC_0025103.jpg,0,0,1
225,225,train/ISIC_0026665.jpg,0,0,0
226,226,train/ISIC_0028463.jpg,1,0,0
227,227,train/ISIC_0033929.jpg,0,0,0
228,228,train/ISIC_0033938.jpg,1,0,0
229,229,train/ISIC_0030018.jpg,0,0,0
230,230,train/ISIC_0030721.jpg,0,0,1
231,231,train/ISIC_0024741.jpg,0,0,1
232,232,train/ISIC_0031671.jpg,0,0,0
233,233,train/ISIC_0025762.jpg,0,0,0
234,234,train/ISIC_0027211.jpg,0,0,1
235,235,train/ISIC_0029887.jpg,0,0,0
236,236,train/ISIC_0026379.jpg,0,0,0
237,237,train/ISIC_0026109.jpg,0,0,0
238,238,train/ISIC_0024347.jpg,0,0,0
239,239,train/ISIC_0032383.jpg,0,0,0
240,240,train/ISIC_0032771.jpg,0,0,0
241,241,train/ISIC_0025622.jpg,0,0,0
242,242,train/ISIC_0029455.jpg,0,0,1
243,243,train/ISIC_0029624.jpg,0,0,0
244,244,train/ISIC_0028335.jpg,1,0,0
245,245,train/ISIC_0024998.jpg,0,0,0
246,246,train/ISIC_0033305.jpg,0,0,1
247,247,train/ISIC_0032618.jpg,0,0,0
248,248,train/ISIC_0026688.jpg,0,0,1
249,249,train/ISIC_0027055.jpg,0,0,0
250,250,train/ISIC_0030702.jpg,0,0,0
251,251,train/ISIC_0024995.jpg,0,0,1
252,252,train/ISIC_0028698.jpg,0,0,0
253,253,train/ISIC_0031407.jpg,0,0,1
254,254,train/ISIC_0032826.jpg,0,0,0
255,255,train/ISIC_0032427.jpg,0,0,0
256,256,train/ISIC_0027788.jpg,0,0,1
257,257,train/ISIC_0027763.jpg,0,0,0
258,258,train/ISIC_0031172.jpg,0,0,0
259,259,train/ISIC_0024853.jpg,1,0,1
260,260,train/ISIC_0024388.jpg,0,0,0
261,261,train/ISIC_0025156.jpg,0,0,0
262,262,train/ISIC_0026871.jpg,0,0,0
263,263,train/ISIC_0031436.jpg,0,0,1
264,264,train/ISIC_0029144.jpg,0,0,0
265,265,train/ISIC_0029754.jpg,0,0,0
266,266,train/ISIC_0025491.jpg,0,0,0
267,267,train/ISIC_0024984.jpg,0,0,0
268,268,train/ISIC_0032106.jpg,0,0,0
269,269,train/ISIC_0033677.jpg,0,0,0
270,270,train/ISIC_0025377.jpg,0,0,0
271,271,train/ISIC_0033670.jpg,1,0,1
272,272,train/ISIC_0027343.jpg,1,0,1
273,273,train/ISIC_0026710.jpg,0,0,1
274,274,train/ISIC_0031773.jpg,0,0,0
275,275,train/ISIC_0029909.jpg,1,0,1
276,276,train/ISIC_0027310.jpg,0,0,0
277,277,train/ISIC_0026522.jpg,1,0,0
278,278,train/ISIC_0028005.jpg,0,0,0
279,279,train/ISIC_0027782.jpg,0,0,0
280,280,train/ISIC_0027559.jpg,0,0,0
281,281,train/ISIC_0026613.jpg,0,0,0
282,282,train/ISIC_0029871.jpg,0,0,1
283,283,train/ISIC_0029643.jpg,0,0,0
284,284,train/ISIC_0028648.jpg,0,0,0
285,285,train/ISIC_0033847.jpg,0,0,0
286,286,train/ISIC_0033451.jpg,0,0,0
287,287,train/ISIC_0025502.jpg,0,0,0
288,288,train/ISIC_0027602.jpg,0,0,0
289,289,train/ISIC_0029650.jpg,0,0,0
290,290,train/ISIC_0029758.jpg,0,0,0
291,291,train/ISIC_0025648.jpg,0,0,0
292,292,train/ISIC_0029252.jpg,0,0,1
293,293,train/ISIC_0024960.jpg,0,0,1
294,294,train/ISIC_0033768.jpg,0,0,1
295,295,train/ISIC_0026566.jpg,0,0,1
296,296,train/ISIC_0032455.jpg,1,0,1
297,297,train/ISIC_0025670.jpg,0,0,0
298,298,train/ISIC_0028334.jpg,0,0,0
299,299,train/ISIC_0029182.jpg,0,0,0
300,300,train/ISIC_0029399.jpg,0,0,0
301,301,train/ISIC_0033372.jpg,0,0,1
302,302,train/ISIC_0025936.jpg,0,0,0
303,303,train/ISIC_0032064.jpg,0,0,0
304,304,train/ISIC_0028695.jpg,0,0,1
305,305,train/ISIC_0026639.jpg,0,0,0
306,306,train/ISIC_0033287.jpg,1,0,0
307,307,train/ISIC_0030285.jpg,0,0,0
308,308,train/ISIC_0031819.jpg,0,0,0
309,309,train/ISIC_0031233.jpg,1,0,0
310,310,train/ISIC_0029799.jpg,0,0,1
311,311,train/ISIC_0028623.jpg,0,0,0
312,312,train/ISIC_0032063.jpg,0,0,0
313,313,train/ISIC_0026837.jpg,0,0,0
314,314,train/ISIC_0028845.jpg,0,0,0
315,315,train/ISIC_0028749.jpg,0,0,1
316,316,train/ISIC_0025912.jpg,0,0,0
317,317,train/ISIC_0032513.jpg,0,0,0
318,318,train/ISIC_0031397.jpg,0,0,0
319,319,train/ISIC_0031056.jpg,0,0,1
320,320,train/ISIC_0024529.jpg,0,0,0
321,321,train/ISIC_0029982.jpg,0,0,0
322,322,train/ISIC_0033722.jpg,0,0,0
323,323,train/ISIC_0031459.jpg,0,0,0
324,324,train/ISIC_0029152.jpg,0,0,0
325,325,train/ISIC_0032137.jpg,0,0,1
326,326,train/ISIC_0026869.jpg,0,0,0
327,327,train/ISIC_0024929.jpg,1,0,0
328,328,train/ISIC_0030837.jpg,0,0,0
329,329,train/ISIC_0032597.jpg,1,0,0
330,330,train/ISIC_0025978.jpg,0,0,0
331,331,train/ISIC_0028015.jpg,0,0,0
332,332,train/ISIC_0024815.jpg,0,0,0
333,333,train/ISIC_0027456.jpg,0,0,0
334,334,train/ISIC_0033563.jpg,0,0,0
335,335,train/ISIC_0030611.jpg,0,0,0
336,336,train/ISIC_0029614.jpg,0,0,0
337,337,train/ISIC_0028440.jpg,0,0,0
338,338,train/ISIC_0030747.jpg,1,0,0
339,339,train/ISIC_0024935.jpg,0,0,1
340,340,train/ISIC_0033832.jpg,0,0,0
341,341,train/ISIC_0032426.jpg,0,0,0
342,342,train/ISIC_0027814.jpg,0,0,1
343,343,train/ISIC_0030542.jpg,0,0,1
344,344,train/ISIC_0030166.jpg,0,0,1
345,345,train/ISIC_0025507.jpg,0,0,1
346,346,train/ISIC_0027496.jpg,0,0,0
347,347,train/ISIC_0027852.jpg,0,0,1
348,348,train/ISIC_0030053.jpg,0,0,1
349,349,train/ISIC_0027407.jpg,1,0,1
350,350,train/ISIC_0026027.jpg,0,0,0
351,351,train/ISIC_0028811.jpg,0,0,0
352,352,train/ISIC_0033316.jpg,0,0,0
353,353,train/ISIC_0027811.jpg,0,0,0
354,354,train/ISIC_0025230.jpg,0,0,0
355,355,train/ISIC_0030426.jpg,0,0,1
356,356,train/ISIC_0026623.jpg,0,0,1
357,357,train/ISIC_0024588.jpg,0,0,0
358,358,train/ISIC_0027190.jpg,1,0,1
359,359,train/ISIC_0032398.jpg,0,0,0
360,360,train/ISIC_0025229.jpg,0,0,0
361,361,train/ISIC_0031011.jpg,0,0,0
362,362,train/ISIC_0030580.jpg,0,0,0
363,363,train/ISIC_0027893.jpg,0,0,1
364,364,train/ISIC_0033916.jpg,0,0,1
365,365,train/ISIC_0027339.jpg,0,0,0
366,366,train/ISIC_0025955.jpg,1,0,0
367,367,train/ISIC_0030653.jpg,1,0,1
368,368,train/ISIC_0025117.jpg,0,0,0
369,369,train/ISIC_0032882.jpg,0,0,0
370,370,train/ISIC_0026516.jpg,1,0,0
371,371,train/ISIC_0030511.jpg,0,0,1
372,372,train/ISIC_0025930.jpg,0,0,0
373,373,train/ISIC_0031412.jpg,0,0,0
374,374,train/ISIC_0033660.jpg,0,0,0
375,375,train/ISIC_0031114.jpg,0,0,1
376,376,train/ISIC_0026387.jpg,0,0,1
377,377,train/ISIC_0032604.jpg,1,0,1
378,378,train/ISIC_0027820.jpg,0,0,0
379,379,train/ISIC_0025391.jpg,1,0,0
380,380,train/ISIC_0031048.jpg,0,0,0
381,381,train/ISIC_0031983.jpg,0,0,0
382,382,train/ISIC_0034246.jpg,1,0,1
383,383,train/ISIC_0031075.jpg,0,0,0
384,384,train/ISIC_0027848.jpg,0,0,0
385,385,train/ISIC_0024954.jpg,0,0,0
386,386,train/ISIC_0033338.jpg,0,0,0
387,387,train/ISIC_0029356.jpg,0,0,0
388,388,train/ISIC_0029256.jpg,0,0,0
389,389,train/ISIC_0031677.jpg,0,0,1
390,390,train/ISIC_0024640.jpg,1,0,0
391,391,train/ISIC_0030541.jpg,0,0,0
392,392,train/ISIC_0033996.jpg,0,0,0
393,393,train/ISIC_0024333.jpg,1,0,1
394,394,train/ISIC_0033261.jpg,1,0,0
395,395,train/ISIC_0032130.jpg,0,0,0
396,396,train/ISIC_0026410.jpg,0,0,0
397,397,train/ISIC_0031692.jpg,1,0,0
398,398,train/ISIC_0030659.jpg,0,0,0
399,399,train/ISIC_0030224.jpg,0,0,0
400,400,train/ISIC_0030051.jpg,0,0,0
401,401,train/ISIC_0033988.jpg,0,0,0
402,402,train/ISIC_0025159.jpg,0,0,0
403,403,train/ISIC_0031074.jpg,0,0,0
404,404,train/ISIC_0026553.jpg,0,0,1
405,405,train/ISIC_0025924.jpg,0,0,0
406,406,train/ISIC_0028327.jpg,0,0,0
407,407,train/ISIC_0031850.jpg,0,0,0
408,408,train/ISIC_0027590.jpg,1,0,1
409,409,train/ISIC_0033103.jpg,1,0,1
410,410,train/ISIC_0025925.jpg,0,0,0
411,411,train/ISIC_0029794.jpg,0,0,0
412,412,train/ISIC_0026711.jpg,0,0,0
413,413,train/ISIC_0031584.jpg,0,0,1
414,414,train/ISIC_0029380.jpg,0,0,0
415,415,train/ISIC_0033073.jpg,1,0,1
416,416,train/ISIC_0029271.jpg,1,0,0
417,417,train/ISIC_0032933.jpg,0,0,0
418,418,train/ISIC_0028389.jpg,0,0,0
419,419,train/ISIC_0029120.jpg,0,0,1
420,420,train/ISIC_0029933.jpg,1,0,0
421,421,train/ISIC_0026738.jpg,1,0,1
422,422,train/ISIC_0026213.jpg,0,0,1
423,423,train/ISIC_0029416.jpg,0,0,0
424,424,train/ISIC_0027911.jpg,0,0,0
425,425,train/ISIC_0028079.jpg,0,0,1
426,426,train/ISIC_0026479.jpg,0,0,0
427,427,train/ISIC_0028721.jpg,0,0,0
428,428,train/ISIC_0030239.jpg,0,0,0
429,429,train/ISIC_0032892.jpg,1,0,1
430,430,train/ISIC_0027670.jpg,0,0,1
431,431,train/ISIC_0026609.jpg,0,0,0
432,432,train/ISIC_0028993.jpg,0,0,0
433,433,train/ISIC_0029966.jpg,0,0,0
434,434,train/ISIC_0029320.jpg,0,0,0
435,435,train/ISIC_0028968.jpg,1,0,0
436,436,train/ISIC_0031939.jpg,0,0,0
437,437,train/ISIC_0027390.jpg,0,0,0
438,438,train/ISIC_0029926.jpg,0,0,0
439,439,train/ISIC_0033011.jpg,0,0,1
440,440,train/ISIC_0031824.jpg,0,0,0
441,441,train/ISIC_0031063.jpg,0,0,1
442,442,train/ISIC_0032734.jpg,0,0,0
443,443,train/ISIC_0033613.jpg,0,0,0
444,444,train/ISIC_0030645.jpg,0,0,0
445,445,train/ISIC_0032412.jpg,0,0,1
446,446,train/ISIC_0030854.jpg,0,0,0
447,447,train/ISIC_0034198.jpg,0,0,0
448,448,train/ISIC_0031820.jpg,0,0,1
449,449,train/ISIC_0033917.jpg,0,0,0
450,450,train/ISIC_0026897.jpg,1,0,1
451,451,train/ISIC_0032727.jpg,0,0,1
452,452,train/ISIC_0026911.jpg,0,0,0
453,453,train/ISIC_0027596.jpg,0,0,0
454,454,train/ISIC_0030264.jpg,0,0,0
455,455,train/ISIC_0029945.jpg,0,0,1
456,456,train/ISIC_0034202.jpg,1,0,1
457,457,train/ISIC_0027060.jpg,1,0,0
458,458,train/ISIC_0032079.jpg,1,0,0
459,459,train/ISIC_0030701.jpg,0,0,0
460,460,train/ISIC_0026815.jpg,0,0,0
461,461,train/ISIC_0028318.jpg,0,0,0
462,462,train/ISIC_0034063.jpg,0,0,0
463,463,train/ISIC_0028570.jpg,0,0,1
464,464,train/ISIC_0026741.jpg,0,0,1
465,465,train/ISIC_0027910.jpg,0,0,0
466,466,train/ISIC_0024661.jpg,0,0,0
467,467,train/ISIC_0031863.jpg,0,0,0
468,468,train/ISIC_0032222.jpg,0,0,1
469,469,train/ISIC_0024638.jpg,0,0,0
470,470,train/ISIC_0025409.jpg,1,0,1
471,471,train/ISIC_0027944.jpg,0,0,0
472,472,train/ISIC_0033186.jpg,1,0,0
473,473,train/ISIC_0028366.jpg,0,0,0
474,474,train/ISIC_0026641.jpg,0,0,0
475,475,train/ISIC_0029454.jpg,1,0,1
476,476,train/ISIC_0032247.jpg,0,0,1
477,477,train/ISIC_0029699.jpg,0,0,0
478,478,train/ISIC_0032429.jpg,0,0,1
479,479,train/ISIC_0024312.jpg,0,0,1
480,480,train/ISIC_0027841.jpg,0,0,0
481,481,train/ISIC_0032072.jpg,1,0,1
482,482,train/ISIC_0026803.jpg,0,0,0
483,483,train/ISIC_0027794.jpg,0,0,0
484,484,train/ISIC_0024790.jpg,0,0,1
485,485,train/ISIC_0027657.jpg,0,0,0
486,486,train/ISIC_0025688.jpg,0,0,0
487,487,train/ISIC_0031759.jpg,0,0,1
488,488,train/ISIC_0028603.jpg,0,0,0
489,489,train/ISIC_0026737.jpg,0,0,1
490,490,train/ISIC_0034066.jpg,0,0,1
491,491,train/ISIC_0025718.jpg,0,0,1
492,492,train/ISIC_0031830.jpg,0,0,0
493,493,train/ISIC_0025421.jpg,0,0,0
494,494,train/ISIC_0028526.jpg,0,0,0
495,495,train/ISIC_0027045.jpg,0,0,0
496,496,train/ISIC_0026733.jpg,0,0,0
497,497,train/ISIC_0024701.jpg,1,0,0
498,498,train/ISIC_0031428.jpg,0,0,0
499,499,train/ISIC_0032316.jpg,0,0,1
500,500,train/ISIC_0026107.jpg,0,0,0
501,501,train/ISIC_0032511.jpg,1,0,1
502,502,train/ISIC_0029719.jpg,0,0,0
503,503,train/ISIC_0025795.jpg,0,0,0
504,504,train/ISIC_0030525.jpg,0,0,1
505,505,train/ISIC_0027759.jpg,0,0,0
506,506,train/ISIC_0026772.jpg,0,0,1
507,507,train/ISIC_0027340.jpg,0,0,0
508,508,train/ISIC_0026394.jpg,0,0,0
509,509,train/ISIC_0030042.jpg,0,0,0
510,510,train/ISIC_0030728.jpg,0,0,0
511,511,train/ISIC_0024849.jpg,0,0,0
512,512,train/ISIC_0026890.jpg,0,0,0
513,513,train/ISIC_0025958.jpg,0,0,0
514,514,train/ISIC_0032825.jpg,0,0,0
515,515,train/ISIC_0026650.jpg,1,0,1
516,516,train/ISIC_0028804.jpg,0,0,1
517,517,train/ISIC_0025082.jpg,0,0,0
518,518,train/ISIC_0029596.jpg,0,0,1
519,519,train/ISIC_0024401.jpg,0,0,0
520,520,train/ISIC_0027769.jpg,1,0,1
521,521,train/ISIC_0029845.jpg,0,0,0
522,522,train/ISIC_0033061.jpg,1,0,0
523,523,train/ISIC_0025910.jpg,0,0,0
524,524,train/ISIC_0025444.jpg,0,0,0
525,525,train/ISIC_0027719.jpg,1,0,0
526,526,train/ISIC_0030302.jpg,0,0,0
527,527,train/ISIC_0027967.jpg,0,0,0
528,528,train/ISIC_0027490.jpg,0,0,0
529,529,train/ISIC_0032528.jpg,0,0,0
530,530,train/ISIC_0026705.jpg,0,0,0
531,531,train/ISIC_0032554.jpg,0,0,1
532,532,train/ISIC_0029546.jpg,0,0,0
533,533,train/ISIC_0033596.jpg,0,0,0
534,534,train/ISIC_0026112.jpg,0,0,1
535,535,train/ISIC_0030378.jpg,0,0,0
536,536,train/ISIC_0024642.jpg,0,0,0
537,537,train/ISIC_0027823.jpg,0,0,0
538,538,train/ISIC_0027381.jpg,0,0,0
539,539,train/ISIC_0025900.jpg,0,0,0
540,540,train/ISIC_0024346.jpg,0,0,0
541,541,train/ISIC_0031855.jpg,0,0,0
542,542,train/ISIC_0028899.jpg,1,0,1
543,543,train/ISIC_0031713.jpg,0,0,0
544,544,train/ISIC_0029204.jpg,0,0,0
545,545,train/ISIC_0025839.jpg,0,0,0
546,546,train/ISIC_0026139.jpg,0,0,0
547,547,train/ISIC_0033813.jpg,1,0,0
548,548,train/ISIC_0024327.jpg,0,0,0
549,549,train/ISIC_0026495.jpg,0,0,0
550,550,train/ISIC_0033128.jpg,0,0,0
551,551,train/ISIC_0029216.jpg,1,0,1
552,552,train/ISIC_0024628.jpg,0,0,0
553,553,train/ISIC_0033321.jpg,0,0,1
554,554,train/ISIC_0026177.jpg,0,0,0
555,555,train/ISIC_0030714.jpg,1,0,1
556,556,train/ISIC_0033176.jpg,0,0,0
557,557,train/ISIC_0024570.jpg,0,0,0
558,558,train/ISIC_0028656.jpg,0,0,0
559,559,train/ISIC_0029050.jpg,0,0,0
560,560,train/ISIC_0027125.jpg,1,0,1
561,561,train/ISIC_0032227.jpg,0,0,0
562,562,train/ISIC_0033901.jpg,1,0,0
563,563,train/ISIC_0031990.jpg,0,0,0
564,564,train/ISIC_0027136.jpg,0,0,0
565,565,train/ISIC_0029117.jpg,0,0,0
566,566,train/ISIC_0028370.jpg,1,0,0
567,567,train/ISIC_0032417.jpg,0,0,1
568,568,train/ISIC_0030917.jpg,0,0,0
569,569,train/ISIC_0031337.jpg,0,0,0
570,570,train/ISIC_0027046.jpg,0,0,1
571,571,train/ISIC_0032105.jpg,0,0,0
572,572,train/ISIC_0027467.jpg,0,0,0
573,573,train/ISIC_0025339.jpg,0,0,1
574,574,train/ISIC_0027568.jpg,0,0,1
575,575,train/ISIC_0032947.jpg,1,0,1
576,576,train/ISIC_0026690.jpg,1,0,0
577,577,train/ISIC_0032876.jpg,0,0,0
578,578,train/ISIC_0028729.jpg,0,0,0
579,579,train/ISIC_0025116.jpg,0,0,0
580,580,train/ISIC_0028454.jpg,0,0,0
581,581,train/ISIC_0030717.jpg,0,0,0
582,582,train/ISIC_0027597.jpg,0,0,0
583,583,train/ISIC_0029308.jpg,0,0,0
584,584,train/ISIC_0030163.jpg,0,0,0
585,585,train/ISIC_0027095.jpg,0,0,0
586,586,train/ISIC_0026392.jpg,0,0,0
587,587,train/ISIC_0028303.jpg,0,0,1
588,588,train/ISIC_0030019.jpg,0,0,0
589,589,train/ISIC_0032786.jpg,0,0,0
590,590,train/ISIC_0026708.jpg,0,0,0
591,591,train/ISIC_0030300.jpg,0,0,0
592,592,train/ISIC_0026598.jpg,0,0,1
593,593,train/ISIC_0033580.jpg,0,0,0
594,594,train/ISIC_0031786.jpg,0,0,1
595,595,train/ISIC_0033925.jpg,1,0,1
596,596,train/ISIC_0025720.jpg,0,0,0
597,597,train/ISIC_0031796.jpg,0,0,0
598,598,train/ISIC_0033553.jpg,0,0,1
599,599,train/ISIC_0032214.jpg,1,0,1
600,600,train/ISIC_0024497.jpg,0,0,0
601,601,train/ISIC_0024387.jpg,0,0,1
602,602,train/ISIC_0031213.jpg,0,0,1
603,603,train/ISIC_0032302.jpg,0,0,0
604,604,train/ISIC_0029904.jpg,0,0,0
605,605,train/ISIC_0027238.jpg,1,0,0
606,606,train/ISIC_0033726.jpg,0,0,0
607,607,train/ISIC_0030134.jpg,1,0,0
608,608,train/ISIC_0024974.jpg,0,0,0
609,609,train/ISIC_0032662.jpg,1,0,1
610,610,train/ISIC_0029199.jpg,0,0,0
611,611,train/ISIC_0033796.jpg,0,0,0
612,612,train/ISIC_0025933.jpg,0,0,0
613,613,train/ISIC_0029709.jpg,0,0,0
614,614,train/ISIC_0025256.jpg,0,0,0
615,615,train/ISIC_0024777.jpg,0,0,0
616,616,train/ISIC_0032392.jpg,0,0,1
617,617,train/ISIC_0031619.jpg,0,0,1
618,618,train/ISIC_0029649.jpg,0,0,0
619,619,train/ISIC_0031257.jpg,0,0,0
620,620,train/ISIC_0030517.jpg,0,0,0
621,621,train/ISIC_0025878.jpg,0,0,0
622,622,train/ISIC_0033015.jpg,0,0,0
623,623,train/ISIC_0028773.jpg,1,0,1
624,624,train/ISIC_0032294.jpg,0,0,0
625,625,train/ISIC_0031127.jpg,0,0,0
626,626,train/ISIC_0027084.jpg,1,0,1
627,627,train/ISIC_0027007.jpg,0,0,0
628,628,train/ISIC_0025666.jpg,0,0,0
629,629,train/ISIC_0028111.jpg,0,0,0
630,630,train/ISIC_0025197.jpg,0,0,0
631,631,train/ISIC_0030648.jpg,0,0,0
632,632,train/ISIC_0027113.jpg,0,0,0
633,633,train/ISIC_0034152.jpg,0,0,0
634,634,train/ISIC_0031184.jpg,0,0,0
635,635,train/ISIC_0030181.jpg,0,0,0
636,636,train/ISIC_0031818.jpg,0,0,0
637,637,train/ISIC_0025712.jpg,1,0,1
638,638,train/ISIC_0026752.jpg,0,0,1
639,639,train/ISIC_0031949.jpg,0,0,0
640,640,train/ISIC_0032341.jpg,0,0,0
641,641,train/ISIC_0032083.jpg,0,0,0
642,642,train/ISIC_0030609.jpg,0,0,0
643,643,train/ISIC_0027332.jpg,0,0,1
644,644,train/ISIC_0028129.jpg,0,0,0
645,645,train/ISIC_0029724.jpg,0,0,0
646,646,train/ISIC_0030498.jpg,0,0,1
647,647,train/ISIC_0030196.jpg,0,0,0
648,648,train/ISIC_0029160.jpg,0,0,0
649,649,train/ISIC_0025815.jpg,0,0,0
650,650,train/ISIC_0027024.jpg,0,0,0
651,651,train/ISIC_0024461.jpg,0,0,1
652,652,train/ISIC_0029877.jpg,0,0,1
653,653,train/ISIC_0030213.jpg,0,0,0
654,654,train/ISIC_0027369.jpg,0,0,0
655,655,train/ISIC_0031501.jpg,0,0,0
656,656,train/ISIC_0031401.jpg,1,0,0
657,657,train/ISIC_0033189.jpg,0,0,0
658,658,train/ISIC_0033625.jpg,0,0,0
659,659,train/ISIC_0030478.jpg,0,0,0
660,660,train/ISIC_0031800.jpg,0,0,0
661,661,train/ISIC_0025323.jpg,0,0,0
662,662,train/ISIC_0027628.jpg,0,0,0
663,663,train/ISIC_0034289.jpg,1,0,0
664,664,train/ISIC_0025034.jpg,0,0,0
665,665,train/ISIC_0024972.jpg,1,0,1
666,666,train/ISIC_0027043.jpg,1,0,0
667,667,train/ISIC_0031655.jpg,0,0,0
668,668,train/ISIC_0031989.jpg,0,0,0
669,669,train/ISIC_0032981.jpg,1,0,0
670,670,train/ISIC_0024495.jpg,0,0,0
671,671,train/ISIC_0032607.jpg,0,0,0
672,672,train/ISIC_0027509.jpg,0,0,0
673,673,train/ISIC_0027380.jpg,0,0,1
674,674,train/ISIC_0024808.jpg,0,0,0
675,675,train/ISIC_0028780.jpg,0,0,0
676,676,train/ISIC_0032017.jpg,1,0,1
677,677,train/ISIC_0025120.jpg,0,0,0
678,678,train/ISIC_0031520.jpg,0,0,1
679,679,train/ISIC_0034032.jpg,0,0,0
680,680,train/ISIC_0031626.jpg,0,0,0
681,681,train/ISIC_0027988.jpg,0,0,1
682,682,train/ISIC_0028937.jpg,0,0,1
683,683,train/ISIC_0025669.jpg,0,0,0
684,684,train/ISIC_0032962.jpg,0,0,0
685,685,train/ISIC_0028559.jpg,0,0,1
686,686,train/ISIC_0032319.jpg,0,0,0
687,687,train/ISIC_0026668.jpg,0,0,1
688,688,train/ISIC_0026150.jpg,1,0,0
689,689,train/ISIC_0024773.jpg,0,0,1
690,690,train/ISIC_0027996.jpg,0,0,0
691,691,train/ISIC_0028121.jpg,0,0,1
692,692,train/ISIC_0026744.jpg,0,0,1
693,693,train/ISIC_0030456.jpg,0,0,0
694,694,train/ISIC_0029859.jpg,1,0,1
695,695,train/ISIC_0028597.jpg,0,0,0
696,696,train/ISIC_0032841.jpg,1,0,0
697,697,train/ISIC_0030323.jpg,0,0,0
698,698,train/ISIC_0029782.jpg,0,0,0
699,699,train/ISIC_0027834.jpg,0,0,0
700,700,train/ISIC_0026165.jpg,0,0,0
701,701,train/ISIC_0033780.jpg,0,0,0
702,702,train/ISIC_0030572.jpg,0,0,0
703,703,train/ISIC_0027707.jpg,0,0,0
704,704,train/ISIC_0027946.jpg,0,0,0
705,705,train/ISIC_0033783.jpg,0,0,1
706,706,train/ISIC_0033023.jpg,1,0,1
707,707,train/ISIC_0025928.jpg,0,0,1
708,708,train/ISIC_0030640.jpg,0,0,0
709,709,train/ISIC_0029775.jpg,0,0,0
710,710,train/ISIC_0031565.jpg,1,0,0
711,711,train/ISIC_0033165.jpg,0,0,0
712,712,train/ISIC_0032180.jpg,0,0,0
713,713,train/ISIC_0030007.jpg,0,0,1
714,714,train/ISIC_0026743.jpg,0,0,1
715,715,train/ISIC_0024314.jpg,0,0,1
716,716,train/ISIC_0028709.jpg,1,0,0
717,717,train/ISIC_0024982.jpg,0,0,0
718,718,train/ISIC_0028255.jpg,0,0,0
719,719,train/ISIC_0028693.jpg,0,0,1
720,720,train/ISIC_0026135.jpg,0,0,1
721,721,train/ISIC_0033342.jpg,0,0,0
722,722,train/ISIC_0025601.jpg,0,0,0
723,723,train/ISIC_0029446.jpg,0,0,0
724,724,train/ISIC_0025261.jpg,0,0,0
725,725,train/ISIC_0031266.jpg,0,0,1
726,726,train/ISIC_0030765.jpg,0,0,0
727,727,train/ISIC_0024306.jpg,0,0,0
728,728,train/ISIC_0032631.jpg,0,0,0
729,729,train/ISIC_0025016.jpg,0,0,1
730,730,train/ISIC_0024801.jpg,0,0,0
731,731,train/ISIC_0029375.jpg,0,0,0
732,732,train/ISIC_0026632.jpg,0,0,0
733,733,train/ISIC_0032806.jpg,1,0,1
734,734,train/ISIC_0024643.jpg,0,0,0
735,735,train/ISIC_0032982.jpg,1,0,0
736,736,train/ISIC_0026902.jpg,0,0,1
737,737,train/ISIC_0028495.jpg,0,0,0
738,738,train/ISIC_0026649.jpg,0,0,0
739,739,train/ISIC_0025162.jpg,0,0,0
740,740,train/ISIC_0029008.jpg,0,0,0
741,741,train/ISIC_0030927.jpg,0,0,0
742,742,train/ISIC_0029595.jpg,0,0,0
743,743,train/ISIC_0034253.jpg,1,0,0
744,744,train/ISIC_0033661.jpg,0,0,0
745,745,train/ISIC_0028651.jpg,0,0,0
746,746,train/ISIC_0030817.jpg,0,0,0
747,747,train/ISIC_0031977.jpg,1,0,1
748,748,train/ISIC_0030035.jpg,0,0,0
749,749,train/ISIC_0030993.jpg,0,0,0
750,750,train/ISIC_0029691.jpg,0,0,0
751,751,train/ISIC_0028759.jpg,0,0,0
752,752,train/ISIC_0027486.jpg,0,0,0
753,753,train/ISIC_0030739.jpg,0,0,0
754,754,train/ISIC_0024821.jpg,0,0,1
755,755,train/ISIC_0027619.jpg,0,0,0
756,756,train/ISIC_0027545.jpg,0,0,1
757,757,train/ISIC_0029186.jpg,0,0,0
758,758,train/ISIC_0029783.jpg,0,0,0
759,759,train/ISIC_0029843.jpg,1,0,1
760,760,train/ISIC_0030028.jpg,0,0,0
761,761,train/ISIC_0032857.jpg,0,0,1
762,762,train/ISIC_0025894.jpg,0,0,0
763,763,train/ISIC_0025699.jpg,0,0,1
764,764,train/ISIC_0026655.jpg,0,0,0
765,765,train/ISIC_0024507.jpg,0,0,0
766,766,train/ISIC_0026637.jpg,0,0,0
767,767,train/ISIC_0025916.jpg,0,0,0
768,768,train/ISIC_0032047.jpg,0,0,0
769,769,train/ISIC_0033481.jpg,0,0,0
770,770,train/ISIC_0030597.jpg,0,0,0
771,771,train/ISIC_0026399.jpg,0,0,0
772,772,train/ISIC_0027706.jpg,0,0,0
773,773,train/ISIC_0026219.jpg,0,0,0
774,774,train/ISIC_0032328.jpg,0,0,0
775,775,train/ISIC_0031229.jpg,0,0,0
776,776,train/ISIC_0024912.jpg,0,0,0
777,777,train/ISIC_0026248.jpg,0,0,1
778,778,train/ISIC_0025905.jpg,0,0,0
779,779,train/ISIC_0029354.jpg,0,0,0
780,780,train/ISIC_0029366.jpg,0,0,0
781,781,train/ISIC_0030094.jpg,0,0,1
782,782,train/ISIC_0029273.jpg,0,0,0
783,783,train/ISIC_0025869.jpg,0,0,0
784,784,train/ISIC_0026091.jpg,0,0,1
785,785,train/ISIC_0032739.jpg,0,0,1
786,786,train/ISIC_0026818.jpg,0,0,0
787,787,train/ISIC_0031151.jpg,0,0,0
788,788,train/ISIC_0030770.jpg,0,0,1
789,789,train/ISIC_0032453.jpg,0,0,1
790,790,train/ISIC_0028326.jpg,1,0,0
791,791,train/ISIC_0029235.jpg,0,0,1
792,792,train/ISIC_0029750.jpg,0,0,0
793,793,train/ISIC_0026895.jpg,0,0,0
794,794,train/ISIC_0025963.jpg,1,0,0
795,795,train/ISIC_0031341.jpg,0,0,0
796,796,train/ISIC_0030591.jpg,1,0,1
797,797,train/ISIC_0029543.jpg,0,0,1
798,798,train/ISIC_0027051.jpg,0,0,1
799,799,train/ISIC_0028085.jpg,0,0,0
800,800,train/ISIC_0026874.jpg,0,0,1
801,801,train/ISIC_0027906.jpg,0,0,1
802,802,train/ISIC_0032973.jpg,0,0,0
803,803,train/ISIC_0029092.jpg,1,0,1
804,804,train/ISIC_0029618.jpg,0,0,0
805,805,train/ISIC_0031425.jpg,0,0,0
806,806,train/ISIC_0029798.jpg,0,0,0
807,807,train/ISIC_0025530.jpg,0,0,1
808,808,train/ISIC_0030684.jpg,0,0,0
809,809,train/ISIC_0030795.jpg,1,0,0
810,810,train/ISIC_0024531.jpg,0,0,1
811,811,train/ISIC_0034273.jpg,0,0,1
812,812,train/ISIC_0029659.jpg,1,0,1
813,813,train/ISIC_0032423.jpg,0,0,1
814,814,train/ISIC_0026848.jpg,1,0,0
815,815,train/ISIC_0028910.jpg,0,0,0
816,816,train/ISIC_0029824.jpg,0,0,0
817,817,train/ISIC_0024979.jpg,0,0,0
818,818,train/ISIC_0034221.jpg,0,0,0
819,819,train/ISIC_0025686.jpg,0,0,1
820,820,train/ISIC_0025223.jpg,0,0,0
821,821,train/ISIC_0026975.jpg,0,0,0
822,822,train/ISIC_0031936.jpg,0,0,0
823,823,train/ISIC_0032000.jpg,0,0,0
824,824,train/ISIC_0030518.jpg,0,0,1
825,825,train/ISIC_0030415.jpg,0,0,0
826,826,train/ISIC_0025263.jpg,0,0,0
827,827,train/ISIC_0029753.jpg,0,0,0
828,828,train/ISIC_0033895.jpg,0,0,0
829,829,train/ISIC_0030214.jpg,0,0,0
830,830,train/ISIC_0029593.jpg,0,0,0
831,831,train/ISIC_0032731.jpg,0,0,1
832,832,train/ISIC_0031931.jpg,1,0,1
833,833,train/ISIC_0034044.jpg,0,0,0
834,834,train/ISIC_0027635.jpg,0,0,0
835,835,train/ISIC_0027034.jpg,0,0,0
836,836,train/ISIC_0024485.jpg,0,0,0
837,837,train/ISIC_0031131.jpg,0,0,1
838,838,train/ISIC_0028835.jpg,0,0,0
839,839,train/ISIC_0029642.jpg,1,0,0
840,840,train/ISIC_0030935.jpg,0,0,1
841,841,train/ISIC_0032032.jpg,0,0,0
842,842,train/ISIC_0034050.jpg,1,0,0
843,843,train/ISIC_0028803.jpg,0,0,0
844,844,train/ISIC_0025528.jpg,0,0,0
845,845,train/ISIC_0031979.jpg,0,0,0
846,846,train/ISIC_0029124.jpg,0,0,0
847,847,train/ISIC_0025341.jpg,0,0,0
848,848,train/ISIC_0028622.jpg,0,0,0
849,849,train/ISIC_0032971.jpg,0,0,0
850,850,train/ISIC_0026599.jpg,0,0,1
851,851,train/ISIC_0033719.jpg,0,0,0
852,852,train/ISIC_0031798.jpg,0,0,0
853,853,train/ISIC_0031372.jpg,0,0,0
854,854,train/ISIC_0028443.jpg,0,0,0
855,855,train/ISIC_0024707.jpg,1,0,0
856,856,train/ISIC_0024619.jpg,0,0,0
857,857,train/ISIC_0032279.jpg,0,0,1
858,858,train/ISIC_0033082.jpg,0,0,0
859,859,train/ISIC_0025347.jpg,0,0,0
860,860,train/ISIC_0026852.jpg,0,0,0
861,861,train/ISIC_0025118.jpg,0,0,0
862,862,train/ISIC_0034101.jpg,1,0,1
863,863,train/ISIC_0032481.jpg,0,0,1
864,864,train/ISIC_0033480.jpg,0,0,1
865,865,train/ISIC_0031104.jpg,0,0,0
866,866,train/ISIC_0027971.jpg,0,0,0
867,867,train/ISIC_0029061.jpg,0,0,1
868,868,train/ISIC_0031682.jpg,0,0,0
869,869,train/ISIC_0032773.jpg,0,0,1
870,870,train/ISIC_0025542.jpg,0,0,0
871,871,train/ISIC_0029957.jpg,0,0,1
872,872,train/ISIC_0029744.jpg,1,0,0
873,873,train/ISIC_0025069.jpg,1,0,1
874,874,train/ISIC_0027015.jpg,0,0,0
875,875,train/ISIC_0032667.jpg,0,0,0
876,876,train/ISIC_0025049.jpg,0,0,1
877,877,train/ISIC_0029813.jpg,0,0,0
878,878,train/ISIC_0029925.jpg,0,0,0
879,879,train/ISIC_0033496.jpg,1,0,0
880,880,train/ISIC_0032951.jpg,0,0,0
881,881,train/ISIC_0026958.jpg,0,0,0
882,882,train/ISIC_0025982.jpg,0,0,0
883,883,train/ISIC_0031220.jpg,0,0,0
884,884,train/ISIC_0027720.jpg,0,0,0
885,885,train/ISIC_0031495.jpg,0,0,0
886,886,train/ISIC_0029106.jpg,0,0,0
887,887,train/ISIC_0034069.jpg,0,0,0
888,888,train/ISIC_0034097.jpg,0,0,1
889,889,train/ISIC_0031250.jpg,0,0,0
890,890,train/ISIC_0033999.jpg,1,0,1
891,891,train/ISIC_0025307.jpg,0,0,0
892,892,train/ISIC_0028300.jpg,0,0,0
893,893,train/ISIC_0034140.jpg,1,0,1
894,894,train/ISIC_0025711.jpg,0,0,1
895,895,train/ISIC_0026862.jpg,0,0,0
896,896,train/ISIC_0032505.jpg,0,0,0
897,897,train/ISIC_0025960.jpg,0,0,1
898,898,train/ISIC_0027803.jpg,0,0,1
899,899,train/ISIC_0034305.jpg,0,0,1
900,900,train/ISIC_0033728.jpg,1,0,1
901,901,train/ISIC_0032044.jpg,1,0,1
902,902,train/ISIC_0026601.jpg,0,0,0
903,903,train/ISIC_0030621.jpg,0,0,0
904,904,train/ISIC_0024874.jpg,0,0,0
905,905,train/ISIC_0031158.jpg,0,0,0
906,906,train/ISIC_0032920.jpg,0,0,0
907,907,train/ISIC_0027208.jpg,0,0,0
908,908,train/ISIC_0028930.jpg,1,0,0
909,909,train/ISIC_0027415.jpg,0,0,0
910,910,train/ISIC_0029430.jpg,0,0,0
911,911,train/ISIC_0032493.jpg,0,0,0
912,912,train/ISIC_0033031.jpg,0,0,0
913,913,train/ISIC_0033475.jpg,0,0,0
914,914,train/ISIC_0025639.jpg,0,0,0
915,915,train/ISIC_0031792.jpg,0,0,0
916,916,train/ISIC_0026037.jpg,0,0,0
917,917,train/ISIC_0027521.jpg,0,0,0
918,918,train/ISIC_0028562.jpg,0,0,1
919,919,train/ISIC_0027699.jpg,0,0,1
920,920,train/ISIC_0030925.jpg,1,0,0
921,921,train/ISIC_0028618.jpg,0,0,1
922,922,train/ISIC_0026162.jpg,0,0,0
923,923,train/ISIC_0032169.jpg,0,0,0
924,924,train/ISIC_0029657.jpg,0,0,0
925,925,train/ISIC_0027484.jpg,0,0,1
926,926,train/ISIC_0027507.jpg,1,0,0
927,927,train/ISIC_0031061.jpg,0,0,0
928,928,train/ISIC_0031477.jpg,0,0,0
929,929,train/ISIC_0027727.jpg,0,0,0
930,930,train/ISIC_0030149.jpg,0,0,0
931,931,train/ISIC_0029673.jpg,0,0,0
932,932,train/ISIC_0027093.jpg,0,0,1
933,933,train/ISIC_0031542.jpg,0,0,0
934,934,train/ISIC_0025109.jpg,0,0,1
935,935,train/ISIC_0031816.jpg,0,0,0
936,936,train/ISIC_0031883.jpg,0,0,0
937,937,train/ISIC_0031366.jpg,0,0,0
938,938,train/ISIC_0027005.jpg,0,0,0
939,939,train/ISIC_0025935.jpg,0,0,0
940,940,train/ISIC_0031753.jpg,0,0,1
941,941,train/ISIC_0028879.jpg,0,0,0
942,942,train/ISIC_0028700.jpg,0,0,1
943,943,train/ISIC_0033134.jpg,0,0,0
944,944,train/ISIC_0034223.jpg,0,0,1
945,945,train/ISIC_0031121.jpg,0,0,0
946,946,train/ISIC_0026328.jpg,0,0,0
947,947,train/ISIC_0024539.jpg,1,0,1
948,948,train/ISIC_0026630.jpg,0,0,0
949,949,train/ISIC_0029701.jpg,0,0,0
950,950,train/ISIC_0027524.jpg,0,0,0
951,951,train/ISIC_0033868.jpg,0,0,1
952,952,train/ISIC_0027010.jpg,0,0,1
953,953,train/ISIC_0032811.jpg,0,0,0
954,954,train/ISIC_0027627.jpg,0,0,0
955,955,train/ISIC_0031339.jpg,1,0,0
956,956,train/ISIC_0026420.jpg,1,0,1
957,957,train/ISIC_0028189.jpg,0,0,0
958,958,train/ISIC_0026385.jpg,0,0,0
959,959,train/ISIC_0028384.jpg,0,0,0
960,960,train/ISIC_0030845.jpg,0,0,0
961,961,train/ISIC_0029440.jpg,0,0,0
962,962,train/ISIC_0029341.jpg,0,0,1
963,963,train/ISIC_0029888.jpg,0,0,1
964,964,train/ISIC_0024444.jpg,0,0,0
965,965,train/ISIC_0031228.jpg,1,0,1
966,966,train/ISIC_0025451.jpg,1,0,0
967,967,train/ISIC_0029980.jpg,0,0,0
968,968,train/ISIC_0030386.jpg,0,0,0
969,969,train/ISIC_0029239.jpg,0,0,0
970,970,train/ISIC_0031475.jpg,0,0,0
971,971,train/ISIC_0027543.jpg,0,0,0
972,972,train/ISIC_0026928.jpg,0,0,0
973,973,train/ISIC_0030430.jpg,0,0,0
974,974,train/ISIC_0029848.jpg,0,0,0
975,975,train/ISIC_0033306.jpg,0,0,1
976,976,train/ISIC_0032837.jpg,0,0,0
977,977,train/ISIC_0025777.jpg,0,0,1
978,978,train/ISIC_0029258.jpg,0,0,0
979,979,train/ISIC_0031388.jpg,0,0,0
980,980,train/ISIC_0031019.jpg,0,0,1
981,981,train/ISIC_0030491.jpg,1,0,1
982,982,train/ISIC_0025215.jpg,0,0,0
983,983,train/ISIC_0031058.jpg,0,0,0
984,984,train/ISIC_0026782.jpg,0,0,0
985,985,train/ISIC_0026687.jpg,0,0,0
986,986,train/ISIC_0030454.jpg,0,0,0
987,987,train/ISIC_0031183.jpg,0,0,0
988,988,train/ISIC_0028117.jpg,0,0,0
989,989,train/ISIC_0028874.jpg,0,0,0
990,990,train/ISIC_0031592.jpg,0,0,0
991,991,train/ISIC_0024797.jpg,0,0,0
992,992,train/ISIC_0034070.jpg,0,0,0
993,993,train/ISIC_0034203.jpg,0,0,0
994,994,train/ISIC_0031248.jpg,0,0,0
995,995,train/ISIC_0031701.jpg,0,0,1
996,996,train/ISIC_0030708.jpg,0,0,0
997,997,train/ISIC_0034043.jpg,0,0,1
998,998,train/ISIC_0027695.jpg,0,0,0
999,999,train/ISIC_0033158.jpg,0,0,0
1000,1000,train/ISIC_0026474.jpg,0,0,0
1001,1001,train/ISIC_0031123.jpg,0,0,0
1002,1002,train/ISIC_0025585.jpg,0,0,0
1003,1003,train/ISIC_0027411.jpg,0,0,0
1004,1004,train/ISIC_0028358.jpg,0,0,0
1005,1005,train/ISIC_0031187.jpg,0,0,0
1006,1006,train/ISIC_0033812.jpg,1,0,1
1007,1007,train/ISIC_0027262.jpg,0,0,0
1008,1008,train/ISIC_0026313.jpg,0,0,0
1009,1009,train/ISIC_0025635.jpg,0,0,0
1010,1010,train/ISIC_0033746.jpg,0,0,0
1011,1011,train/ISIC_0027324.jpg,0,0,0
1012,1012,train/ISIC_0031263.jpg,0,0,1
1013,1013,train/ISIC_0032059.jpg,0,0,0
1014,1014,train/ISIC_0033621.jpg,0,0,0
1015,1015,train/ISIC_0027240.jpg,0,0,1
1016,1016,train/ISIC_0027697.jpg,0,0,0
1017,1017,train/ISIC_0033554.jpg,0,0,0
1018,1018,train/ISIC_0030276.jpg,0,0,0
1019,1019,train/ISIC_0029922.jpg,0,0,0
1020,1020,train/ISIC_0028270.jpg,0,0,0
1021,1021,train/ISIC_0028992.jpg,0,0,0
1022,1022,train/ISIC_0033590.jpg,0,0,0
1023,1023,train/ISIC_0025652.jpg,0,0,0
1024,1024,train/ISIC_0033804.jpg,1,0,0
1025,1025,train/ISIC_0031312.jpg,0,0,0
1026,1026,train/ISIC_0029790.jpg,0,0,0
1027,1027,train/ISIC_0031070.jpg,0,0,0
1028,1028,train/ISIC_0031647.jpg,0,0,0
1029,1029,train/ISIC_0027453.jpg,0,0,1
1030,1030,train/ISIC_0025489.jpg,1,0,0
1031,1031,train/ISIC_0030167.jpg,0,0,1
1032,1032,train/ISIC_0026906.jpg,0,0,0
1033,1033,train/ISIC_0029158.jpg,0,0,0
1034,1034,train/ISIC_0032573.jpg,0,0,0
1035,1035,train/ISIC_0030552.jpg,1,0,1
1036,1036,train/ISIC_0028211.jpg,1,0,1
1037,1037,train/ISIC_0025976.jpg,0,0,0
1038,1038,train/ISIC_0029513.jpg,1,0,1
1039,1039,train/ISIC_0031157.jpg,0,0,0
1040,1040,train/ISIC_0032305.jpg,0,0,1
1041,1041,train/ISIC_0024993.jpg,0,0,0
1042,1042,train/ISIC_0030815.jpg,0,0,0
1043,1043,train/ISIC_0024684.jpg,0,0,0
1044,1044,train/ISIC_0033192.jpg,1,0,0
1045,1045,train/ISIC_0024948.jpg,1,0,0
1046,1046,train/ISIC_0030532.jpg,0,0,0
1047,1047,train/ISIC_0033650.jpg,0,0,0
1048,1048,train/ISIC_0029003.jpg,0,0,1
1049,1049,train/ISIC_0027071.jpg,1,0,0
1050,1050,train/ISIC_0024630.jpg,1,0,1
1051,1051,train/ISIC_0033069.jpg,0,0,0
1052,1052,train/ISIC_0025099.jpg,0,0,0
1053,1053,train/ISIC_0025155.jpg,1,0,1
1054,1054,train/ISIC_0033985.jpg,1,0,1
1055,1055,train/ISIC_0026448.jpg,0,0,0
1056,1056,train/ISIC_0030225.jpg,0,0,1
1057,1057,train/ISIC_0029364.jpg,0,0,1
1058,1058,train/ISIC_0029054.jpg,0,0,0
1059,1059,train/ISIC_0026042.jpg,0,0,1
1060,1060,train/ISIC_0029228.jpg,0,0,0
1061,1061,train/ISIC_0033776.jpg,0,0,0
1062,1062,train/ISIC_0030068.jpg,0,0,0
1063,1063,train/ISIC_0031012.jpg,1,0,1
1064,1064,train/ISIC_0029576.jpg,0,0,1
1065,1065,train/ISIC_0025846.jpg,0,0,1
1066,1066,train/ISIC_0028449.jpg,0,0,1
1067,1067,train/ISIC_0027721.jpg,1,0,1
1068,1068,train/ISIC_0032878.jpg,0,0,0
1069,1069,train/ISIC_0032706.jpg,0,0,1
1070,1070,train/ISIC_0030870.jpg,0,0,0
1071,1071,train/ISIC_0033884.jpg,0,0,1
1072,1072,train/ISIC_0030619.jpg,0,0,0
1073,1073,train/ISIC_0032986.jpg,0,0,0
1074,1074,train/ISIC_0033017.jpg,1,0,1
1075,1075,train/ISIC_0026940.jpg,0,0,1
1076,1076,train/ISIC_0032557.jpg,0,0,0
1077,1077,train/ISIC_0027733.jpg,0,0,0
1078,1078,train/ISIC_0033228.jpg,0,0,0
1079,1079,train/ISIC_0026299.jpg,0,0,0
1080,1080,train/ISIC_0024329.jpg,1,0,1
1081,1081,train/ISIC_0032853.jpg,0,0,0
1082,1082,train/ISIC_0032476.jpg,1,0,0
1083,1083,train/ISIC_0026552.jpg,0,0,0
1084,1084,train/ISIC_0029545.jpg,0,0,0
1085,1085,train/ISIC_0024667.jpg,0,0,0
1086,1086,train/ISIC_0033124.jpg,0,0,1
1087,1087,train/ISIC_0033688.jpg,0,0,0
1088,1088,train/ISIC_0032024.jpg,0,0,1
1089,1089,train/ISIC_0025584.jpg,0,0,1
1090,1090,train/ISIC_0027112.jpg,0,0,0
1091,1091,train/ISIC_0029551.jpg,0,0,0
1092,1092,train/ISIC_0028638.jpg,0,0,0
1093,1093,train/ISIC_0034047.jpg,0,0,1
1094,1094,train/ISIC_0029552.jpg,0,0,1
1095,1095,train/ISIC_0031856.jpg,0,0,0
1096,1096,train/ISIC_0033412.jpg,0,0,0
1097,1097,train/ISIC_0030634.jpg,0,0,0
1098,1098,train/ISIC_0029896.jpg,0,0,0
1099,1099,train/ISIC_0027277.jpg,1,0,0
1100,1100,train/ISIC_0031929.jpg,1,0,1
1101,1101,train/ISIC_0031712.jpg,0,0,1
1102,1102,train/ISIC_0029043.jpg,1,0,1
1103,1103,train/ISIC_0025630.jpg,0,0,0
1104,1104,train/ISIC_0025464.jpg,0,0,0
1105,1105,train/ISIC_0028685.jpg,1,0,0
1106,1106,train/ISIC_0028909.jpg,0,0,0
1107,1107,train/ISIC_0026282.jpg,0,0,0
1108,1108,train/ISIC_0029378.jpg,0,0,0
1109,1109,train/ISIC_0031299.jpg,0,0,0
1110,1110,train/ISIC_0026477.jpg,0,0,0
1111,1111,train/ISIC_0032478.jpg,0,0,0
1112,1112,train/ISIC_0031587.jpg,0,0,0
1113,1113,train/ISIC_0030110.jpg,1,0,0
1114,1114,train/ISIC_0028612.jpg,0,0,1
1115,1115,train/ISIC_0025455.jpg,0,0,0
1116,1116,train/ISIC_0026849.jpg,0,0,1
1117,1117,train/ISIC_0030900.jpg,0,0,1
1118,1118,train/ISIC_0031278.jpg,0,0,1
1119,1119,train/ISIC_0031046.jpg,0,0,0
1120,1120,train/ISIC_0024769.jpg,0,0,0
1121,1121,train/ISIC_0026438.jpg,1,0,0
1122,1122,train/ISIC_0026173.jpg,0,0,0
1123,1123,train/ISIC_0026329.jpg,0,0,0
1124,1124,train/ISIC_0026362.jpg,1,0,0
1125,1125,train/ISIC_0024554.jpg,1,0,1
1126,1126,train/ISIC_0034196.jpg,0,0,1
1127,1127,train/ISIC_0025929.jpg,0,0,0
1128,1128,train/ISIC_0026140.jpg,0,0,0
1129,1129,train/ISIC_0030981.jpg,0,0,0
1130,1130,train/ISIC_0028977.jpg,0,0,0
1131,1131,train/ISIC_0033087.jpg,0,0,0
1132,1132,train/ISIC_0028490.jpg,0,0,1
1133,1133,train/ISIC_0028004.jpg,0,0,0
1134,1134,train/ISIC_0029486.jpg,0,0,0
1135,1135,train/ISIC_0034311.jpg,0,0,0
1136,1136,train/ISIC_0028673.jpg,0,0,0
1137,1137,train/ISIC_0030602.jpg,1,0,0
1138,1138,train/ISIC_0024831.jpg,0,0,0
1139,1139,train/ISIC_0028669.jpg,0,0,0
1140,1140,train/ISIC_0027757.jpg,0,0,0
1141,1141,train/ISIC_0027118.jpg,0,0,0
1142,1142,train/ISIC_0026798.jpg,0,0,0
1143,1143,train/ISIC_0032333.jpg,0,0,0
1144,1144,train/ISIC_0034021.jpg,0,0,0
1145,1145,train/ISIC_0031354.jpg,0,0,0
1146,1146,train/ISIC_0029641.jpg,0,0,0
1147,1147,train/ISIC_0026458.jpg,1,0,1
1148,1148,train/ISIC_0034055.jpg,0,0,0
1149,1149,train/ISIC_0031065.jpg,0,0,0
1150,1150,train/ISIC_0031096.jpg,0,0,0
1151,1151,train/ISIC_0029109.jpg,0,0,0
1152,1152,train/ISIC_0025368.jpg,1,0,0
1153,1153,train/ISIC_0030021.jpg,0,0,0
1154,1154,train/ISIC_0034090.jpg,0,0,1
1155,1155,train/ISIC_0029521.jpg,0,0,0
1156,1156,train/ISIC_0028832.jpg,0,0,0
1157,1157,train/ISIC_0033219.jpg,0,0,0
1158,1158,train/ISIC_0028745.jpg,0,0,0
1159,1159,train/ISIC_0032138.jpg,0,0,0
1160,1160,train/ISIC_0032173.jpg,1,0,1
1161,1161,train/ISIC_0024474.jpg,0,0,1
1162,1162,train/ISIC_0033890.jpg,0,0,0
1163,1163,train/ISIC_0032118.jpg,0,0,0
1164,1164,train/ISIC_0025904.jpg,1,0,1
1165,1165,train/ISIC_0027298.jpg,0,0,1
1166,1166,train/ISIC_0026969.jpg,0,0,0
1167,1167,train/ISIC_0033698.jpg,0,0,0
1168,1168,train/ISIC_0034026.jpg,0,0,1
1169,1169,train/ISIC_0027166.jpg,0,0,0
1170,1170,train/ISIC_0027105.jpg,1,0,0
1171,1171,train/ISIC_0029277.jpg,0,0,0
1172,1172,train/ISIC_0033850.jpg,0,0,1
1173,1173,train/ISIC_0030879.jpg,0,0,1
1174,1174,train/ISIC_0030318.jpg,0,0,1
1175,1175,train/ISIC_0033592.jpg,0,0,0
1176,1176,train/ISIC_0028299.jpg,0,0,0
1177,1177,train/ISIC_0028582.jpg,1,0,0
1178,1178,train/ISIC_0031454.jpg,0,0,1
1179,1179,train/ISIC_0033264.jpg,0,0,1
1180,1180,train/ISIC_0030606.jpg,0,0,0
1181,1181,train/ISIC_0030509.jpg,0,0,1
1182,1182,train/ISIC_0027693.jpg,1,0,0
1183,1183,train/ISIC_0027712.jpg,0,0,0
1184,1184,train/ISIC_0031521.jpg,0,0,0
1185,1185,train/ISIC_0033687.jpg,1,0,0
1186,1186,train/ISIC_0033788.jpg,0,0,0
1187,1187,train/ISIC_0027747.jpg,0,0,0
1188,1188,train/ISIC_0032193.jpg,0,0,0
1189,1189,train/ISIC_0029563.jpg,1,0,1
1190,1190,train/ISIC_0032692.jpg,0,0,0
1191,1191,train/ISIC_0034018.jpg,0,0,0
1192,1192,train/ISIC_0027742.jpg,1,0,0
1193,1193,train/ISIC_0027975.jpg,0,0,0
1194,1194,train/ISIC_0025721.jpg,0,0,0
1195,1195,train/ISIC_0025783.jpg,1,0,1
1196,1196,train/ISIC_0028198.jpg,1,0,0
1197,1197,train/ISIC_0027154.jpg,0,0,1
1198,1198,train/ISIC_0027920.jpg,0,0,1
1199,1199,train/ISIC_0032979.jpg,0,0,0
1200,1200,train/ISIC_0026960.jpg,0,0,0
1201,1201,train/ISIC_0024788.jpg,0,0,0
1202,1202,train/ISIC_0025171.jpg,0,0,0
1203,1203,train/ISIC_0032155.jpg,0,0,0
1204,1204,train/ISIC_0031925.jpg,0,0,1
1205,1205,train/ISIC_0025262.jpg,0,0,1
1206,1206,train/ISIC_0031745.jpg,1,0,0
1207,1207,train/ISIC_0033341.jpg,0,0,0
1208,1208,train/ISIC_0024381.jpg,0,0,1
1209,1209,train/ISIC_0028576.jpg,0,0,0
1210,1210,train/ISIC_0028742.jpg,0,0,0
1211,1211,train/ISIC_0028399.jpg,0,0,1
1212,1212,train/ISIC_0024465.jpg,0,0,0
1213,1213,train/ISIC_0029470.jpg,0,0,0
1214,1214,train/ISIC_0026651.jpg,0,0,0
1215,1215,train/ISIC_0026797.jpg,0,0,0
1216,1216,train/ISIC_0029829.jpg,0,0,0
1217,1217,train/ISIC_0032021.jpg,0,0,0
1218,1218,train/ISIC_0029725.jpg,0,0,0
1219,1219,train/ISIC_0029198.jpg,0,0,1
1220,1220,train/ISIC_0027553.jpg,0,0,1
1221,1221,train/ISIC_0026465.jpg,0,0,0
1222,1222,train/ISIC_0028833.jpg,0,0,0
1223,1223,train/ISIC_0027355.jpg,0,0,1
1224,1224,train/ISIC_0027083.jpg,0,0,1
1225,1225,train/ISIC_0024779.jpg,0,0,0
1226,1226,train/ISIC_0029421.jpg,0,0,0
1227,1227,train/ISIC_0029515.jpg,0,0,1
1228,1228,train/ISIC_0030638.jpg,0,0,1
1229,1229,train/ISIC_0030588.jpg,0,0,0
1230,1230,train/ISIC_0032884.jpg,0,0,1
1231,1231,train/ISIC_0024477.jpg,0,0,0
1232,1232,train/ISIC_0031809.jpg,0,0,0
1233,1233,train/ISIC_0029671.jpg,0,0,0
1234,1234,train/ISIC_0025729.jpg,0,0,0
1235,1235,train/ISIC_0031864.jpg,0,0,0
1236,1236,train/ISIC_0029306.jpg,0,0,0
1237,1237,train/ISIC_0030031.jpg,1,0,0
1238,1238,train/ISIC_0033861.jpg,0,0,0
1239,1239,train/ISIC_0032891.jpg,0,0,0
1240,1240,train/ISIC_0026977.jpg,0,0,0
1241,1241,train/ISIC_0028274.jpg,0,0,0
1242,1242,train/ISIC_0031913.jpg,0,0,1
1243,1243,train/ISIC_0028826.jpg,0,0,1
1244,1244,train/ISIC_0031922.jpg,1,0,0
1245,1245,train/ISIC_0029672.jpg,0,0,0
1246,1246,train/ISIC_0033293.jpg,0,0,0
1247,1247,train/ISIC_0029942.jpg,0,0,0
1248,1248,train/ISIC_0033547.jpg,0,0,0
1249,1249,train/ISIC_0032121.jpg,0,0,0
1250,1250,train/ISIC_0032518.jpg,0,0,0
1251,1251,train/ISIC_0033786.jpg,0,0,0
1252,1252,train/ISIC_0026933.jpg,0,0,0
1253,1253,train/ISIC_0031797.jpg,0,0,0
1254,1254,train/ISIC_0029262.jpg,0,0,0
1255,1255,train/ISIC_0034212.jpg,0,0,0
1256,1256,train/ISIC_0032464.jpg,0,0,0
1257,1257,train/ISIC_0034313.jpg,1,0,0
1258,1258,train/ISIC_0028350.jpg,0,0,1
1259,1259,train/ISIC_0031802.jpg,0,0,0
1260,1260,train/ISIC_0032425.jpg,1,0,1
1261,1261,train/ISIC_0030677.jpg,0,0,1
1262,1262,train/ISIC_0032411.jpg,0,0,0
1263,1263,train/ISIC_0033301.jpg,0,0,1
1264,1264,train/ISIC_0032516.jpg,0,0,0
1265,1265,train/ISIC_0024792.jpg,1,0,0
1266,1266,train/ISIC_0031386.jpg,1,0,1
1267,1267,train/ISIC_0028691.jpg,0,0,0
1268,1268,train/ISIC_0024816.jpg,0,0,1
1269,1269,train/ISIC_0025406.jpg,0,0,0
1270,1270,train/ISIC_0025862.jpg,0,0,0
1271,1271,train/ISIC_0027446.jpg,0,0,0
1272,1272,train/ISIC_0025859.jpg,0,0,0
1273,1273,train/ISIC_0024688.jpg,1,0,0
1274,1274,train/ISIC_0027417.jpg,0,0,0
1275,1275,train/ISIC_0026521.jpg,0,0,0
1276,1276,train/ISIC_0026054.jpg,0,0,0
1277,1277,train/ISIC_0026369.jpg,1,0,0
1278,1278,train/ISIC_0032315.jpg,0,0,0
1279,1279,train/ISIC_0029072.jpg,0,0,0
1280,1280,train/ISIC_0032717.jpg,0,0,0
1281,1281,train/ISIC_0028519.jpg,1,0,1
1282,1282,train/ISIC_0027092.jpg,0,0,0
1283,1283,train/ISIC_0031669.jpg,0,0,1
1284,1284,train/ISIC_0028387.jpg,0,0,0
1285,1285,train/ISIC_0032799.jpg,0,0,1
1286,1286,train/ISIC_0026390.jpg,0,0,0
1287,1287,train/ISIC_0031748.jpg,0,0,0
1288,1288,train/ISIC_0025482.jpg,0,0,0
1289,1289,train/ISIC_0029837.jpg,0,0,0
1290,1290,train/ISIC_0031547.jpg,0,0,0
1291,1291,train/ISIC_0027391.jpg,0,0,0
1292,1292,train/ISIC_0033144.jpg,0,0,1
1293,1293,train/ISIC_0028718.jpg,1,0,0
1294,1294,train/ISIC_0030126.jpg,0,0,0
1295,1295,train/ISIC_0025755.jpg,1,0,0
1296,1296,train/ISIC_0025781.jpg,0,0,1
1297,1297,train/ISIC_0026401.jpg,0,0,0
1298,1298,train/ISIC_0029313.jpg,0,0,0
1299,1299,train/ISIC_0024325.jpg,0,0,0
1300,1300,train/ISIC_0030314.jpg,0,0,0
1301,1301,train/ISIC_0024765.jpg,0,0,0
1302,1302,train/ISIC_0025201.jpg,0,0,0
1303,1303,train/ISIC_0024442.jpg,0,0,0
1304,1304,train/ISIC_0027108.jpg,0,0,0
1305,1305,train/ISIC_0026731.jpg,0,0,0
1306,1306,train/ISIC_0033377.jpg,1,0,0
1307,1307,train/ISIC_0033516.jpg,0,0,0
1308,1308,train/ISIC_0032638.jpg,1,0,0
1309,1309,train/ISIC_0031015.jpg,0,0,0
1310,1310,train/ISIC_0024564.jpg,0,0,1
1311,1311,train/ISIC_0033717.jpg,1,0,0
1312,1312,train/ISIC_0028033.jpg,1,0,0
1313,1313,train/ISIC_0025412.jpg,0,0,0
1314,1314,train/ISIC_0026951.jpg,0,0,0
1315,1315,train/ISIC_0032208.jpg,0,0,0
1316,1316,train/ISIC_0033114.jpg,1,0,0
1317,1317,train/ISIC_0026286.jpg,0,0,0
1318,1318,train/ISIC_0029134.jpg,0,0,0
1319,1319,train/ISIC_0024745.jpg,0,0,0
1320,1320,train/ISIC_0032120.jpg,0,0,0
1321,1321,train/ISIC_0028640.jpg,0,0,1
1322,1322,train/ISIC_0030663.jpg,0,0,0
1323,1323,train/ISIC_0029525.jpg,0,0,1
1324,1324,train/ISIC_0032286.jpg,0,0,0
1325,1325,train/ISIC_0029223.jpg,0,0,0
1326,1326,train/ISIC_0025896.jpg,0,0,0
1327,1327,train/ISIC_0026606.jpg,0,0,1
1328,1328,train/ISIC_0033630.jpg,1,0,1
1329,1329,train/ISIC_0032777.jpg,0,0,1
1330,1330,train/ISIC_0024819.jpg,0,0,1
1331,1331,train/ISIC_0028436.jpg,0,0,0
1332,1332,train/ISIC_0027477.jpg,0,0,0
1333,1333,train/ISIC_0027377.jpg,0,0,0
1334,1334,train/ISIC_0033593.jpg,1,0,1
1335,1335,train/ISIC_0030222.jpg,0,0,0
1336,1336,train/ISIC_0030603.jpg,0,0,1
1337,1337,train/ISIC_0032939.jpg,0,0,0
1338,1338,train/ISIC_0029625.jpg,0,0,1
1339,1339,train/ISIC_0029491.jpg,0,0,0
1340,1340,train/ISIC_0025065.jpg,0,0,0
1341,1341,train/ISIC_0028405.jpg,0,0,0
1342,1342,train/ISIC_0026025.jpg,0,0,0
1343,1343,train/ISIC_0025985.jpg,0,0,1
1344,1344,train/ISIC_0026808.jpg,0,0,0
1345,1345,train/ISIC_0032389.jpg,1,0,1
1346,1346,train/ISIC_0024668.jpg,0,0,0
1347,1347,train/ISIC_0031396.jpg,0,0,0
1348,1348,train/ISIC_0025939.jpg,0,0,0
1349,1349,train/ISIC_0032483.jpg,0,0,0
1350,1350,train/ISIC_0028256.jpg,0,0,0
1351,1351,train/ISIC_0029524.jpg,0,0,1
1352,1352,train/ISIC_0026676.jpg,0,0,0
1353,1353,train/ISIC_0024928.jpg,0,0,1
1354,1354,train/ISIC_0024734.jpg,0,0,0
1355,1355,train/ISIC_0033821.jpg,0,0,0
1356,1356,train/ISIC_0027965.jpg,0,0,0
1357,1357,train/ISIC_0031544.jpg,0,0,0
1358,1358,train/ISIC_0030450.jpg,0,0,1
1359,1359,train/ISIC_0029983.jpg,0,0,1
1360,1360,train/ISIC_0027327.jpg,1,0,0
1361,1361,train/ISIC_0032136.jpg,0,0,0
1362,1362,train/ISIC_0032910.jpg,0,0,1
1363,1363,train/ISIC_0029203.jpg,0,0,0
1364,1364,train/ISIC_0031055.jpg,0,0,0
1365,1365,train/ISIC_0033724.jpg,0,0,0
1366,1366,train/ISIC_0024725.jpg,0,0,0
1367,1367,train/ISIC_0033753.jpg,0,0,0
1368,1368,train/ISIC_0028309.jpg,0,0,1
1369,1369,train/ISIC_0029084.jpg,0,0,0
1370,1370,train/ISIC_0029697.jpg,0,0,0
1371,1371,train/ISIC_0026209.jpg,0,0,1
1372,1372,train/ISIC_0025130.jpg,1,0,1
1373,1373,train/ISIC_0033702.jpg,0,0,0
1374,1374,train/ISIC_0031556.jpg,0,0,0
1375,1375,train/ISIC_0030204.jpg,0,0,0
1376,1376,train/ISIC_0027150.jpg,0,0,0
1377,1377,train/ISIC_0032325.jpg,0,0,1
1378,1378,train/ISIC_0024920.jpg,0,0,0
1379,1379,train/ISIC_0031247.jpg,0,0,0
1380,1380,train/ISIC_0032969.jpg,0,0,0
1381,1381,train/ISIC_0028805.jpg,0,0,0
1382,1382,train/ISIC_0031995.jpg,0,0,0
1383,1383,train/ISIC_0033559.jpg,1,0,1
1384,1384,train/ISIC_0032719.jpg,0,0,0
1385,1385,train/ISIC_0031636.jpg,0,0,1
1386,1386,train/ISIC_0024413.jpg,0,0,0
1387,1387,train/ISIC_0031848.jpg,0,0,0
1388,1388,train/ISIC_0026413.jpg,0,0,1
1389,1389,train/ISIC_0025582.jpg,0,0,0
1390,1390,train/ISIC_0032985.jpg,1,0,0
1391,1391,train/ISIC_0025695.jpg,0,0,0
1392,1392,train/ISIC_0024316.jpg,0,0,0
1393,1393,train/ISIC_0026378.jpg,0,0,0
1394,1394,train/ISIC_0033583.jpg,0,0,0
1395,1395,train/ISIC_0031832.jpg,0,0,1
1396,1396,train/ISIC_0034048.jpg,1,0,0
1397,1397,train/ISIC_0028847.jpg,1,0,1
1398,1398,train/ISIC_0028125.jpg,0,0,0
1399,1399,train/ISIC_0032027.jpg,0,0,0
1400,1400,train/ISIC_0024618.jpg,0,0,0
1401,1401,train/ISIC_0031404.jpg,0,0,1
1402,1402,train/ISIC_0030933.jpg,0,0,0
1403,1403,train/ISIC_0025386.jpg,0,0,0
1404,1404,train/ISIC_0029171.jpg,0,0,0
1405,1405,train/ISIC_0030464.jpg,0,0,0
1406,1406,train/ISIC_0032233.jpg,0,0,1
1407,1407,train/ISIC_0027534.jpg,0,0,1
1408,1408,train/ISIC_0033074.jpg,1,0,0
1409,1409,train/ISIC_0033078.jpg,0,0,0
1410,1410,train/ISIC_0029609.jpg,0,0,0
1411,1411,train/ISIC_0028964.jpg,0,0,0
1412,1412,train/ISIC_0027768.jpg,0,0,1
1413,1413,train/ISIC_0030987.jpg,0,0,0
1414,1414,train/ISIC_0032866.jpg,0,0,0
1415,1415,train/ISIC_0027587.jpg,0,0,0
1416,1416,train/ISIC_0029816.jpg,0,0,0
1417,1417,train/ISIC_0027129.jpg,0,0,0
1418,1418,train/ISIC_0032144.jpg,0,0,0
1419,1419,train/ISIC_0028146.jpg,0,0,0
1420,1420,train/ISIC_0031115.jpg,0,0,0
1421,1421,train/ISIC_0032645.jpg,1,0,0
1422,1422,train/ISIC_0029879.jpg,0,0,0
1423,1423,train/ISIC_0025293.jpg,0,0,0
1424,1424,train/ISIC_0025938.jpg,0,0,0
1425,1425,train/ISIC_0031223.jpg,0,0,1
1426,1426,train/ISIC_0031359.jpg,0,0,1
1427,1427,train/ISIC_0026075.jpg,0,0,0
1428,1428,train/ISIC_0026174.jpg,0,0,1
1429,1429,train/ISIC_0031564.jpg,0,0,0
1430,1430,train/ISIC_0029438.jpg,0,0,1
1431,1431,train/ISIC_0030444.jpg,0,0,0
1432,1432,train/ISIC_0025559.jpg,0,0,0
1433,1433,train/ISIC_0031160.jpg,0,0,0
1434,1434,train/ISIC_0025058.jpg,0,0,0
1435,1435,train/ISIC_0031166.jpg,0,0,1
1436,1436,train/ISIC_0031460.jpg,0,0,0
1437,1437,train/ISIC_0027949.jpg,0,0,0
1438,1438,train/ISIC_0032902.jpg,0,0,0
1439,1439,train/ISIC_0032907.jpg,0,0,0
1440,1440,train/ISIC_0027977.jpg,0,0,0
1441,1441,train/ISIC_0031769.jpg,0,0,0
1442,1442,train/ISIC_0034139.jpg,0,0,1
1443,1443,train/ISIC_0033721.jpg,0,0,1
1444,1444,train/ISIC_0030763.jpg,0,0,0
1445,1445,train/ISIC_0030472.jpg,0,0,1
1446,1446,train/ISIC_0027943.jpg,0,0,0
1447,1447,train/ISIC_0025646.jpg,0,0,0
1448,1448,train/ISIC_0028508.jpg,1,0,1
1449,1449,train/ISIC_0027713.jpg,0,0,1
1450,1450,train/ISIC_0028048.jpg,0,0,0
1451,1451,train/ISIC_0028982.jpg,0,0,0
1452,1452,train/ISIC_0029620.jpg,0,0,0
1453,1453,train/ISIC_0030982.jpg,0,0,0
1454,1454,train/ISIC_0025095.jpg,0,0,1
1455,1455,train/ISIC_0029732.jpg,0,0,1
1456,1456,train/ISIC_0033433.jpg,0,0,0
1457,1457,train/ISIC_0028895.jpg,0,0,0
1458,1458,train/ISIC_0027475.jpg,0,0,0
1459,1459,train/ISIC_0030596.jpg,0,0,0
1460,1460,train/ISIC_0031960.jpg,0,0,0
1461,1461,train/ISIC_0027734.jpg,0,0,1
1462,1462,train/ISIC_0031985.jpg,0,0,0
1463,1463,train/ISIC_0029279.jpg,1,0,1
1464,1464,train/ISIC_0026439.jpg,0,0,0
1465,1465,train/ISIC_0028145.jpg,0,0,0
1466,1466,train/ISIC_0024453.jpg,0,0,1
1467,1467,train/ISIC_0026182.jpg,0,0,0
1468,1468,train/ISIC_0032761.jpg,0,0,0
1469,1469,train/ISIC_0027710.jpg,0,0,0
1470,1470,train/ISIC_0030741.jpg,0,0,0
1471,1471,train/ISIC_0032850.jpg,0,0,1
1472,1472,train/ISIC_0031811.jpg,0,0,0
1473,1473,train/ISIC_0031861.jpg,0,0,0
1474,1474,train/ISIC_0028450.jpg,0,0,0
1475,1475,train/ISIC_0033771.jpg,0,0,0
1476,1476,train/ISIC_0032748.jpg,0,0,1
1477,1477,train/ISIC_0031972.jpg,1,0,1
1478,1478,train/ISIC_0029915.jpg,1,0,0
1479,1479,train/ISIC_0026238.jpg,0,0,0
1480,1480,train/ISIC_0024664.jpg,0,0,0
1481,1481,train/ISIC_0028135.jpg,0,0,0
1482,1482,train/ISIC_0025059.jpg,0,0,0
1483,1483,train/ISIC_0032034.jpg,0,0,0
1484,1484,train/ISIC_0024622.jpg,0,0,0
1485,1485,train/ISIC_0025626.jpg,0,0,0
1486,1486,train/ISIC_0034079.jpg,0,0,0
1487,1487,train/ISIC_0029452.jpg,0,0,0
1488,1488,train/ISIC_0030582.jpg,0,0,0
1489,1489,train/ISIC_0026244.jpg,0,0,0
1490,1490,train/ISIC_0034023.jpg,0,0,0
1491,1491,train/ISIC_0032576.jpg,0,0,1
1492,1492,train/ISIC_0030682.jpg,0,0,0
1493,1493,train/ISIC_0029210.jpg,1,0,0
1494,1494,train/ISIC_0027921.jpg,0,0,0
1495,1495,train/ISIC_0028703.jpg,0,0,0
1496,1496,train/ISIC_0032596.jpg,1,0,1
1497,1497,train/ISIC_0031245.jpg,0,0,1
1498,1498,train/ISIC_0033249.jpg,0,0,0
1499,1499,train/ISIC_0030116.jpg,0,0,0
1500,1500,train/ISIC_0028770.jpg,0,0,0
1501,1501,train/ISIC_0028075.jpg,1,0,0
1502,1502,train/ISIC_0029082.jpg,0,0,1
1503,1503,train/ISIC_0029133.jpg,1,0,1
1504,1504,train/ISIC_0034022.jpg,1,0,1
1505,1505,train/ISIC_0033410.jpg,0,0,1
1506,1506,train/ISIC_0029629.jpg,0,0,0
1507,1507,train/ISIC_0030911.jpg,0,0,0
1508,1508,train/ISIC_0031715.jpg,0,0,1
1509,1509,train/ISIC_0031702.jpg,0,0,1
1510,1510,train/ISIC_0025739.jpg,0,0,0
1511,1511,train/ISIC_0032311.jpg,0,0,0
1512,1512,train/ISIC_0026564.jpg,0,0,0
1513,1513,train/ISIC_0031071.jpg,0,0,0
1514,1514,train/ISIC_0032443.jpg,0,0,0
1515,1515,train/ISIC_0032847.jpg,1,0,0
1516,1516,train/ISIC_0027052.jpg,0,0,0
1517,1517,train/ISIC_0028279.jpg,0,0,1
1518,1518,train/ISIC_0026060.jpg,0,0,1
1519,1519,train/ISIC_0030519.jpg,0,0,0
1520,1520,train/ISIC_0027378.jpg,0,0,1
1521,1521,train/ISIC_0026357.jpg,0,0,0
1522,1522,train/ISIC_0028112.jpg,0,0,0
1523,1523,train/ISIC_0031598.jpg,1,0,0
1524,1524,train/ISIC_0026079.jpg,0,0,0
1525,1525,train/ISIC_0029087.jpg,0,0,0
1526,1526,train/ISIC_0030668.jpg,0,0,0
1527,1527,train/ISIC_0032360.jpg,0,0,0
1528,1528,train/ISIC_0031442.jpg,0,0,1
1529,1529,train/ISIC_0033598.jpg,0,0,0
1530,1530,train/ISIC_0029426.jpg,0,0,0
1531,1531,train/ISIC_0026859.jpg,0,0,0
1532,1532,train/ISIC_0025828.jpg,0,0,0
1533,1533,train/ISIC_0034111.jpg,0,0,0
1534,1534,train/ISIC_0024571.jpg,1,0,1
1535,1535,train/ISIC_0028999.jpg,0,0,1
1536,1536,train/ISIC_0027565.jpg,0,0,0
1537,1537,train/ISIC_0027897.jpg,0,0,0
1538,1538,train/ISIC_0031870.jpg,0,0,0
1539,1539,train/ISIC_0028697.jpg,0,0,1
1540,1540,train/ISIC_0031567.jpg,0,0,1
1541,1541,train/ISIC_0032440.jpg,0,0,0
1542,1542,train/ISIC_0032459.jpg,0,0,0
1543,1543,train/ISIC_0028871.jpg,0,0,1
1544,1544,train/ISIC_0031090.jpg,0,0,0
1545,1545,train/ISIC_0029721.jpg,0,0,1
1546,1546,train/ISIC_0027402.jpg,1,0,0
1547,1547,train/ISIC_0033238.jpg,1,0,1
1548,1548,train/ISIC_0025236.jpg,0,0,0
1549,1549,train/ISIC_0029680.jpg,0,0,1
1550,1550,train/ISIC_0025748.jpg,1,0,1
1551,1551,train/ISIC_0025426.jpg,0,0,0
1552,1552,train/ISIC_0033681.jpg,0,0,0
1553,1553,train/ISIC_0032042.jpg,0,0,0
1554,1554,train/ISIC_0027252.jpg,0,0,0
1555,1555,train/ISIC_0031342.jpg,0,0,0
1556,1556,train/ISIC_0029803.jpg,0,0,0
1557,1557,train/ISIC_0024551.jpg,0,0,0
1558,1558,train/ISIC_0029664.jpg,0,0,0
1559,1559,train/ISIC_0026662.jpg,0,0,0
1560,1560,train/ISIC_0031154.jpg,0,0,1
1561,1561,train/ISIC_0032199.jpg,1,0,0
1562,1562,train/ISIC_0029112.jpg,0,0,0
1563,1563,train/ISIC_0026631.jpg,0,0,1
1564,1564,train/ISIC_0031467.jpg,0,0,0
1565,1565,train/ISIC_0025185.jpg,0,0,0
1566,1566,train/ISIC_0030107.jpg,1,0,0
1567,1567,train/ISIC_0031291.jpg,0,0,0
1568,1568,train/ISIC_0025717.jpg,0,0,0
1569,1569,train/ISIC_0027953.jpg,0,0,0
1570,1570,train/ISIC_0031552.jpg,0,0,1
1571,1571,train/ISIC_0027822.jpg,1,0,1
1572,1572,train/ISIC_0031208.jpg,1,0,0
1573,1573,train/ISIC_0030996.jpg,0,0,0
1574,1574,train/ISIC_0027815.jpg,0,0,1
1575,1575,train/ISIC_0032764.jpg,0,0,0
1576,1576,train/ISIC_0032454.jpg,0,0,1
1577,1577,train/ISIC_0025889.jpg,0,0,0
1578,1578,train/ISIC_0030531.jpg,0,0,0
1579,1579,train/ISIC_0032231.jpg,0,0,0
1580,1580,train/ISIC_0031139.jpg,0,0,0
1581,1581,train/ISIC_0028746.jpg,1,0,1
1582,1582,train/ISIC_0028810.jpg,0,0,0
1583,1583,train/ISIC_0024586.jpg,1,0,0
1584,1584,train/ISIC_0031174.jpg,0,0,0
1585,1585,train/ISIC_0025974.jpg,0,0,0
1586,1586,train/ISIC_0027408.jpg,0,0,1
1587,1587,train/ISIC_0026281.jpg,1,0,1
1588,1588,train/ISIC_0027842.jpg,0,0,0
1589,1589,train/ISIC_0027810.jpg,0,0,0
1590,1590,train/ISIC_0030731.jpg,0,0,1
1591,1591,train/ISIC_0029653.jpg,0,0,0
1592,1592,train/ISIC_0031622.jpg,0,0,0
1593,1593,train/ISIC_0032926.jpg,0,0,0
1594,1594,train/ISIC_0030600.jpg,0,0,0
1595,1595,train/ISIC_0029405.jpg,0,0,0
1596,1596,train/ISIC_0025010.jpg,0,0,1
1597,1597,train/ISIC_0028614.jpg,0,0,0
1598,1598,train/ISIC_0026646.jpg,0,0,0
1599,1599,train/ISIC_0027414.jpg,0,0,0
1600,1600,train/ISIC_0033497.jpg,0,0,0
1601,1601,train/ISIC_0026006.jpg,0,0,0
1602,1602,train/ISIC_0026302.jpg,0,0,0
1603,1603,train/ISIC_0024985.jpg,0,0,1
1604,1604,train/ISIC_0032159.jpg,0,0,1
1605,1605,train/ISIC_0034293.jpg,0,0,0
1606,1606,train/ISIC_0030974.jpg,0,0,0
1607,1607,train/ISIC_0033696.jpg,1,0,1
1608,1608,train/ISIC_0025254.jpg,0,0,1
1609,1609,train/ISIC_0027248.jpg,0,0,0
1610,1610,train/ISIC_0032501.jpg,0,0,0
1611,1611,train/ISIC_0033111.jpg,0,0,0
1612,1612,train/ISIC_0024604.jpg,0,0,0
1613,1613,train/ISIC_0024711.jpg,0,0,1
1614,1614,train/ISIC_0025694.jpg,0,0,0
1615,1615,train/ISIC_0030305.jpg,0,0,0
1616,1616,train/ISIC_0025313.jpg,1,0,0
1617,1617,train/ISIC_0033785.jpg,0,0,0
1618,1618,train/ISIC_0030135.jpg,0,0,0
1619,1619,train/ISIC_0027542.jpg,0,0,1
1620,1620,train/ISIC_0027618.jpg,0,0,0
1621,1621,train/ISIC_0027361.jpg,0,0,0
1622,1622,train/ISIC_0029079.jpg,0,0,0
1623,1623,train/ISIC_0032677.jpg,0,0,0
1624,1624,train/ISIC_0025875.jpg,0,0,1
1625,1625,train/ISIC_0028298.jpg,0,0,0
1626,1626,train/ISIC_0026865.jpg,0,0,1
1627,1627,train/ISIC_0033852.jpg,0,0,0
1628,1628,train/ISIC_0031919.jpg,0,0,1
1629,1629,train/ISIC_0030283.jpg,0,0,0
1630,1630,train/ISIC_0033550.jpg,1,0,0
1631,1631,train/ISIC_0030545.jpg,0,0,1
1632,1632,train/ISIC_0026492.jpg,1,0,1
1633,1633,train/ISIC_0025233.jpg,0,0,0
1634,1634,train/ISIC_0027142.jpg,0,0,0
1635,1635,train/ISIC_0027180.jpg,0,0,0
1636,1636,train/ISIC_0027907.jpg,0,0,1
1637,1637,train/ISIC_0034010.jpg,0,0,0
1638,1638,train/ISIC_0031352.jpg,0,0,0
1639,1639,train/ISIC_0032448.jpg,0,0,0
1640,1640,train/ISIC_0026143.jpg,0,0,0
1641,1641,train/ISIC_0029089.jpg,1,0,1
1642,1642,train/ISIC_0025355.jpg,0,0,0
1643,1643,train/ISIC_0033309.jpg,0,0,1
1644,1644,train/ISIC_0028704.jpg,0,0,0
1645,1645,train/ISIC_0029053.jpg,0,0,1
1646,1646,train/ISIC_0025664.jpg,0,0,0
1647,1647,train/ISIC_0030439.jpg,0,0,0
1648,1648,train/ISIC_0027752.jpg,0,0,0
1649,1649,train/ISIC_0032649.jpg,0,0,0
1650,1650,train/ISIC_0029584.jpg,0,0,0
1651,1651,train/ISIC_0028424.jpg,0,0,0
1652,1652,train/ISIC_0032441.jpg,1,0,1
1653,1653,train/ISIC_0026339.jpg,0,0,0
1654,1654,train/ISIC_0032869.jpg,1,0,1
1655,1655,train/ISIC_0026672.jpg,0,0,1
1656,1656,train/ISIC_0034148.jpg,0,0,0
1657,1657,train/ISIC_0030786.jpg,0,0,0
1658,1658,train/ISIC_0026974.jpg,0,0,0
1659,1659,train/ISIC_0030724.jpg,0,0,0
1660,1660,train/ISIC_0024475.jpg,0,0,0
1661,1661,train/ISIC_0027035.jpg,0,0,1
1662,1662,train/ISIC_0025880.jpg,0,0,0
1663,1663,train/ISIC_0030975.jpg,0,0,0
1664,1664,train/ISIC_0030293.jpg,0,0,0
1665,1665,train/ISIC_0029280.jpg,0,0,0
1666,1666,train/ISIC_0029385.jpg,0,0,0
1667,1667,train/ISIC_0032541.jpg,0,0,0
1668,1668,train/ISIC_0027373.jpg,0,0,0
1669,1669,train/ISIC_0026265.jpg,0,0,0
1670,1670,train/ISIC_0034147.jpg,0,0,0
1671,1671,train/ISIC_0031604.jpg,0,0,0
1672,1672,train/ISIC_0031576.jpg,0,0,0
1673,1673,train/ISIC_0026919.jpg,0,0,0
1674,1674,train/ISIC_0027909.jpg,0,0,0
1675,1675,train/ISIC_0025448.jpg,0,0,0
1676,1676,train/ISIC_0034155.jpg,0,0,0
1677,1677,train/ISIC_0026206.jpg,1,0,1
1678,1678,train/ISIC_0026660.jpg,0,0,0
1679,1679,train/ISIC_0026176.jpg,0,0,0
1680,1680,train/ISIC_0030885.jpg,0,0,0
1681,1681,train/ISIC_0032955.jpg,1,0,0
1682,1682,train/ISIC_0026489.jpg,1,0,1
1683,1683,train/ISIC_0034180.jpg,1,0,1
1684,1684,train/ISIC_0027830.jpg,0,0,1
1685,1685,train/ISIC_0034029.jpg,0,0,0
1686,1686,train/ISIC_0033798.jpg,0,0,0
1687,1687,train/ISIC_0032605.jpg,0,0,0
1688,1688,train/ISIC_0029936.jpg,0,0,0
1689,1689,train/ISIC_0030150.jpg,1,0,1
1690,1690,train/ISIC_0027686.jpg,0,0,0
1691,1691,train/ISIC_0033513.jpg,0,0,1
1692,1692,train/ISIC_0029138.jpg,0,0,0
1693,1693,train/ISIC_0033716.jpg,0,0,0
1694,1694,train/ISIC_0029447.jpg,0,0,0
1695,1695,train/ISIC_0024955.jpg,0,0,0
1696,1696,train/ISIC_0031620.jpg,0,0,0
1697,1697,train/ISIC_0032889.jpg,0,0,0
1698,1698,train/ISIC_0028218.jpg,1,0,0
1699,1699,train/ISIC_0030639.jpg,0,0,0
1700,1700,train/ISIC_0029714.jpg,0,0,0
1701,1701,train/ISIC_0033906.jpg,0,0,0
1702,1702,train/ISIC_0031750.jpg,0,0,0
1703,1703,train/ISIC_0031625.jpg,0,0,0
1704,1704,train/ISIC_0031739.jpg,0,0,0
1705,1705,train/ISIC_0029886.jpg,0,0,0
1706,1706,train/ISIC_0028101.jpg,0,0,0
1707,1707,train/ISIC_0033230.jpg,0,0,0
1708,1708,train/ISIC_0029377.jpg,0,0,0
1709,1709,train/ISIC_0031774.jpg,0,0,0
1710,1710,train/ISIC_0027338.jpg,0,0,0
1711,1711,train/ISIC_0033766.jpg,0,0,0
1712,1712,train/ISIC_0028233.jpg,0,0,0
1713,1713,train/ISIC_0031432.jpg,0,0,0
1714,1714,train/ISIC_0031893.jpg,0,0,1
1715,1715,train/ISIC_0033025.jpg,0,0,0
1716,1716,train/ISIC_0030650.jpg,0,0,0
1717,1717,train/ISIC_0032232.jpg,1,0,1
1718,1718,train/ISIC_0032276.jpg,0,0,0
1719,1719,train/ISIC_0024377.jpg,0,0,0
1720,1720,train/ISIC_0028229.jpg,0,0,1
1721,1721,train/ISIC_0029786.jpg,0,0,0
1722,1722,train/ISIC_0027936.jpg,0,0,0
1723,1723,train/ISIC_0030655.jpg,1,0,0
1724,1724,train/ISIC_0026732.jpg,0,0,0
1725,1725,train/ISIC_0032991.jpg,0,0,1
1726,1726,train/ISIC_0026683.jpg,0,0,0
1727,1727,train/ISIC_0029275.jpg,0,0,0
1728,1728,train/ISIC_0031168.jpg,0,0,0
1729,1729,train/ISIC_0030874.jpg,0,0,0
1730,1730,train/ISIC_0030628.jpg,0,0,0
1731,1731,train/ISIC_0025577.jpg,1,0,1
1732,1732,train/ISIC_0034086.jpg,0,0,0
1733,1733,train/ISIC_0028553.jpg,0,0,0
1734,1734,train/ISIC_0026981.jpg,1,0,0
1735,1735,train/ISIC_0025394.jpg,1,0,0
1736,1736,train/ISIC_0032281.jpg,0,0,0
1737,1737,train/ISIC_0031831.jpg,0,0,1
1738,1738,train/ISIC_0024430.jpg,0,0,0
1739,1739,train/ISIC_0025294.jpg,0,0,0
1740,1740,train/ISIC_0030061.jpg,0,0,0
1741,1741,train/ISIC_0026352.jpg,1,0,0
1742,1742,train/ISIC_0026846.jpg,0,0,1
1743,1743,train/ISIC_0026307.jpg,0,0,0
1744,1744,train/ISIC_0027219.jpg,0,0,0
1745,1745,train/ISIC_0028070.jpg,0,0,0
1746,1746,train/ISIC_0030865.jpg,0,0,0
1747,1747,train/ISIC_0031658.jpg,0,0,0
1748,1748,train/ISIC_0028689.jpg,0,0,0
1749,1749,train/ISIC_0025941.jpg,1,0,0
1750,1750,train/ISIC_0026656.jpg,0,0,0
1751,1751,train/ISIC_0032544.jpg,1,0,0
1752,1752,train/ISIC_0032103.jpg,0,0,1
1753,1753,train/ISIC_0029635.jpg,0,0,0
1754,1754,train/ISIC_0025554.jpg,0,0,1
1755,1755,train/ISIC_0030220.jpg,0,0,0
1756,1756,train/ISIC_0030292.jpg,0,0,0
1757,1757,train/ISIC_0026714.jpg,0,0,1
1758,1758,train/ISIC_0031901.jpg,0,0,0
1759,1759,train/ISIC_0025056.jpg,0,0,0
1760,1760,train/ISIC_0030238.jpg,1,0,0
1761,1761,train/ISIC_0028183.jpg,0,0,0
1762,1762,train/ISIC_0024710.jpg,1,0,1
1763,1763,train/ISIC_0025619.jpg,0,0,0
1764,1764,train/ISIC_0030757.jpg,0,0,1
1765,1765,train/ISIC_0029849.jpg,0,0,0
1766,1766,train/ISIC_0027503.jpg,0,0,0
1767,1767,train/ISIC_0029634.jpg,1,0,0
1768,1768,train/ISIC_0031051.jpg,0,0,0
1769,1769,train/ISIC_0026787.jpg,0,0,1
1770,1770,train/ISIC_0033118.jpg,0,0,0
1771,1771,train/ISIC_0025537.jpg,0,0,0
1772,1772,train/ISIC_0027270.jpg,0,0,0
1773,1773,train/ISIC_0032937.jpg,0,0,0
1774,1774,train/ISIC_0030882.jpg,0,0,0
1775,1775,train/ISIC_0033222.jpg,0,0,0
1776,1776,train/ISIC_0027204.jpg,1,0,1
1777,1777,train/ISIC_0030052.jpg,0,0,0
1778,1778,train/ISIC_0029511.jpg,0,0,0
1779,1779,train/ISIC_0025318.jpg,0,0,0
1780,1780,train/ISIC_0027776.jpg,1,0,1
1781,1781,train/ISIC_0027646.jpg,0,0,0
1782,1782,train/ISIC_0029298.jpg,0,0,1
1783,1783,train/ISIC_0025473.jpg,0,0,0
1784,1784,train/ISIC_0028416.jpg,0,0,0
1785,1785,train/ISIC_0031512.jpg,0,0,1
1786,1786,train/ISIC_0034015.jpg,0,0,1
1787,1787,train/ISIC_0032854.jpg,1,0,1
1788,1788,train/ISIC_0027825.jpg,0,0,0
1789,1789,train/ISIC_0026879.jpg,0,0,0
1790,1790,train/ISIC_0027723.jpg,0,0,0
1791,1791,train/ISIC_0024457.jpg,0,0,1
1792,1792,train/ISIC_0026315.jpg,0,0,0
1793,1793,train/ISIC_0032957.jpg,0,0,0
1794,1794,train/ISIC_0028591.jpg,0,0,0
1795,1795,train/ISIC_0030676.jpg,0,0,0
1796,1796,train/ISIC_0025244.jpg,0,0,0
1797,1797,train/ISIC_0032355.jpg,0,0,1
1798,1798,train/ISIC_0026069.jpg,0,0,1
1799,1799,train/ISIC_0033294.jpg,0,0,0
1800,1800,train/ISIC_0033387.jpg,1,0,0
1801,1801,train/ISIC_0025543.jpg,1,0,1
1802,1802,train/ISIC_0029469.jpg,0,0,0
1803,1803,train/ISIC_0032776.jpg,0,0,0
1804,1804,train/ISIC_0027887.jpg,0,0,1
1805,1805,train/ISIC_0031180.jpg,0,0,0
1806,1806,train/ISIC_0031437.jpg,0,0,0
1807,1807,train/ISIC_0031078.jpg,0,0,1
1808,1808,train/ISIC_0026494.jpg,0,0,1
1809,1809,train/ISIC_0028500.jpg,0,0,0
1810,1810,train/ISIC_0026944.jpg,0,0,1
1811,1811,train/ISIC_0026828.jpg,0,0,0
1812,1812,train/ISIC_0025541.jpg,0,0,0
1813,1813,train/ISIC_0026491.jpg,0,0,0
1814,1814,train/ISIC_0024410.jpg,1,0,0
1815,1815,train/ISIC_0033676.jpg,0,0,1
1816,1816,train/ISIC_0025883.jpg,0,0,1
1817,1817,train/ISIC_0030229.jpg,0,0,0
1818,1818,train/ISIC_0025292.jpg,0,0,1
1819,1819,train/ISIC_0026557.jpg,0,0,0
1820,1820,train/ISIC_0028619.jpg,1,0,0
1821,1821,train/ISIC_0033201.jpg,0,0,1
1822,1822,train/ISIC_0031924.jpg,0,0,0
1823,1823,train/ISIC_0029665.jpg,0,0,0
1824,1824,train/ISIC_0026144.jpg,0,0,0
1825,1825,train/ISIC_0027149.jpg,1,0,1
1826,1826,train/ISIC_0028852.jpg,0,0,0
1827,1827,train/ISIC_0028816.jpg,1,0,0
1828,1828,train/ISIC_0027436.jpg,1,0,0
1829,1829,train/ISIC_0033623.jpg,0,0,0
1830,1830,train/ISIC_0030941.jpg,0,0,0
1831,1831,train/ISIC_0029997.jpg,0,0,0
1832,1832,train/ISIC_0024861.jpg,0,0,0
1833,1833,train/ISIC_0031956.jpg,0,0,0
1834,1834,train/ISIC_0024889.jpg,0,0,0
1835,1835,train/ISIC_0025921.jpg,0,0,0
1836,1836,train/ISIC_0028668.jpg,0,0,0
1837,1837,train/ISIC_0024383.jpg,0,0,1
1838,1838,train/ISIC_0026761.jpg,0,0,0
1839,1839,train/ISIC_0025180.jpg,0,0,0
1840,1840,train/ISIC_0027899.jpg,0,0,0
1841,1841,train/ISIC_0028515.jpg,0,0,0
1842,1842,train/ISIC_0025371.jpg,0,0,1
1843,1843,train/ISIC_0029012.jpg,0,0,0
1844,1844,train/ISIC_0025319.jpg,1,0,1
1845,1845,train/ISIC_0026001.jpg,0,0,0
1846,1846,train/ISIC_0025175.jpg,0,0,0
1847,1847,train/ISIC_0033200.jpg,0,0,1
1848,1848,train/ISIC_0029905.jpg,0,0,0
1849,1849,train/ISIC_0034051.jpg,1,0,0
1850,1850,train/ISIC_0028628.jpg,0,0,1
1851,1851,train/ISIC_0027821.jpg,0,0,0
1852,1852,train/ISIC_0031610.jpg,0,0,0
1853,1853,train/ISIC_0028407.jpg,0,0,0
1854,1854,train/ISIC_0033349.jpg,0,0,0
1855,1855,train/ISIC_0033896.jpg,0,0,0
1856,1856,train/ISIC_0025047.jpg,0,0,0
1857,1857,train/ISIC_0030232.jpg,0,0,0
1858,1858,train/ISIC_0026774.jpg,1,0,1
1859,1859,train/ISIC_0033199.jpg,0,0,0
1860,1860,train/ISIC_0024827.jpg,0,0,0
1861,1861,train/ISIC_0032533.jpg,1,0,0
1862,1862,train/ISIC_0029612.jpg,0,0,1
1863,1863,train/ISIC_0025433.jpg,0,0,0
1864,1864,train/ISIC_0029445.jpg,0,0,0
1865,1865,train/ISIC_0032346.jpg,0,0,0
1866,1866,train/ISIC_0030241.jpg,0,0,0
1867,1867,train/ISIC_0032792.jpg,0,0,0
1868,1868,train/ISIC_0029433.jpg,0,0,0
1869,1869,train/ISIC_0028551.jpg,0,0,1
1870,1870,train/ISIC_0028842.jpg,0,0,1
1871,1871,train/ISIC_0033815.jpg,0,0,0
1872,1872,train/ISIC_0025151.jpg,0,0,0
1873,1873,train/ISIC_0031241.jpg,0,0,0
1874,1874,train/ISIC_0027894.jpg,0,0,0
1875,1875,train/ISIC_0033393.jpg,1,0,0
1876,1876,train/ISIC_0026258.jpg,1,0,0
1877,1877,train/ISIC_0027495.jpg,0,0,1
1878,1878,train/ISIC_0033989.jpg,0,0,0
1879,1879,train/ISIC_0030388.jpg,0,0,0
1880,1880,train/ISIC_0031400.jpg,0,0,1
1881,1881,train/ISIC_0024826.jpg,0,0,0
1882,1882,train/ISIC_0030826.jpg,1,0,1
1883,1883,train/ISIC_0033345.jpg,0,0,0
1884,1884,train/ISIC_0027082.jpg,0,0,0
1885,1885,train/ISIC_0028236.jpg,0,0,1
1886,1886,train/ISIC_0028238.jpg,0,0,1
1887,1887,train/ISIC_0029756.jpg,0,0,0
1888,1888,train/ISIC_0026235.jpg,0,0,0
1889,1889,train/ISIC_0030074.jpg,0,0,0
1890,1890,train/ISIC_0031966.jpg,0,0,0
1891,1891,train/ISIC_0030660.jpg,0,0,0
1892,1892,train/ISIC_0025083.jpg,0,0,0
1893,1893,train/ISIC_0024521.jpg,0,0,0
1894,1894,train/ISIC_0030892.jpg,0,0,0
1895,1895,train/ISIC_0034005.jpg,1,0,1
1896,1896,train/ISIC_0026093.jpg,0,0,0
1897,1897,train/ISIC_0028098.jpg,0,0,0
1898,1898,train/ISIC_0029046.jpg,0,0,1
1899,1899,train/ISIC_0026723.jpg,0,0,0
1900,1900,train/ISIC_0028926.jpg,0,0,1
1901,1901,train/ISIC_0029867.jpg,0,0,0
1902,1902,train/ISIC_0029404.jpg,0,0,0
1903,1903,train/ISIC_0030794.jpg,1,0,1
1904,1904,train/ISIC_0032437.jpg,1,0,1
1905,1905,train/ISIC_0025468.jpg,0,0,1
1906,1906,train/ISIC_0026982.jpg,0,0,0
1907,1907,train/ISIC_0029114.jpg,0,0,0
1908,1908,train/ISIC_0029882.jpg,0,0,0
1909,1909,train/ISIC_0028225.jpg,1,0,1
1910,1910,train/ISIC_0024896.jpg,0,0,0
1911,1911,train/ISIC_0030250.jpg,0,0,0
1912,1912,train/ISIC_0030367.jpg,0,0,0
1913,1913,train/ISIC_0024340.jpg,0,0,0
1914,1914,train/ISIC_0028821.jpg,0,0,0
1915,1915,train/ISIC_0032290.jpg,0,0,1
1916,1916,train/ISIC_0027117.jpg,0,0,1
1917,1917,train/ISIC_0031293.jpg,0,0,0
1918,1918,train/ISIC_0025588.jpg,0,0,0
1919,1919,train/ISIC_0032332.jpg,0,0,0
1920,1920,train/ISIC_0030623.jpg,1,0,0
1921,1921,train/ISIC_0028994.jpg,0,0,1
1922,1922,train/ISIC_0026965.jpg,0,0,0
1923,1923,train/ISIC_0032754.jpg,0,0,0
1924,1924,train/ISIC_0026824.jpg,0,0,0
1925,1925,train/ISIC_0034105.jpg,0,0,0
1926,1926,train/ISIC_0030363.jpg,0,0,0
1927,1927,train/ISIC_0028377.jpg,0,0,0
1928,1928,train/ISIC_0034144.jpg,0,0,0
1929,1929,train/ISIC_0033831.jpg,1,0,1
1930,1930,train/ISIC_0031996.jpg,0,0,1
1931,1931,train/ISIC_0024787.jpg,0,0,0
1932,1932,train/ISIC_0024445.jpg,0,0,0
1933,1933,train/ISIC_0024623.jpg,0,0,1
1934,1934,train/ISIC_0030528.jpg,0,0,0
1935,1935,train/ISIC_0029727.jpg,0,0,0
1936,1936,train/ISIC_0028257.jpg,0,0,0
1937,1937,train/ISIC_0032795.jpg,0,0,0
1938,1938,train/ISIC_0030985.jpg,0,0,0
1939,1939,train/ISIC_0024735.jpg,0,0,0
1940,1940,train/ISIC_0024307.jpg,0,0,0
1941,1941,train/ISIC_0030855.jpg,0,0,0
1942,1942,train/ISIC_0031018.jpg,0,0,1
1943,1943,train/ISIC_0030884.jpg,0,0,0
1944,1944,train/ISIC_0028787.jpg,0,0,1
1945,1945,train/ISIC_0032558.jpg,0,0,0
1946,1946,train/ISIC_0030829.jpg,0,0,0
1947,1947,train/ISIC_0029011.jpg,0,0,0
1948,1948,train/ISIC_0029333.jpg,0,0,0
1949,1949,train/ISIC_0032216.jpg,0,0,0
1950,1950,train/ISIC_0027930.jpg,1,0,0
1951,1951,train/ISIC_0034131.jpg,0,0,0
1952,1952,train/ISIC_0033436.jpg,0,0,0
1953,1953,train/ISIC_0028392.jpg,0,0,0
1954,1954,train/ISIC_0031427.jpg,0,0,0
1955,1955,train/ISIC_0028390.jpg,0,0,0
1956,1956,train/ISIC_0024674.jpg,0,0,0
1957,1957,train/ISIC_0027464.jpg,0,0,0
1958,1958,train/ISIC_0031498.jpg,1,0,1
1959,1959,train/ISIC_0027873.jpg,0,0,0
1960,1960,train/ISIC_0029409.jpg,0,0,0
1961,1961,train/ISIC_0030383.jpg,0,0,1
1962,1962,train/ISIC_0032487.jpg,0,0,0
1963,1963,train/ISIC_0026917.jpg,0,0,0
1964,1964,train/ISIC_0033042.jpg,1,0,0
1965,1965,train/ISIC_0028418.jpg,1,0,0
1966,1966,train/ISIC_0032861.jpg,0,0,0
1967,1967,train/ISIC_0030983.jpg,0,0,1
1968,1968,train/ISIC_0025428.jpg,0,0,0
1969,1969,train/ISIC_0033778.jpg,0,0,1
1970,1970,train/ISIC_0029059.jpg,1,0,1
1971,1971,train/ISIC_0032444.jpg,0,0,1
1972,1972,train/ISIC_0032661.jpg,0,0,1
1973,1973,train/ISIC_0028345.jpg,0,0,0
1974,1974,train/ISIC_0027128.jpg,0,0,0
1975,1975,train/ISIC_0033271.jpg,0,0,1
1976,1976,train/ISIC_0027146.jpg,0,0,0
1977,1977,train/ISIC_0025205.jpg,0,0,0
1978,1978,train/ISIC_0030056.jpg,0,0,0
1979,1979,train/ISIC_0033881.jpg,1,0,0
1980,1980,train/ISIC_0029419.jpg,0,0,0
1981,1981,train/ISIC_0026591.jpg,0,0,0
1982,1982,train/ISIC_0029981.jpg,0,0,0
1983,1983,train/ISIC_0028744.jpg,0,0,0
1984,1984,train/ISIC_0030078.jpg,0,0,0
1985,1985,train/ISIC_0028834.jpg,0,0,0
1986,1986,train/ISIC_0032048.jpg,0,0,0
1987,1987,train/ISIC_0028957.jpg,0,0,0
1988,1988,train/ISIC_0025984.jpg,0,0,1
1989,1989,train/ISIC_0034208.jpg,1,0,0
1990,1990,train/ISIC_0030451.jpg,0,0,1
1991,1991,train/ISIC_0034262.jpg,1,0,1
1992,1992,train/ISIC_0029498.jpg,0,0,0
1993,1993,train/ISIC_0027764.jpg,0,0,0
1994,1994,train/ISIC_0030187.jpg,1,0,0
1995,1995,train/ISIC_0026102.jpg,0,0,0
1996,1996,train/ISIC_0026358.jpg,0,0,0
1997,1997,train/ISIC_0026009.jpg,1,0,1
1998,1998,train/ISIC_0031784.jpg,1,0,0
1999,1999,train/ISIC_0024593.jpg,0,0,0
2000,2000,train/ISIC_0032101.jpg,0,0,0
2001,2001,train/ISIC_0031511.jpg,0,0,1
2002,2002,train/ISIC_0034263.jpg,1,0,1
2003,2003,train/ISIC_0025453.jpg,0,0,0
2004,2004,train/ISIC_0027278.jpg,0,0,0
2005,2005,train/ISIC_0031288.jpg,0,0,0
2006,2006,train/ISIC_0031039.jpg,0,0,0
2007,2007,train/ISIC_0027485.jpg,0,0,0
2008,2008,train/ISIC_0028784.jpg,0,0,1
2009,2009,train/ISIC_0031032.jpg,0,0,1
2010,2010,train/ISIC_0031224.jpg,0,0,0
2011,2011,train/ISIC_0032572.jpg,0,0,0
2012,2012,train/ISIC_0024730.jpg,0,0,0
2013,2013,train/ISIC_0024924.jpg,0,0,0
2014,2014,train/ISIC_0028459.jpg,0,0,1
2015,2015,train/ISIC_0033120.jpg,1,0,0
2016,2016,train/ISIC_0027849.jpg,0,0,0
2017,2017,train/ISIC_0029164.jpg,0,0,1
2018,2018,train/ISIC_0028107.jpg,0,0,0
2019,2019,train/ISIC_0027856.jpg,0,0,0
2020,2020,train/ISIC_0033944.jpg,0,0,0
2021,2021,train/ISIC_0033644.jpg,1,0,0
2022,2022,train/ISIC_0032095.jpg,1,0,0
2023,2023,train/ISIC_0025500.jpg,1,0,0
2024,2024,train/ISIC_0030618.jpg,0,0,0
2025,2025,train/ISIC_0032935.jpg,0,0,0
2026,2026,train/ISIC_0032599.jpg,0,0,0
2027,2027,train/ISIC_0030607.jpg,0,0,1
2028,2028,train/ISIC_0031736.jpg,0,0,0
2029,2029,train/ISIC_0030247.jpg,0,0,0
2030,2030,train/ISIC_0032708.jpg,0,0,1
2031,2031,train/ISIC_0028790.jpg,0,0,1
2032,2032,train/ISIC_0025831.jpg,1,0,1
2033,2033,train/ISIC_0030970.jpg,1,0,0
2034,2034,train/ISIC_0028985.jpg,0,0,0
2035,2035,train/ISIC_0026303.jpg,0,0,0
2036,2036,train/ISIC_0029505.jpg,0,0,0
2037,2037,train/ISIC_0031433.jpg,0,0,0
2038,2038,train/ISIC_0031221.jpg,0,0,0
2039,2039,train/ISIC_0025820.jpg,0,0,0
2040,2040,train/ISIC_0027797.jpg,1,0,0
2041,2041,train/ISIC_0029588.jpg,0,0,0
2042,2042,train/ISIC_0030818.jpg,1,0,1
2043,2043,train/ISIC_0024836.jpg,0,0,0
2044,2044,train/ISIC_0033891.jpg,0,0,0
2045,2045,train/ISIC_0025370.jpg,0,0,0
2046,2046,train/ISIC_0027826.jpg,0,0,1
2047,2047,train/ISIC_0024615.jpg,0,0,0
2048,2048,train/ISIC_0027582.jpg,0,0,0
2049,2049,train/ISIC_0033363.jpg,0,0,0
2050,2050,train/ISIC_0027607.jpg,0,0,0
2051,2051,train/ISIC_0025989.jpg,0,0,0
2052,2052,train/ISIC_0032929.jpg,0,0,1
2053,2053,train/ISIC_0028013.jpg,0,0,0
2054,2054,train/ISIC_0032071.jpg,0,0,0
2055,2055,train/ISIC_0026823.jpg,1,0,0
2056,2056,train/ISIC_0031161.jpg,0,0,0
2057,2057,train/ISIC_0033119.jpg,0,0,0
2058,2058,train/ISIC_0033679.jpg,1,0,1
2059,2059,train/ISIC_0033738.jpg,0,0,0
2060,2060,train/ISIC_0030916.jpg,0,0,0
2061,2061,train/ISIC_0025328.jpg,0,0,0
2062,2062,train/ISIC_0028244.jpg,0,0,0
2063,2063,train/ISIC_0033204.jpg,1,0,0
2064,2064,train/ISIC_0027352.jpg,1,0,1
2065,2065,train/ISIC_0025517.jpg,0,0,0
2066,2066,train/ISIC_0026633.jpg,0,0,0
2067,2067,train/ISIC_0027206.jpg,0,0,0
2068,2068,train/ISIC_0032881.jpg,0,0,0
2069,2069,train/ISIC_0030295.jpg,0,0,0
2070,2070,train/ISIC_0029176.jpg,0,0,0
2071,2071,train/ISIC_0031447.jpg,0,0,0
2072,2072,train/ISIC_0025557.jpg,0,0,1
2073,2073,train/ISIC_0031286.jpg,1,0,0
2074,2074,train/ISIC_0032235.jpg,0,0,1
2075,2075,train/ISIC_0032031.jpg,0,0,1
2076,2076,train/ISIC_0026239.jpg,1,0,0
2077,2077,train/ISIC_0027134.jpg,0,0,1
2078,2078,train/ISIC_0032655.jpg,0,0,0
2079,2079,train/ISIC_0030903.jpg,0,0,0
2080,2080,train/ISIC_0024524.jpg,0,0,0
2081,2081,train/ISIC_0025837.jpg,0,0,1
2082,2082,train/ISIC_0028891.jpg,0,0,0
2083,2083,train/ISIC_0032381.jpg,0,0,0
2084,2084,train/ISIC_0030873.jpg,0,0,0
2085,2085,train/ISIC_0029201.jpg,0,0,0
2086,2086,train/ISIC_0032917.jpg,1,0,0
2087,2087,train/ISIC_0030952.jpg,0,0,0
2088,2088,train/ISIC_0032665.jpg,0,0,1
2089,2089,train/ISIC_0032867.jpg,0,0,0
2090,2090,train/ISIC_0029580.jpg,0,0,0
2091,2091,train/ISIC_0029078.jpg,0,0,0
2092,2092,train/ISIC_0026468.jpg,1,0,0
2093,2093,train/ISIC_0025518.jpg,0,0,0
2094,2094,train/ISIC_0027730.jpg,0,0,1
2095,2095,train/ISIC_0031975.jpg,0,0,1
2096,2096,train/ISIC_0032124.jpg,0,0,1
2097,2097,train/ISIC_0024944.jpg,0,0,0
2098,2098,train/ISIC_0029514.jpg,0,0,0
2099,2099,train/ISIC_0028346.jpg,0,0,1
2100,2100,train/ISIC_0025794.jpg,0,0,0
2101,2101,train/ISIC_0027372.jpg,0,0,1
2102,2102,train/ISIC_0029565.jpg,0,0,0
2103,2103,train/ISIC_0030317.jpg,0,0,0
2104,2104,train/ISIC_0031955.jpg,0,0,0
2105,2105,train/ISIC_0024360.jpg,0,0,0
2106,2106,train/ISIC_0027132.jpg,0,0,1
2107,2107,train/ISIC_0026858.jpg,0,0,0
2108,2108,train/ISIC_0031767.jpg,0,0,0
2109,2109,train/ISIC_0030403.jpg,0,0,1
2110,2110,train/ISIC_0024400.jpg,1,0,1
2111,2111,train/ISIC_0027350.jpg,1,0,0
2112,2112,train/ISIC_0034087.jpg,1,0,0
2113,2113,train/ISIC_0032756.jpg,0,0,0
2114,2114,train/ISIC_0032457.jpg,0,0,0
2115,2115,train/ISIC_0028561.jpg,0,0,0
2116,2116,train/ISIC_0031717.jpg,0,0,0
2117,2117,train/ISIC_0033419.jpg,0,0,0
2118,2118,train/ISIC_0028469.jpg,0,0,0
2119,2119,train/ISIC_0027454.jpg,0,0,1
2120,2120,train/ISIC_0024332.jpg,0,0,0
2121,2121,train/ISIC_0034301.jpg,0,0,0
2122,2122,train/ISIC_0027579.jpg,0,0,0
2123,2123,train/ISIC_0026628.jpg,0,0,0
2124,2124,train/ISIC_0026513.jpg,0,0,0
2125,2125,train/ISIC_0031003.jpg,0,0,0
2126,2126,train/ISIC_0029519.jpg,0,0,0
2127,2127,train/ISIC_0031069.jpg,0,0,0
2128,2128,train/ISIC_0031300.jpg,0,0,0
2129,2129,train/ISIC_0033616.jpg,1,0,0
2130,2130,train/ISIC_0034008.jpg,0,0,0
2131,2131,train/ISIC_0029244.jpg,0,0,0
2132,2132,train/ISIC_0025771.jpg,0,0,0
2133,2133,train/ISIC_0029413.jpg,0,0,1
2134,2134,train/ISIC_0030309.jpg,0,0,0
2135,2135,train/ISIC_0030869.jpg,0,0,1
2136,2136,train/ISIC_0027026.jpg,0,0,1
2137,2137,train/ISIC_0026148.jpg,0,0,0
2138,2138,train/ISIC_0031255.jpg,0,0,1
2139,2139,train/ISIC_0033382.jpg,0,0,0
2140,2140,train/ISIC_0032171.jpg,0,0,0
2141,2141,train/ISIC_0030086.jpg,0,0,0
2142,2142,train/ISIC_0026242.jpg,0,0,0
2143,2143,train/ISIC_0033127.jpg,0,0,1
2144,2144,train/ISIC_0026827.jpg,0,0,0
2145,2145,train/ISIC_0024550.jpg,0,0,1
2146,2146,train/ISIC_0028722.jpg,0,0,0
2147,2147,train/ISIC_0033703.jpg,0,0,0
2148,2148,train/ISIC_0025525.jpg,0,0,1
2149,2149,train/ISIC_0028342.jpg,0,0,0
2150,2150,train/ISIC_0034007.jpg,0,0,1
2151,2151,train/ISIC_0030656.jpg,0,0,0
2152,2152,train/ISIC_0033092.jpg,0,0,0
2153,2153,train/ISIC_0025303.jpg,1,0,0
2154,2154,train/ISIC_0026551.jpg,0,0,0
2155,2155,train/ISIC_0027529.jpg,1,0,0
2156,2156,train/ISIC_0028884.jpg,0,0,0
2157,2157,train/ISIC_0031934.jpg,0,0,0
2158,2158,train/ISIC_0029241.jpg,1,0,1
2159,2159,train/ISIC_0026814.jpg,0,0,1
2160,2160,train/ISIC_0030697.jpg,0,0,0
2161,2161,train/ISIC_0025066.jpg,0,0,0
2162,2162,train/ISIC_0034282.jpg,0,0,0
2163,2163,train/ISIC_0029477.jpg,0,0,1
2164,2164,train/ISIC_0025411.jpg,1,0,0
2165,2165,train/ISIC_0029159.jpg,0,0,0
2166,2166,train/ISIC_0027397.jpg,0,0,0
2167,2167,train/ISIC_0029863.jpg,0,0,0
2168,2168,train/ISIC_0028799.jpg,0,0,0
2169,2169,train/ISIC_0026405.jpg,0,0,0
2170,2170,train/ISIC_0025617.jpg,0,0,0
2171,2171,train/ISIC_0028806.jpg,0,0,0
2172,2172,train/ISIC_0032967.jpg,0,0,0
2173,2173,train/ISIC_0026336.jpg,0,0,0
2174,2174,train/ISIC_0028106.jpg,0,0,1
2175,2175,train/ISIC_0031280.jpg,0,0,0
2176,2176,train/ISIC_0033752.jpg,1,0,0
2177,2177,train/ISIC_0029950.jpg,0,0,0
2178,2178,train/ISIC_0025847.jpg,0,0,0
2179,2179,train/ISIC_0027817.jpg,0,0,0
2180,2180,train/ISIC_0027416.jpg,0,0,0
2181,2181,train/ISIC_0024875.jpg,1,0,1
2182,2182,train/ISIC_0025285.jpg,0,0,1
2183,2183,train/ISIC_0029218.jpg,0,0,1
2184,2184,train/ISIC_0024553.jpg,0,0,0
2185,2185,train/ISIC_0024335.jpg,0,0,0
2186,2186,train/ISIC_0031088.jpg,0,0,0
2187,2187,train/ISIC_0027178.jpg,1,0,1
2188,2188,train/ISIC_0030188.jpg,0,0,1
2189,2189,train/ISIC_0030695.jpg,1,0,1
2190,2190,train/ISIC_0027896.jpg,1,0,1
2191,2191,train/ISIC_0031360.jpg,0,0,1
2192,2192,train/ISIC_0031446.jpg,0,0,0
2193,2193,train/ISIC_0025075.jpg,0,0,0
2194,2194,train/ISIC_0030768.jpg,0,0,0
2195,2195,train/ISIC_0027226.jpg,0,0,1
2196,2196,train/ISIC_0025809.jpg,0,0,0
2197,2197,train/ISIC_0031095.jpg,0,0,1
2198,2198,train/ISIC_0033340.jpg,0,0,0
2199,2199,train/ISIC_0024470.jpg,1,0,0
2200,2200,train/ISIC_0026285.jpg,0,0,1
2201,2201,train/ISIC_0032134.jpg,1,0,1
2202,2202,train/ISIC_0029820.jpg,0,0,1
2203,2203,train/ISIC_0028412.jpg,1,0,0
2204,2204,train/ISIC_0029602.jpg,0,0,0
2205,2205,train/ISIC_0026160.jpg,0,0,0
2206,2206,train/ISIC_0024882.jpg,0,0,1
2207,2207,train/ISIC_0028114.jpg,1,0,1
2208,2208,train/ISIC_0034277.jpg,0,0,0
2209,2209,train/ISIC_0030622.jpg,0,0,0
2210,2210,train/ISIC_0027892.jpg,0,0,0
2211,2211,train/ISIC_0025222.jpg,0,0,1
2212,2212,train/ISIC_0028905.jpg,0,0,0
2213,2213,train/ISIC_0029141.jpg,1,0,0
2214,2214,train/ISIC_0032114.jpg,0,0,1
2215,2215,train/ISIC_0034064.jpg,1,0,0
2216,2216,train/ISIC_0025243.jpg,0,0,1
2217,2217,train/ISIC_0025070.jpg,0,0,0
2218,2218,train/ISIC_0028513.jpg,0,0,0
2219,2219,train/ISIC_0026658.jpg,0,0,1
2220,2220,train/ISIC_0030124.jpg,0,0,1
2221,2221,train/ISIC_0029243.jpg,0,0,0
2222,2222,train/ISIC_0034227.jpg,0,0,0
2223,2223,train/ISIC_0030266.jpg,0,0,0
2224,2224,train/ISIC_0032512.jpg,0,0,0
2225,2225,train/ISIC_0028928.jpg,0,0,0
2226,2226,train/ISIC_0033046.jpg,0,0,0
2227,2227,train/ISIC_0034084.jpg,0,0,0
2228,2228,train/ISIC_0024608.jpg,0,0,0
2229,2229,train/ISIC_0028796.jpg,0,0,0
2230,2230,train/ISIC_0028654.jpg,0,0,0
2231,2231,train/ISIC_0025472.jpg,1,0,0
2232,2232,train/ISIC_0026778.jpg,0,0,0
2233,2233,train/ISIC_0034278.jpg,0,0,0
2234,2234,train/ISIC_0032896.jpg,0,0,0
2235,2235,train/ISIC_0028873.jpg,0,0,1
2236,2236,train/ISIC_0034157.jpg,0,0,0
2237,2237,train/ISIC_0030236.jpg,0,0,0
2238,2238,train/ISIC_0024392.jpg,0,0,1
2239,2239,train/ISIC_0034201.jpg,0,0,0
2240,2240,train/ISIC_0030507.jpg,1,0,1
2241,2241,train/ISIC_0026836.jpg,0,0,0
2242,2242,train/ISIC_0033277.jpg,0,0,0
2243,2243,train/ISIC_0024592.jpg,0,0,0
2244,2244,train/ISIC_0033255.jpg,0,0,0
2245,2245,train/ISIC_0024414.jpg,0,0,1
2246,2246,train/ISIC_0033311.jpg,0,0,0
2247,2247,train/ISIC_0027492.jpg,0,0,0
2248,2248,train/ISIC_0026978.jpg,0,0,1
2249,2249,train/ISIC_0029757.jpg,0,0,0
2250,2250,train/ISIC_0031137.jpg,0,0,0
2251,2251,train/ISIC_0033524.jpg,1,0,1
2252,2252,train/ISIC_0026311.jpg,0,0,0
2253,2253,train/ISIC_0026407.jpg,0,0,0
2254,2254,train/ISIC_0032966.jpg,0,0,0
2255,2255,train/ISIC_0025827.jpg,0,0,0
2256,2256,train/ISIC_0033940.jpg,0,0,0
2257,2257,train/ISIC_0027802.jpg,1,0,0
2258,2258,train/ISIC_0032855.jpg,0,0,0
2259,2259,train/ISIC_0029283.jpg,0,0,0
2260,2260,train/ISIC_0029608.jpg,0,0,1
2261,2261,train/ISIC_0028626.jpg,0,0,0
2262,2262,train/ISIC_0031343.jpg,0,0,0
2263,2263,train/ISIC_0028568.jpg,0,0,1
2264,2264,train/ISIC_0031199.jpg,0,0,0
2265,2265,train/ISIC_0028163.jpg,0,0,0
2266,2266,train/ISIC_0030522.jpg,0,0,1
2267,2267,train/ISIC_0029022.jpg,0,0,1
2268,2268,train/ISIC_0032674.jpg,0,0,0
2269,2269,train/ISIC_0028988.jpg,0,0,0
2270,2270,train/ISIC_0028755.jpg,0,0,1
2271,2271,train/ISIC_0029443.jpg,0,0,1
2272,2272,train/ISIC_0030039.jpg,0,0,1
2273,2273,train/ISIC_0031434.jpg,0,0,1
2274,2274,train/ISIC_0032221.jpg,0,0,0
2275,2275,train/ISIC_0026423.jpg,0,0,0
2276,2276,train/ISIC_0033635.jpg,0,0,1
2277,2277,train/ISIC_0031696.jpg,0,0,0
2278,2278,train/ISIC_0025951.jpg,0,0,0
2279,2279,train/ISIC_0031946.jpg,0,0,1
2280,2280,train/ISIC_0025115.jpg,0,0,0
2281,2281,train/ISIC_0033801.jpg,1,0,0
2282,2282,train/ISIC_0025937.jpg,0,0,1
2283,2283,train/ISIC_0032040.jpg,0,0,1
2284,2284,train/ISIC_0030411.jpg,0,0,0
2285,2285,train/ISIC_0032364.jpg,0,0,0
2286,2286,train/ISIC_0029463.jpg,0,0,0
2287,2287,train/ISIC_0026512.jpg,0,0,0
2288,2288,train/ISIC_0030778.jpg,0,0,1
2289,2289,train/ISIC_0024958.jpg,1,0,0
2290,2290,train/ISIC_0034037.jpg,0,0,0
2291,2291,train/ISIC_0025037.jpg,0,0,1
2292,2292,train/ISIC_0034285.jpg,0,0,0
2293,2293,train/ISIC_0027688.jpg,0,0,1
2294,2294,train/ISIC_0032715.jpg,0,0,0
2295,2295,train/ISIC_0032240.jpg,0,0,1
2296,2296,train/ISIC_0026579.jpg,0,0,0
2297,2297,train/ISIC_0031517.jpg,1,0,1
2298,2298,train/ISIC_0026260.jpg,0,0,0
2299,2299,train/ISIC_0031080.jpg,0,0,0
2300,2300,train/ISIC_0026547.jpg,0,0,0
2301,2301,train/ISIC_0027308.jpg,0,0,0
2302,2302,train/ISIC_0026868.jpg,1,0,1
2303,2303,train/ISIC_0032588.jpg,0,0,0
2304,2304,train/ISIC_0029694.jpg,0,0,1
2305,2305,train/ISIC_0032629.jpg,1,0,1
2306,2306,train/ISIC_0025645.jpg,0,0,0
2307,2307,train/ISIC_0031589.jpg,0,0,0
2308,2308,train/ISIC_0026437.jpg,0,0,1
2309,2309,train/ISIC_0030605.jpg,0,0,1
2310,2310,train/ISIC_0028025.jpg,0,0,0
2311,2311,train/ISIC_0030830.jpg,0,0,0
2312,2312,train/ISIC_0033668.jpg,1,0,0
2313,2313,train/ISIC_0024499.jpg,0,0,0
2314,2314,train/ISIC_0029846.jpg,0,0,0
2315,2315,train/ISIC_0026316.jpg,0,0,1
2316,2316,train/ISIC_0034059.jpg,1,0,1
2317,2317,train/ISIC_0030947.jpg,0,0,0
2318,2318,train/ISIC_0033006.jpg,0,0,0
2319,2319,train/ISIC_0027512.jpg,0,0,1
2320,2320,train/ISIC_0031694.jpg,0,0,0
2321,2321,train/ISIC_0032827.jpg,0,0,1
2322,2322,train/ISIC_0031822.jpg,0,0,0
2323,2323,train/ISIC_0033445.jpg,0,0,1
2324,2324,train/ISIC_0026225.jpg,0,0,0
2325,2325,train/ISIC_0034188.jpg,1,0,1
2326,2326,train/ISIC_0032624.jpg,1,0,1
2327,2327,train/ISIC_0029890.jpg,0,0,0
2328,2328,train/ISIC_0032676.jpg,0,0,0
2329,2329,train/ISIC_0025540.jpg,0,0,0
2330,2330,train/ISIC_0026992.jpg,1,0,1
2331,2331,train/ISIC_0025970.jpg,0,0,0
2332,2332,train/ISIC_0024356.jpg,0,0,1
2333,2333,train/ISIC_0031514.jpg,0,0,0
2334,2334,train/ISIC_0029139.jpg,0,0,0
2335,2335,train/ISIC_0030563.jpg,0,0,0
2336,2336,train/ISIC_0031813.jpg,0,0,0
2337,2337,train/ISIC_0029870.jpg,0,0,1
2338,2338,train/ISIC_0030058.jpg,0,0,0
2339,2339,train/ISIC_0029217.jpg,0,0,0
2340,2340,train/ISIC_0031826.jpg,0,0,0
2341,2341,train/ISIC_0029974.jpg,0,0,1
2342,2342,train/ISIC_0032555.jpg,0,0,0
2343,2343,train/ISIC_0030468.jpg,0,0,0
2344,2344,train/ISIC_0032580.jpg,0,0,1
2345,2345,train/ISIC_0033747.jpg,0,0,0
2346,2346,train/ISIC_0026527.jpg,0,0,1
2347,2347,train/ISIC_0034209.jpg,0,0,0
2348,2348,train/ISIC_0029723.jpg,0,0,0
2349,2349,train/ISIC_0032451.jpg,0,0,1
2350,2350,train/ISIC_0032329.jpg,1,0,1
2351,2351,train/ISIC_0028149.jpg,0,0,0
2352,2352,train/ISIC_0030781.jpg,0,0,0
2353,2353,train/ISIC_0024537.jpg,1,0,1
2354,2354,train/ISIC_0033853.jpg,0,0,1
2355,2355,train/ISIC_0030601.jpg,0,0,0
2356,2356,train/ISIC_0028867.jpg,0,0,0
2357,2357,train/ISIC_0029866.jpg,0,0,0
2358,2358,train/ISIC_0026084.jpg,0,0,1
2359,2359,train/ISIC_0030901.jpg,1,0,0
2360,2360,train/ISIC_0029893.jpg,1,0,1
2361,2361,train/ISIC_0024613.jpg,0,0,0
2362,2362,train/ISIC_0026197.jpg,0,0,0
2363,2363,train/ISIC_0030880.jpg,0,0,0
2364,2364,train/ISIC_0032382.jpg,0,0,0
2365,2365,train/ISIC_0033711.jpg,0,0,0
2366,2366,train/ISIC_0033800.jpg,0,0,0
2367,2367,train/ISIC_0028059.jpg,0,0,0
2368,2368,train/ISIC_0027385.jpg,0,0,0
2369,2369,train/ISIC_0026792.jpg,0,0,0
2370,2370,train/ISIC_0030700.jpg,0,0,1
2371,2371,train/ISIC_0032421.jpg,0,0,0
2372,2372,train/ISIC_0032312.jpg,0,0,0
2373,2373,train/ISIC_0033071.jpg,0,0,0
2374,2374,train/ISIC_0030810.jpg,0,0,0
2375,2375,train/ISIC_0029534.jpg,0,0,1
2376,2376,train/ISIC_0031574.jpg,0,0,0
2377,2377,train/ISIC_0031947.jpg,0,0,0
2378,2378,train/ISIC_0029240.jpg,0,0,0
2379,2379,train/ISIC_0031644.jpg,0,0,1
2380,2380,train/ISIC_0033743.jpg,0,0,0
2381,2381,train/ISIC_0026681.jpg,0,0,0
2382,2382,train/ISIC_0030864.jpg,0,0,0
2383,2383,train/ISIC_0033995.jpg,1,0,0
2384,2384,train/ISIC_0024744.jpg,0,0,0
2385,2385,train/ISIC_0029083.jpg,0,0,1
2386,2386,train/ISIC_0029194.jpg,0,0,0
2387,2387,train/ISIC_0029316.jpg,1,0,0
2388,2388,train/ISIC_0029916.jpg,0,0,0
2389,2389,train/ISIC_0028194.jpg,0,0,0
2390,2390,train/ISIC_0030561.jpg,0,0,0
2391,2391,train/ISIC_0028498.jpg,0,0,0
2392,2392,train/ISIC_0025030.jpg,0,0,1
2393,2393,train/ISIC_0034149.jpg,0,0,0
2394,2394,train/ISIC_0028699.jpg,0,0,0
2395,2395,train/ISIC_0027494.jpg,0,0,0
2396,2396,train/ISIC_0030790.jpg,0,0,1
2397,2397,train/ISIC_0026594.jpg,0,0,0
2398,2398,train/ISIC_0032092.jpg,0,0,0
2399,2399,train/ISIC_0024339.jpg,0,0,0
2400,2400,train/ISIC_0033198.jpg,1,0,1
2401,2401,train/ISIC_0033779.jpg,1,0,0
2402,2402,train/ISIC_0030979.jpg,0,0,0
2403,2403,train/ISIC_0031377.jpg,1,0,1
2404,2404,train/ISIC_0028904.jpg,0,0,0
2405,2405,train/ISIC_0028156.jpg,1,0,0
2406,2406,train/ISIC_0033236.jpg,0,0,0
2407,2407,train/ISIC_0031833.jpg,0,0,0
2408,2408,train/ISIC_0030595.jpg,0,0,0
2409,2409,train/ISIC_0029056.jpg,1,0,1
2410,2410,train/ISIC_0031103.jpg,0,0,0
2411,2411,train/ISIC_0030766.jpg,0,0,1
2412,2412,train/ISIC_0032097.jpg,0,0,0
2413,2413,train/ISIC_0033834.jpg,1,0,1
2414,2414,train/ISIC_0032015.jpg,0,0,0
2415,2415,train/ISIC_0030258.jpg,0,0,1
2416,2416,train/ISIC_0029123.jpg,0,0,1
2417,2417,train/ISIC_0028188.jpg,0,0,1
2418,2418,train/ISIC_0027063.jpg,1,0,1
2419,2419,train/ISIC_0025901.jpg,0,0,0
2420,2420,train/ISIC_0029900.jpg,1,0,0
2421,2421,train/ISIC_0025074.jpg,0,0,0
2422,2422,train/ISIC_0028634.jpg,0,0,0
2423,2423,train/ISIC_0033216.jpg,1,0,0
2424,2424,train/ISIC_0033905.jpg,1,0,0
2425,2425,train/ISIC_0028813.jpg,0,0,0
2426,2426,train/ISIC_0028153.jpg,0,0,0
2427,2427,train/ISIC_0028095.jpg,0,0,1
2428,2428,train/ISIC_0033648.jpg,0,0,0
2429,2429,train/ISIC_0029669.jpg,0,0,1
2430,2430,train/ISIC_0032339.jpg,0,0,0
2431,2431,train/ISIC_0030859.jpg,0,0,0
2432,2432,train/ISIC_0031113.jpg,0,0,1
2433,2433,train/ISIC_0032680.jpg,0,0,0
2434,2434,train/ISIC_0032052.jpg,0,0,0
2435,2435,train/ISIC_0032462.jpg,1,0,1
2436,2436,train/ISIC_0025078.jpg,0,0,0
2437,2437,train/ISIC_0031657.jpg,0,0,0
2438,2438,train/ISIC_0030462.jpg,0,0,0
2439,2439,train/ISIC_0033787.jpg,0,0,1
2440,2440,train/ISIC_0024393.jpg,0,0,1
2441,2441,train/ISIC_0032183.jpg,0,0,0
2442,2442,train/ISIC_0028050.jpg,0,0,1
2443,2443,train/ISIC_0026948.jpg,0,0,0
2444,2444,train/ISIC_0033453.jpg,0,0,1
2445,2445,train/ISIC_0028367.jpg,0,0,0
2446,2446,train/ISIC_0033606.jpg,0,0,0
2447,2447,train/ISIC_0024881.jpg,0,0,1
2448,2448,train/ISIC_0031393.jpg,0,0,0
2449,2449,train/ISIC_0029231.jpg,0,0,0
2450,2450,train/ISIC_0026753.jpg,0,0,1
2451,2451,train/ISIC_0026558.jpg,1,0,1
2452,2452,train/ISIC_0034267.jpg,0,0,0
2453,2453,train/ISIC_0026820.jpg,0,0,0
2454,2454,train/ISIC_0030489.jpg,0,0,0
2455,2455,train/ISIC_0025226.jpg,0,0,0
2456,2456,train/ISIC_0025947.jpg,0,0,0
2457,2457,train/ISIC_0024917.jpg,0,0,0
2458,2458,train/ISIC_0032115.jpg,0,0,0
2459,2459,train/ISIC_0030172.jpg,0,0,0
2460,2460,train/ISIC_0031515.jpg,0,0,0
2461,2461,train/ISIC_0025084.jpg,0,0,0
2462,2462,train/ISIC_0031860.jpg,0,0,0
2463,2463,train/ISIC_0029148.jpg,0,0,0
2464,2464,train/ISIC_0027960.jpg,0,0,1
2465,2465,train/ISIC_0024645.jpg,0,0,0
2466,2466,train/ISIC_0029990.jpg,0,0,0
2467,2467,train/ISIC_0033971.jpg,0,0,0
2468,2468,train/ISIC_0024910.jpg,0,0,1
2469,2469,train/ISIC_0032004.jpg,0,0,0
2470,2470,train/ISIC_0028876.jpg,0,0,1
2471,2471,train/ISIC_0030234.jpg,0,0,0
2472,2472,train/ISIC_0027898.jpg,0,0,1
2473,2473,train/ISIC_0031776.jpg,0,0,0
2474,2474,train/ISIC_0027606.jpg,0,0,1
2475,2475,train/ISIC_0034176.jpg,0,0,0
2476,2476,train/ISIC_0025591.jpg,0,0,0
2477,2477,train/ISIC_0032535.jpg,1,0,1
2478,2478,train/ISIC_0029924.jpg,0,0,0
2479,2479,train/ISIC_0032495.jpg,0,0,0
2480,2480,train/ISIC_0028563.jpg,0,0,1
2481,2481,train/ISIC_0025188.jpg,1,0,0
2482,2482,train/ISIC_0031708.jpg,0,0,0
2483,2483,train/ISIC_0029360.jpg,1,0,1
2484,2484,train/ISIC_0026875.jpg,0,0,0
2485,2485,train/ISIC_0026104.jpg,0,0,0
2486,2486,train/ISIC_0033160.jpg,0,0,0
2487,2487,train/ISIC_0028497.jpg,0,0,1
2488,2488,train/ISIC_0028220.jpg,1,0,0
2489,2489,train/ISIC_0027019.jpg,0,0,0
2490,2490,train/ISIC_0032066.jpg,0,0,0
2491,2491,train/ISIC_0034224.jpg,0,0,0
2492,2492,train/ISIC_0031586.jpg,1,0,0
2493,2493,train/ISIC_0029825.jpg,0,0,1
2494,2494,train/ISIC_0029057.jpg,0,0,0
2495,2495,train/ISIC_0029200.jpg,0,0,1
2496,2496,train/ISIC_0026199.jpg,0,0,0
2497,2497,train/ISIC_0033734.jpg,0,0,0
2498,2498,train/ISIC_0032898.jpg,0,0,0
2499,2499,train/ISIC_0026534.jpg,0,0,1
2500,2500,train/ISIC_0027683.jpg,0,0,0
2501,2501,train/ISIC_0028448.jpg,0,0,0
2502,2502,train/ISIC_0033923.jpg,0,0,0
2503,2503,train/ISIC_0033270.jpg,0,0,1
2504,2504,train/ISIC_0028537.jpg,1,0,0
2505,2505,train/ISIC_0025298.jpg,0,0,0
2506,2506,train/ISIC_0027183.jpg,0,0,0
2507,2507,train/ISIC_0028686.jpg,0,0,0
2508,2508,train/ISIC_0031551.jpg,0,0,0
2509,2509,train/ISIC_0025583.jpg,0,0,0
2510,2510,train/ISIC_0026471.jpg,0,0,0
2511,2511,train/ISIC_0029832.jpg,0,0,0
2512,2512,train/ISIC_0029884.jpg,1,0,1
2513,2513,train/ISIC_0032567.jpg,0,0,0
2514,2514,train/ISIC_0033054.jpg,0,0,0
2515,2515,train/ISIC_0028866.jpg,0,0,0
2516,2516,train/ISIC_0032345.jpg,0,0,0
2517,2517,train/ISIC_0028360.jpg,0,0,0
2518,2518,train/ISIC_0031382.jpg,0,0,0
2519,2519,train/ISIC_0030178.jpg,0,0,0
2520,2520,train/ISIC_0029104.jpg,0,0,0
2521,2521,train/ISIC_0029165.jpg,0,0,0
2522,2522,train/ISIC_0025566.jpg,0,0,0
2523,2523,train/ISIC_0033385.jpg,0,0,1
2524,2524,train/ISIC_0030117.jpg,0,0,0
2525,2525,train/ISIC_0026301.jpg,0,0,1
2526,2526,train/ISIC_0033279.jpg,1,0,0
2527,2527,train/ISIC_0025671.jpg,0,0,0
2528,2528,train/ISIC_0025627.jpg,0,0,0
2529,2529,train/ISIC_0026376.jpg,0,0,0
2530,2530,train/ISIC_0029450.jpg,0,0,1
2531,2531,train/ISIC_0030636.jpg,0,0,1
2532,2532,train/ISIC_0031897.jpg,0,0,0
2533,2533,train/ISIC_0024476.jpg,0,0,1
2534,2534,train/ISIC_0024798.jpg,0,0,1
2535,2535,train/ISIC_0031148.jpg,0,0,0
2536,2536,train/ISIC_0024646.jpg,1,0,1
2537,2537,train/ISIC_0024971.jpg,0,0,0
2538,2538,train/ISIC_0031027.jpg,0,0,0
2539,2539,train/ISIC_0026030.jpg,0,0,0
2540,2540,train/ISIC_0026686.jpg,0,0,0
2541,2541,train/ISIC_0031779.jpg,1,0,1
2542,2542,train/ISIC_0024431.jpg,0,0,0
2543,2543,train/ISIC_0025906.jpg,0,0,0
2544,2544,train/ISIC_0030144.jpg,0,0,0
2545,2545,train/ISIC_0029209.jpg,1,0,0
2546,2546,train/ISIC_0029733.jpg,0,0,1
2547,2547,train/ISIC_0028264.jpg,0,0,0
2548,2548,train/ISIC_0032175.jpg,0,0,0
2549,2549,train/ISIC_0024751.jpg,0,0,0
2550,2550,train/ISIC_0030756.jpg,1,0,1
2551,2551,train/ISIC_0026115.jpg,1,0,1
2552,2552,train/ISIC_0029677.jpg,0,0,0
2553,2553,train/ISIC_0028003.jpg,1,0,0
2554,2554,train/ISIC_0024880.jpg,0,0,0
2555,2555,train/ISIC_0027400.jpg,0,0,0
2556,2556,train/ISIC_0028329.jpg,0,0,1
2557,2557,train/ISIC_0026306.jpg,0,0,0
2558,2558,train/ISIC_0024728.jpg,0,0,0
2559,2559,train/ISIC_0024561.jpg,0,0,1
2560,2560,train/ISIC_0030827.jpg,1,0,0
2561,2561,train/ISIC_0030082.jpg,0,0,0
2562,2562,train/ISIC_0032371.jpg,1,0,1
2563,2563,train/ISIC_0028487.jpg,0,0,0
2564,2564,train/ISIC_0028301.jpg,0,0,0
2565,2565,train/ISIC_0026825.jpg,0,0,0
2566,2566,train/ISIC_0029422.jpg,0,0,1
2567,2567,train/ISIC_0026353.jpg,0,0,0
2568,2568,train/ISIC_0031285.jpg,0,0,1
2569,2569,train/ISIC_0031768.jpg,0,0,0
2570,2570,train/ISIC_0028529.jpg,0,0,0
2571,2571,train/ISIC_0030304.jpg,0,0,0
2572,2572,train/ISIC_0032725.jpg,0,0,1
2573,2573,train/ISIC_0028040.jpg,0,0,0
2574,2574,train/ISIC_0029330.jpg,0,0,0
2575,2575,train/ISIC_0029225.jpg,0,0,0
2576,2576,train/ISIC_0030083.jpg,1,0,1
2577,2577,train/ISIC_0029800.jpg,0,0,0
2578,2578,train/ISIC_0029062.jpg,0,0,1
2579,2579,train/ISIC_0032701.jpg,0,0,0
2580,2580,train/ISIC_0029850.jpg,0,0,0
2581,2581,train/ISIC_0033084.jpg,1,0,0
2582,2582,train/ISIC_0027905.jpg,0,0,1
2583,2583,train/ISIC_0028507.jpg,0,0,1
2584,2584,train/ISIC_0030146.jpg,0,0,1
2585,2585,train/ISIC_0031149.jpg,0,0,1
2586,2586,train/ISIC_0030540.jpg,0,0,0
2587,2587,train/ISIC_0029517.jpg,0,0,0
2588,2588,train/ISIC_0034314.jpg,0,0,0
2589,2589,train/ISIC_0032643.jpg,0,0,1
2590,2590,train/ISIC_0028168.jpg,0,0,1
2591,2591,train/ISIC_0025692.jpg,0,0,0
2592,2592,train/ISIC_0024649.jpg,0,0,0
2593,2593,train/ISIC_0033521.jpg,0,0,0
2594,2594,train/ISIC_0029549.jpg,1,0,1
2595,2595,train/ISIC_0027323.jpg,0,0,0
2596,2596,train/ISIC_0027119.jpg,0,0,1
2597,2597,train/ISIC_0032750.jpg,1,0,0
2598,2598,train/ISIC_0025124.jpg,0,0,0
2599,2599,train/ISIC_0031611.jpg,0,0,0
2600,2600,train/ISIC_0028280.jpg,0,0,0
2601,2601,train/ISIC_0031287.jpg,0,0,1
2602,2602,train/ISIC_0027158.jpg,0,0,0
2603,2603,train/ISIC_0027098.jpg,0,0,1
2604,2604,train/ISIC_0025141.jpg,0,0,0
2605,2605,train/ISIC_0030137.jpg,0,0,1
2606,2606,train/ISIC_0030956.jpg,0,0,0
2607,2607,train/ISIC_0028671.jpg,0,0,0
2608,2608,train/ISIC_0032145.jpg,0,0,0
2609,2609,train/ISIC_0028037.jpg,0,0,0
2610,2610,train/ISIC_0033062.jpg,0,0,0
2611,2611,train/ISIC_0026785.jpg,0,0,0
2612,2612,train/ISIC_0034128.jpg,0,0,0
2613,2613,train/ISIC_0026835.jpg,0,0,1
2614,2614,train/ISIC_0029023.jpg,0,0,0
2615,2615,train/ISIC_0029590.jpg,0,0,0
2616,2616,train/ISIC_0027374.jpg,0,0,1
2617,2617,train/ISIC_0032456.jpg,0,0,0
2618,2618,train/ISIC_0028900.jpg,1,0,1
2619,2619,train/ISIC_0032807.jpg,1,0,0
2620,2620,train/ISIC_0033110.jpg,0,0,0
2621,2621,train/ISIC_0025981.jpg,0,0,0
2622,2622,train/ISIC_0032885.jpg,0,0,0
2623,2623,train/ISIC_0031024.jpg,0,0,0
2624,2624,train/ISIC_0027480.jpg,1,0,0
2625,2625,train/ISIC_0032385.jpg,0,0,0
2626,2626,train/ISIC_0034302.jpg,0,0,0
2627,2627,train/ISIC_0030212.jpg,0,0,0
2628,2628,train/ISIC_0029285.jpg,0,0,0
2629,2629,train/ISIC_0025152.jpg,0,0,1
2630,2630,train/ISIC_0027589.jpg,0,0,0
2631,2631,train/ISIC_0033879.jpg,0,0,0
2632,2632,train/ISIC_0031699.jpg,0,0,1
2633,2633,train/ISIC_0030715.jpg,0,0,0
2634,2634,train/ISIC_0029025.jpg,1,0,1
2635,2635,train/ISIC_0025097.jpg,1,0,0
2636,2636,train/ISIC_0029031.jpg,0,0,0
2637,2637,train/ISIC_0029574.jpg,1,0,0
2638,2638,train/ISIC_0026280.jpg,0,0,0
2639,2639,train/ISIC_0028586.jpg,0,0,0
2640,2640,train/ISIC_0025144.jpg,0,0,1
2641,2641,train/ISIC_0026740.jpg,0,0,1
2642,2642,train/ISIC_0030896.jpg,0,0,0
2643,2643,train/ISIC_0032433.jpg,1,0,0
2644,2644,train/ISIC_0033701.jpg,0,0,1
2645,2645,train/ISIC_0028840.jpg,0,0,0
2646,2646,train/ISIC_0028232.jpg,1,0,0
2647,2647,train/ISIC_0033034.jpg,1,0,1
2648,2648,train/ISIC_0025284.jpg,0,0,1
2649,2649,train/ISIC_0033029.jpg,1,0,0
2650,2650,train/ISIC_0026938.jpg,0,0,0
2651,2651,train/ISIC_0029613.jpg,0,0,1
2652,2652,train/ISIC_0033425.jpg,0,0,0
2653,2653,train/ISIC_0029302.jpg,0,0,0
2654,2654,train/ISIC_0025091.jpg,0,0,0
2655,2655,train/ISIC_0028820.jpg,1,0,1
2656,2656,train/ISIC_0025417.jpg,0,0,1
2657,2657,train/ISIC_0027726.jpg,0,0,0
2658,2658,train/ISIC_0025570.jpg,0,0,0
2659,2659,train/ISIC_0033221.jpg,0,0,0
2660,2660,train/ISIC_0026757.jpg,0,0,0
2661,2661,train/ISIC_0026857.jpg,1,0,0
2662,2662,train/ISIC_0026830.jpg,0,0,0
2663,2663,train/ISIC_0033183.jpg,1,0,1
2664,2664,train/ISIC_0027478.jpg,0,0,0
2665,2665,train/ISIC_0027103.jpg,0,0,0
2666,2666,train/ISIC_0028139.jpg,0,0,0
2667,2667,train/ISIC_0032687.jpg,1,0,0
2668,2668,train/ISIC_0029852.jpg,0,0,0
2669,2669,train/ISIC_0033522.jpg,1,0,0
2670,2670,train/ISIC_0031029.jpg,0,0,1
2671,2671,train/ISIC_0025071.jpg,0,0,0
2672,2672,train/ISIC_0024364.jpg,0,0,0
2673,2673,train/ISIC_0033373.jpg,0,0,0
2674,2674,train/ISIC_0029686.jpg,0,0,0
2675,2675,train/ISIC_0025476.jpg,0,0,0
2676,2676,train/ISIC_0033491.jpg,0,0,0
2677,2677,train/ISIC_0034042.jpg,0,0,0
2678,2678,train/ISIC_0033936.jpg,0,0,0
2679,2679,train/ISIC_0029636.jpg,0,0,0
2680,2680,train/ISIC_0028359.jpg,0,0,0
2681,2681,train/ISIC_0028317.jpg,1,0,1
2682,2682,train/ISIC_0026526.jpg,0,0,0
2683,2683,train/ISIC_0029532.jpg,0,0,0
2684,2684,train/ISIC_0026064.jpg,0,0,0
2685,2685,train/ISIC_0033548.jpg,0,0,0
2686,2686,train/ISIC_0025538.jpg,0,0,0
2687,2687,train/ISIC_0024378.jpg,0,0,0
2688,2688,train/ISIC_0031311.jpg,0,0,0
2689,2689,train/ISIC_0033039.jpg,0,0,0
2690,2690,train/ISIC_0025513.jpg,0,0,0
2691,2691,train/ISIC_0032613.jpg,0,0,0
2692,2692,train/ISIC_0033918.jpg,0,0,0
2693,2693,train/ISIC_0031731.jpg,0,0,0
2694,2694,train/ISIC_0031461.jpg,0,0,0
2695,2695,train/ISIC_0024582.jpg,0,0,1
2696,2696,train/ISIC_0034127.jpg,0,0,0
2697,2697,train/ISIC_0027326.jpg,0,0,1
2698,2698,train/ISIC_0034193.jpg,0,0,0
2699,2699,train/ISIC_0027161.jpg,0,0,0
2700,2700,train/ISIC_0026234.jpg,0,0,0
2701,2701,train/ISIC_0032166.jpg,0,0,0
2702,2702,train/ISIC_0024319.jpg,0,0,0
2703,2703,train/ISIC_0027102.jpg,1,0,0
2704,2704,train/ISIC_0030918.jpg,0,0,0
2705,2705,train/ISIC_0027243.jpg,0,0,0
2706,2706,train/ISIC_0027241.jpg,0,0,0
2707,2707,train/ISIC_0030689.jpg,1,0,1
2708,2708,train/ISIC_0029828.jpg,0,0,0
2709,2709,train/ISIC_0026536.jpg,0,0,0
2710,2710,train/ISIC_0033806.jpg,1,0,1
2711,2711,train/ISIC_0024966.jpg,0,0,0
2712,2712,train/ISIC_0025871.jpg,0,0,0
2713,2713,train/ISIC_0030306.jpg,0,0,0
2714,2714,train/ISIC_0030832.jpg,0,0,0
2715,2715,train/ISIC_0031126.jpg,0,0,0
2716,2716,train/ISIC_0031908.jpg,1,0,1
2717,2717,train/ISIC_0029544.jpg,0,0,1
2718,2718,train/ISIC_0034272.jpg,0,0,0
2719,2719,train/ISIC_0034292.jpg,0,0,0
2720,2720,train/ISIC_0033132.jpg,0,0,0
2721,2721,train/ISIC_0034183.jpg,1,0,0
2722,2722,train/ISIC_0032242.jpg,0,0,0
2723,2723,train/ISIC_0032301.jpg,0,0,0
2724,2724,train/ISIC_0028089.jpg,0,0,0
2725,2725,train/ISIC_0024887.jpg,0,0,0
2726,2726,train/ISIC_0030410.jpg,0,0,0
2727,2727,train/ISIC_0027303.jpg,1,0,1
2728,2728,train/ISIC_0027261.jpg,1,0,1
2729,2729,train/ISIC_0028217.jpg,0,0,0
2730,2730,train/ISIC_0024435.jpg,0,0,0
2731,2731,train/ISIC_0031762.jpg,0,0,1
2732,2732,train/ISIC_0026575.jpg,1,0,1
2733,2733,train/ISIC_0024416.jpg,0,0,1
2734,2734,train/ISIC_0024793.jpg,0,0,1
2735,2735,train/ISIC_0025170.jpg,0,0,0
2736,2736,train/ISIC_0026496.jpg,0,0,1
2737,2737,train/ISIC_0027656.jpg,0,0,0
2738,2738,train/ISIC_0028411.jpg,0,0,0
2739,2739,train/ISIC_0032123.jpg,0,0,1
2740,2740,train/ISIC_0031868.jpg,0,0,0
2741,2741,train/ISIC_0025295.jpg,0,0,1
2742,2742,train/ISIC_0029557.jpg,0,0,1
2743,2743,train/ISIC_0031349.jpg,0,0,1
2744,2744,train/ISIC_0027933.jpg,0,0,0
2745,2745,train/ISIC_0027258.jpg,0,0,0
2746,2746,train/ISIC_0032080.jpg,0,0,0
2747,2747,train/ISIC_0026192.jpg,0,0,1
2748,2748,train/ISIC_0025509.jpg,0,0,0
2749,2749,train/ISIC_0030705.jpg,0,0,0
2750,2750,train/ISIC_0033014.jpg,0,0,0
2751,2751,train/ISIC_0029167.jpg,0,0,0
2752,2752,train/ISIC_0029300.jpg,0,0,0
2753,2753,train/ISIC_0028320.jpg,0,0,0
2754,2754,train/ISIC_0032327.jpg,0,0,1
2755,2755,train/ISIC_0032160.jpg,0,0,1
2756,2756,train/ISIC_0024605.jpg,0,0,0
2757,2757,train/ISIC_0027086.jpg,0,0,0
2758,2758,train/ISIC_0025512.jpg,1,0,0
2759,2759,train/ISIC_0024997.jpg,0,0,0
2760,2760,train/ISIC_0026877.jpg,1,0,1
2761,2761,train/ISIC_0028306.jpg,1,0,0
2762,2762,train/ISIC_0029489.jpg,0,0,1
2763,2763,train/ISIC_0029844.jpg,0,0,0
2764,2764,train/ISIC_0029736.jpg,0,0,0
2765,2765,train/ISIC_0030109.jpg,0,0,0
2766,2766,train/ISIC_0029130.jpg,0,0,1
2767,2767,train/ISIC_0024552.jpg,1,0,0
2768,2768,train/ISIC_0030932.jpg,1,0,1
2769,2769,train/ISIC_0033973.jpg,0,0,0
2770,2770,train/ISIC_0026360.jpg,1,0,0
2771,2771,train/ISIC_0029789.jpg,0,0,1
2772,2772,train/ISIC_0026771.jpg,0,0,1
2773,2773,train/ISIC_0030527.jpg,0,0,0
2774,2774,train/ISIC_0029381.jpg,0,0,0
2775,2775,train/ISIC_0028486.jpg,0,0,1
2776,2776,train/ISIC_0026685.jpg,0,0,1
2777,2777,train/ISIC_0024595.jpg,0,0,1
2778,2778,train/ISIC_0025200.jpg,0,0,0
2779,2779,train/ISIC_0031315.jpg,0,0,0
2780,2780,train/ISIC_0030612.jpg,0,0,0
2781,2781,train/ISIC_0031237.jpg,0,0,0
2782,2782,train/ISIC_0031047.jpg,0,0,0
2783,2783,train/ISIC_0031463.jpg,0,0,0
2784,2784,train/ISIC_0032005.jpg,0,0,0
2785,2785,train/ISIC_0024614.jpg,0,0,0
2786,2786,train/ISIC_0029142.jpg,0,0,0
2787,2787,train/ISIC_0026935.jpg,0,0,0
2788,2788,train/ISIC_0032543.jpg,0,0,0
2789,2789,train/ISIC_0031742.jpg,0,0,1
2790,2790,train/ISIC_0031886.jpg,0,0,0
2791,2791,train/ISIC_0029214.jpg,0,0,0
2792,2792,train/ISIC_0029005.jpg,0,0,0
2793,2793,train/ISIC_0032207.jpg,1,0,0
2794,2794,train/ISIC_0031882.jpg,0,0,0
2795,2795,train/ISIC_0027857.jpg,0,0,0
2796,2796,train/ISIC_0028090.jpg,0,0,0
2797,2797,train/ISIC_0030808.jpg,0,0,0
2798,2798,train/ISIC_0027540.jpg,0,0,0
2799,2799,train/ISIC_0031128.jpg,0,0,0
2800,2800,train/ISIC_0027925.jpg,0,0,0
2801,2801,train/ISIC_0029051.jpg,0,0,1
2802,2802,train/ISIC_0029028.jpg,1,0,1
2803,2803,train/ISIC_0033095.jpg,0,0,0
2804,2804,train/ISIC_0032765.jpg,0,0,0
2805,2805,train/ISIC_0033099.jpg,1,0,0
2806,2806,train/ISIC_0030692.jpg,0,0,1
2807,2807,train/ISIC_0030049.jpg,0,0,0
2808,2808,train/ISIC_0031177.jpg,1,0,0
2809,2809,train/ISIC_0029965.jpg,0,0,0
2810,2810,train/ISIC_0034057.jpg,0,0,1
2811,2811,train/ISIC_0030581.jpg,0,0,0
2812,2812,train/ISIC_0033080.jpg,0,0,0
2813,2813,train/ISIC_0029931.jpg,0,0,0
2814,2814,train/ISIC_0024513.jpg,0,0,1
2815,2815,train/ISIC_0028126.jpg,1,0,0
2816,2816,train/ISIC_0025569.jpg,0,0,0
2817,2817,train/ISIC_0025310.jpg,0,0,1
2818,2818,train/ISIC_0029496.jpg,0,0,0
2819,2819,train/ISIC_0025843.jpg,0,0,0
2820,2820,train/ISIC_0032086.jpg,0,0,0
2821,2821,train/ISIC_0033154.jpg,1,0,0
2822,2822,train/ISIC_0025483.jpg,0,0,0
2823,2823,train/ISIC_0030002.jpg,1,0,1
2824,2824,train/ISIC_0025892.jpg,0,0,0
2825,2825,train/ISIC_0032930.jpg,0,0,0
2826,2826,train/ISIC_0030160.jpg,0,0,1
2827,2827,train/ISIC_0033791.jpg,0,0,1
2828,2828,train/ISIC_0025028.jpg,0,0,0
2829,2829,train/ISIC_0030788.jpg,0,0,0
2830,2830,train/ISIC_0032897.jpg,1,0,0
2831,2831,train/ISIC_0027584.jpg,0,0,0
2832,2832,train/ISIC_0024660.jpg,0,0,0
2833,2833,train/ISIC_0030767.jpg,0,0,1
2834,2834,train/ISIC_0029063.jpg,0,0,0
2835,2835,train/ISIC_0033967.jpg,1,0,0
2836,2836,train/ISIC_0030961.jpg,0,0,0
2837,2837,train/ISIC_0032787.jpg,0,0,0
2838,2838,train/ISIC_0030614.jpg,0,0,0
2839,2839,train/ISIC_0030151.jpg,0,0,1
2840,2840,train/ISIC_0027528.jpg,0,0,0
2841,2841,train/ISIC_0034124.jpg,0,0,0
2842,2842,train/ISIC_0026498.jpg,0,0,0
2843,2843,train/ISIC_0031807.jpg,0,0,0
2844,2844,train/ISIC_0033016.jpg,0,0,0
2845,2845,train/ISIC_0033528.jpg,0,0,1
2846,2846,train/ISIC_0028927.jpg,0,0,1
2847,2847,train/ISIC_0026930.jpg,1,0,0
2848,2848,train/ISIC_0029908.jpg,0,0,0
2849,2849,train/ISIC_0024926.jpg,0,0,0
2850,2850,train/ISIC_0025429.jpg,0,0,1
2851,2851,train/ISIC_0031654.jpg,0,0,0
2852,2852,train/ISIC_0025452.jpg,0,0,0
2853,2853,train/ISIC_0028860.jpg,1,0,1
2854,2854,train/ISIC_0029069.jpg,0,0,0
2855,2855,train/ISIC_0032401.jpg,0,0,0
2856,2856,train/ISIC_0030553.jpg,0,0,0
2857,2857,train/ISIC_0028717.jpg,0,0,0
2858,2858,train/ISIC_0030637.jpg,0,0,1
2859,2859,train/ISIC_0027466.jpg,0,0,0
2860,2860,train/ISIC_0029075.jpg,0,0,0
2861,2861,train/ISIC_0031724.jpg,0,0,0
2862,2862,train/ISIC_0028659.jpg,1,0,1
2863,2863,train/ISIC_0033578.jpg,1,0,1
2864,2864,train/ISIC_0030876.jpg,0,0,0
2865,2865,train/ISIC_0026083.jpg,1,0,0
2866,2866,train/ISIC_0032990.jpg,0,0,0
2867,2867,train/ISIC_0024390.jpg,0,0,1
2868,2868,train/ISIC_0031733.jpg,0,0,1
2869,2869,train/ISIC_0025072.jpg,0,0,1
2870,2870,train/ISIC_0027443.jpg,0,0,0
2871,2871,train/ISIC_0029346.jpg,0,0,0
2872,2872,train/ISIC_0032479.jpg,0,0,0
2873,2873,train/ISIC_0025187.jpg,0,0,0
2874,2874,train/ISIC_0025286.jpg,0,0,0
2875,2875,train/ISIC_0031804.jpg,0,0,0
2876,2876,train/ISIC_0025458.jpg,0,0,0
2877,2877,train/ISIC_0024671.jpg,0,0,0
2878,2878,train/ISIC_0033413.jpg,1,0,1
2879,2879,train/ISIC_0028269.jpg,0,0,0
2880,2880,train/ISIC_0031538.jpg,0,0,0
2881,2881,train/ISIC_0032011.jpg,0,0,0
2882,2882,train/ISIC_0027399.jpg,0,0,0
2883,2883,train/ISIC_0028180.jpg,0,0,1
2884,2884,train/ISIC_0024418.jpg,1,0,1
2885,2885,train/ISIC_0034219.jpg,0,0,1
2886,2886,train/ISIC_0030922.jpg,0,0,1
2887,2887,train/ISIC_0033564.jpg,0,0,0
2888,2888,train/ISIC_0028155.jpg,0,0,0
2889,2889,train/ISIC_0033282.jpg,0,0,0
2890,2890,train/ISIC_0028425.jpg,0,0,0
2891,2891,train/ISIC_0029370.jpg,1,0,1
2892,2892,train/ISIC_0027758.jpg,0,0,0
2893,2893,train/ISIC_0030343.jpg,0,0,0
2894,2894,train/ISIC_0028097.jpg,0,0,0
2895,2895,train/ISIC_0028093.jpg,0,0,0
2896,2896,train/ISIC_0025190.jpg,0,0,0
2897,2897,train/ISIC_0027901.jpg,0,0,0
2898,2898,train/ISIC_0031558.jpg,0,0,0
2899,2899,train/ISIC_0031031.jpg,0,0,1
2900,2900,train/ISIC_0026847.jpg,1,0,1
2901,2901,train/ISIC_0027532.jpg,0,0,0
2902,2902,train/ISIC_0025437.jpg,0,0,0
2903,2903,train/ISIC_0031566.jpg,0,0,0
2904,2904,train/ISIC_0030683.jpg,0,0,0
2905,2905,train/ISIC_0032449.jpg,0,0,0
2906,2906,train/ISIC_0031633.jpg,0,0,1
2907,2907,train/ISIC_0025301.jpg,0,0,1
2908,2908,train/ISIC_0033207.jpg,0,0,0
2909,2909,train/ISIC_0030326.jpg,0,0,0
2910,2910,train/ISIC_0026896.jpg,0,0,0
2911,2911,train/ISIC_0025833.jpg,0,0,0
2912,2912,train/ISIC_0030175.jpg,1,0,1
2913,2913,train/ISIC_0027461.jpg,0,0,1
2914,2914,train/ISIC_0028420.jpg,0,0,1
2915,2915,train/ISIC_0027737.jpg,0,0,0
2916,2916,train/ISIC_0032689.jpg,0,0,0
2917,2917,train/ISIC_0027319.jpg,0,0,0
2918,2918,train/ISIC_0024756.jpg,1,0,0
2919,2919,train/ISIC_0030433.jpg,0,0,0
2920,2920,train/ISIC_0033159.jpg,0,0,1
2921,2921,train/ISIC_0032984.jpg,1,0,1
2922,2922,train/ISIC_0026728.jpg,0,0,1
2923,2923,train/ISIC_0027588.jpg,1,0,0
2924,2924,train/ISIC_0029646.jpg,0,0,0
2925,2925,train/ISIC_0033021.jpg,0,0,0
2926,2926,train/ISIC_0024906.jpg,0,0,0
2927,2927,train/ISIC_0027784.jpg,0,0,0
2928,2928,train/ISIC_0030593.jpg,0,0,0
2929,2929,train/ISIC_0029554.jpg,0,0,0
2930,2930,train/ISIC_0027273.jpg,0,0,1
2931,2931,train/ISIC_0025126.jpg,0,0,0
2932,2932,train/ISIC_0033422.jpg,0,0,0
2933,2933,train/ISIC_0027044.jpg,0,0,0
2934,2934,train/ISIC_0032492.jpg,0,0,0
2935,2935,train/ISIC_0027156.jpg,0,0,0
2936,2936,train/ISIC_0030354.jpg,0,0,0
2937,2937,train/ISIC_0024713.jpg,0,0,0
2938,2938,train/ISIC_0033141.jpg,1,0,0
2939,2939,train/ISIC_0030548.jpg,0,0,0
2940,2940,train/ISIC_0025747.jpg,0,0,0
2941,2941,train/ISIC_0027012.jpg,0,0,0
2942,2942,train/ISIC_0028642.jpg,1,0,0
2943,2943,train/ISIC_0033627.jpg,0,0,1
2944,2944,train/ISIC_0028475.jpg,0,0,0
2945,2945,train/ISIC_0025398.jpg,0,0,0
2946,2946,train/ISIC_0029325.jpg,0,0,0
2947,2947,train/ISIC_0025393.jpg,0,0,0
2948,2948,train/ISIC_0026428.jpg,0,0,0
2949,2949,train/ISIC_0025550.jpg,1,0,1
2950,2950,train/ISIC_0024934.jpg,0,0,0
2951,2951,train/ISIC_0028981.jpg,0,0,0
2952,2952,train/ISIC_0033210.jpg,0,0,0
2953,2953,train/ISIC_0029132.jpg,0,0,0
2954,2954,train/ISIC_0029838.jpg,0,0,0
2955,2955,train/ISIC_0024876.jpg,0,0,0
2956,2956,train/ISIC_0029453.jpg,1,0,0
2957,2957,train/ISIC_0027889.jpg,0,0,1
2958,2958,train/ISIC_0025836.jpg,0,0,1
2959,2959,train/ISIC_0030959.jpg,0,0,1
2960,2960,train/ISIC_0032504.jpg,1,0,0
2961,2961,train/ISIC_0033464.jpg,0,0,0
2962,2962,train/ISIC_0029363.jpg,1,0,1
2963,2963,train/ISIC_0026312.jpg,0,0,0
2964,2964,train/ISIC_0033959.jpg,0,0,1
2965,2965,train/ISIC_0026181.jpg,0,0,0
2966,2966,train/ISIC_0027386.jpg,0,0,0
2967,2967,train/ISIC_0031653.jpg,0,0,0
2968,2968,train/ISIC_0025474.jpg,0,0,0
2969,2969,train/ISIC_0032705.jpg,0,0,0
2970,2970,train/ISIC_0027813.jpg,0,0,0
2971,2971,train/ISIC_0031356.jpg,0,0,0
2972,2972,train/ISIC_0027476.jpg,0,0,0
2973,2973,train/ISIC_0024560.jpg,0,0,1
2974,2974,train/ISIC_0030123.jpg,0,0,1
2975,2975,train/ISIC_0028354.jpg,0,0,0
2976,2976,train/ISIC_0033214.jpg,0,0,0
2977,2977,train/ISIC_0029497.jpg,0,0,0
2978,2978,train/ISIC_0030706.jpg,0,0,1
2979,2979,train/ISIC_0028438.jpg,0,0,0
2980,2980,train/ISIC_0032871.jpg,0,0,0
2981,2981,train/ISIC_0024569.jpg,0,0,0
2982,2982,train/ISIC_0031790.jpg,0,0,1
2983,2983,train/ISIC_0033876.jpg,0,0,0
2984,2984,train/ISIC_0030413.jpg,0,0,0
2985,2985,train/ISIC_0033543.jpg,0,0,0
2986,2986,train/ISIC_0032726.jpg,1,0,1
2987,2987,train/ISIC_0024740.jpg,0,0,0
2988,2988,train/ISIC_0024567.jpg,0,0,0
2989,2989,train/ISIC_0030904.jpg,0,0,0
2990,2990,train/ISIC_0030812.jpg,0,0,1
2991,2991,train/ISIC_0029941.jpg,0,0,0
2992,2992,train/ISIC_0031021.jpg,0,0,0
2993,2993,train/ISIC_0026692.jpg,0,0,0
2994,2994,train/ISIC_0028291.jpg,1,0,1
2995,2995,train/ISIC_0027221.jpg,0,0,1
2996,2996,train/ISIC_0026402.jpg,0,0,0
2997,2997,train/ISIC_0028393.jpg,1,0,1
2998,2998,train/ISIC_0026368.jpg,0,0,0
2999,2999,train/ISIC_0028205.jpg,0,0,0
3000,3000,train/ISIC_0031667.jpg,0,0,0
3001,3001,train/ISIC_0025064.jpg,0,0,0
3002,3002,train/ISIC_0030718.jpg,0,0,0
3003,3003,train/ISIC_0029975.jpg,0,0,1
3004,3004,train/ISIC_0027829.jpg,1,0,0
3005,3005,train/ISIC_0024526.jpg,0,0,0
3006,3006,train/ISIC_0032396.jpg,1,0,0
3007,3007,train/ISIC_0026604.jpg,1,0,1
3008,3008,train/ISIC_0029091.jpg,0,0,0
3009,3009,train/ISIC_0027652.jpg,0,0,1
3010,3010,train/ISIC_0031348.jpg,0,0,0
3011,3011,train/ISIC_0025055.jpg,0,0,0
3012,3012,train/ISIC_0030694.jpg,0,0,1
3013,3013,train/ISIC_0026856.jpg,0,0,0
3014,3014,train/ISIC_0031238.jpg,0,0,0
3015,3015,train/ISIC_0024443.jpg,0,0,0
3016,3016,train/ISIC_0033772.jpg,0,0,0
3017,3017,train/ISIC_0032338.jpg,0,0,1
3018,3018,train/ISIC_0033634.jpg,0,0,0
3019,3019,train/ISIC_0026546.jpg,0,0,0
3020,3020,train/ISIC_0027671.jpg,0,0,0
3021,3021,train/ISIC_0030294.jpg,0,0,0
3022,3022,train/ISIC_0031635.jpg,0,0,0
3023,3023,train/ISIC_0033326.jpg,0,0,0
3024,3024,train/ISIC_0032906.jpg,0,0,1
3025,3025,train/ISIC_0029791.jpg,0,0,1
3026,3026,train/ISIC_0027348.jpg,0,0,0
3027,3027,train/ISIC_0028948.jpg,0,0,0
3028,3028,train/ISIC_0028556.jpg,0,0,0
3029,3029,train/ISIC_0031415.jpg,0,0,0
3030,3030,train/ISIC_0033371.jpg,0,0,0
3031,3031,train/ISIC_0027792.jpg,0,0,1
3032,3032,train/ISIC_0025631.jpg,0,0,0
3033,3033,train/ISIC_0031858.jpg,0,0,0
3034,3034,train/ISIC_0028197.jpg,0,0,1
3035,3035,train/ISIC_0029506.jpg,0,0,0
3036,3036,train/ISIC_0025006.jpg,0,0,0
3037,3037,train/ISIC_0034062.jpg,1,0,1
3038,3038,train/ISIC_0028123.jpg,0,0,1
3039,3039,train/ISIC_0024829.jpg,0,0,1
3040,3040,train/ISIC_0028260.jpg,0,0,0
3041,3041,train/ISIC_0025387.jpg,0,0,1
3042,3042,train/ISIC_0028131.jpg,0,0,1
3043,3043,train/ISIC_0024961.jpg,1,0,1
3044,3044,train/ISIC_0027535.jpg,0,0,1
3045,3045,train/ISIC_0033816.jpg,0,0,1
3046,3046,train/ISIC_0030858.jpg,0,0,0
3047,3047,train/ISIC_0027978.jpg,0,0,0
3048,3048,train/ISIC_0031490.jpg,0,0,0
3049,3049,train/ISIC_0026347.jpg,0,0,1
3050,3050,train/ISIC_0029946.jpg,0,0,0
3051,3051,train/ISIC_0026585.jpg,0,0,0
3052,3052,train/ISIC_0026667.jpg,0,0,0
3053,3053,train/ISIC_0027617.jpg,0,0,0
3054,3054,train/ISIC_0030097.jpg,0,0,0
3055,3055,train/ISIC_0030045.jpg,0,0,1
3056,3056,train/ISIC_0027633.jpg,0,0,1
3057,3057,train/ISIC_0032264.jpg,0,0,0
3058,3058,train/ISIC_0030344.jpg,1,0,0
3059,3059,train/ISIC_0033211.jpg,0,0,1
3060,3060,train/ISIC_0034247.jpg,0,0,0
3061,3061,train/ISIC_0028340.jpg,0,0,1
3062,3062,train/ISIC_0027958.jpg,1,0,1
3063,3063,train/ISIC_0030177.jpg,0,0,1
3064,3064,train/ISIC_0032430.jpg,1,0,0
3065,3065,train/ISIC_0029424.jpg,0,0,0
3066,3066,train/ISIC_0028550.jpg,0,0,0
3067,3067,train/ISIC_0032418.jpg,0,0,0
3068,3068,train/ISIC_0030217.jpg,0,0,0
3069,3069,train/ISIC_0031389.jpg,1,0,0
3070,3070,train/ISIC_0029192.jpg,0,0,1
3071,3071,train/ISIC_0031533.jpg,0,0,1
3072,3072,train/ISIC_0027762.jpg,0,0,0
3073,3073,train/ISIC_0025299.jpg,0,0,1
3074,3074,train/ISIC_0033470.jpg,1,0,0
3075,3075,train/ISIC_0024310.jpg,1,0,0
3076,3076,train/ISIC_0034199.jpg,0,0,0
3077,3077,train/ISIC_0032536.jpg,0,0,0
3078,3078,train/ISIC_0029858.jpg,0,0,0
3079,3079,train/ISIC_0030635.jpg,0,0,1
3080,3080,train/ISIC_0029656.jpg,0,0,0
3081,3081,train/ISIC_0033415.jpg,1,0,1
3082,3082,train/ISIC_0034299.jpg,0,0,0
3083,3083,train/ISIC_0034236.jpg,1,0,0
3084,3084,train/ISIC_0033604.jpg,0,0,0
3085,3085,train/ISIC_0030131.jpg,0,0,0
3086,3086,train/ISIC_0028934.jpg,0,0,1
3087,3087,train/ISIC_0030943.jpg,0,0,0
3088,3088,train/ISIC_0028969.jpg,1,0,1
3089,3089,train/ISIC_0027313.jpg,0,0,1
3090,3090,train/ISIC_0033244.jpg,0,0,0
3091,3091,train/ISIC_0026523.jpg,0,0,1
3092,3092,train/ISIC_0026198.jpg,0,0,0
3093,3093,train/ISIC_0026218.jpg,0,0,0
3094,3094,train/ISIC_0024716.jpg,0,0,1
3095,3095,train/ISIC_0024370.jpg,0,0,0
3096,3096,train/ISIC_0025184.jpg,0,0,1
3097,3097,train/ISIC_0028165.jpg,0,0,0
3098,3098,train/ISIC_0026082.jpg,0,0,0
3099,3099,train/ISIC_0030115.jpg,0,0,0
3100,3100,train/ISIC_0033706.jpg,0,0,0
3101,3101,train/ISIC_0025805.jpg,0,0,0
3102,3102,train/ISIC_0027021.jpg,1,0,0
3103,3103,train/ISIC_0027888.jpg,0,0,0
3104,3104,train/ISIC_0025079.jpg,0,0,0
3105,3105,train/ISIC_0029026.jpg,0,0,0
3106,3106,train/ISIC_0030954.jpg,0,0,1
3107,3107,train/ISIC_0033953.jpg,1,0,0
3108,3108,train/ISIC_0024690.jpg,0,0,0
3109,3109,train/ISIC_0029173.jpg,0,0,1
3110,3110,train/ISIC_0029944.jpg,0,0,0
3111,3111,train/ISIC_0030308.jpg,0,0,0
3112,3112,train/ISIC_0031033.jpg,0,0,0
3113,3113,train/ISIC_0031189.jpg,1,0,0
3114,3114,train/ISIC_0028254.jpg,0,0,1
3115,3115,train/ISIC_0034213.jpg,0,0,0
3116,3116,train/ISIC_0028445.jpg,1,0,1
3117,3117,train/ISIC_0031634.jpg,0,0,0
3118,3118,train/ISIC_0026725.jpg,0,0,0
3119,3119,train/ISIC_0033991.jpg,0,0,0
3120,3120,train/ISIC_0031896.jpg,0,0,0
3121,3121,train/ISIC_0027334.jpg,1,0,0
3122,3122,train/ISIC_0025856.jpg,0,0,0
3123,3123,train/ISIC_0033536.jpg,1,0,0
3124,3124,train/ISIC_0026776.jpg,0,0,0
3125,3125,train/ISIC_0027387.jpg,1,0,0
3126,3126,train/ISIC_0030856.jpg,0,0,1
3127,3127,train/ISIC_0032062.jpg,0,0,0
3128,3128,train/ISIC_0026603.jpg,0,0,1
3129,3129,train/ISIC_0028767.jpg,0,0,0
3130,3130,train/ISIC_0024520.jpg,0,0,0
3131,3131,train/ISIC_0030015.jpg,0,0,1
3132,3132,train/ISIC_0028195.jpg,0,0,0
3133,3133,train/ISIC_0027294.jpg,1,0,1
3134,3134,train/ISIC_0033430.jpg,0,0,0
3135,3135,train/ISIC_0025480.jpg,0,0,0
3136,3136,train/ISIC_0033570.jpg,1,0,0
3137,3137,train/ISIC_0033066.jpg,0,0,0
3138,3138,train/ISIC_0025425.jpg,0,0,0
3139,3139,train/ISIC_0028786.jpg,0,0,1
3140,3140,train/ISIC_0027624.jpg,0,0,0
3141,3141,train/ISIC_0024698.jpg,0,0,1
3142,3142,train/ISIC_0033399.jpg,1,0,1
3143,3143,train/ISIC_0025273.jpg,0,0,0
3144,3144,train/ISIC_0027659.jpg,1,0,1
3145,3145,train/ISIC_0032585.jpg,0,0,0
3146,3146,train/ISIC_0030219.jpg,0,0,1
3147,3147,train/ISIC_0029955.jpg,0,0,0
3148,3148,train/ISIC_0028657.jpg,0,0,1
3149,3149,train/ISIC_0030485.jpg,0,0,0
3150,3150,train/ISIC_0027175.jpg,0,0,1
3151,3151,train/ISIC_0030171.jpg,1,0,1
3152,3152,train/ISIC_0030421.jpg,0,0,0
3153,3153,train/ISIC_0033107.jpg,0,0,1
3154,3154,train/ISIC_0033079.jpg,0,0,0
3155,3155,train/ISIC_0033004.jpg,1,0,0
3156,3156,train/ISIC_0026680.jpg,0,0,0
3157,3157,train/ISIC_0027152.jpg,0,0,0
3158,3158,train/ISIC_0027753.jpg,1,0,1
3159,3159,train/ISIC_0033400.jpg,0,0,0
3160,3160,train/ISIC_0033941.jpg,0,0,0
3161,3161,train/ISIC_0026435.jpg,0,0,0
3162,3162,train/ISIC_0026610.jpg,0,0,0
3163,3163,train/ISIC_0030814.jpg,0,0,0
3164,3164,train/ISIC_0024989.jpg,0,0,0
3165,3165,train/ISIC_0030913.jpg,0,0,1
3166,3166,train/ISIC_0033483.jpg,0,0,0
3167,3167,train/ISIC_0033461.jpg,0,0,0
3168,3168,train/ISIC_0029436.jpg,0,0,0
3169,3169,train/ISIC_0027564.jpg,0,0,0
3170,3170,train/ISIC_0027205.jpg,0,0,0
3171,3171,train/ISIC_0025128.jpg,1,0,1
3172,3172,train/ISIC_0029317.jpg,0,0,0
3173,3173,train/ISIC_0029628.jpg,0,0,1
3174,3174,train/ISIC_0026059.jpg,0,0,0
3175,3175,train/ISIC_0032463.jpg,0,0,1
3176,3176,train/ISIC_0030658.jpg,0,0,0
3177,3177,train/ISIC_0026429.jpg,0,0,1
3178,3178,train/ISIC_0024342.jpg,0,0,0
3179,3179,train/ISIC_0027418.jpg,0,0,0
3180,3180,train/ISIC_0025667.jpg,0,0,0
3181,3181,train/ISIC_0026267.jpg,0,0,0
3182,3182,train/ISIC_0028357.jpg,0,0,0
3183,3183,train/ISIC_0028435.jpg,0,0,0
3184,3184,train/ISIC_0031479.jpg,1,0,1
3185,3185,train/ISIC_0030871.jpg,0,0,0
3186,3186,train/ISIC_0030320.jpg,0,0,0
3187,3187,train/ISIC_0027424.jpg,0,0,0
3188,3188,train/ISIC_0030549.jpg,1,0,0
3189,3189,train/ISIC_0033010.jpg,0,0,0
3190,3190,train/ISIC_0026795.jpg,0,0,0
3191,3191,train/ISIC_0033889.jpg,0,0,1
3192,3192,train/ISIC_0032657.jpg,0,0,0
3193,3193,train/ISIC_0029001.jpg,0,0,0
3194,3194,train/ISIC_0032484.jpg,0,0,0
3195,3195,train/ISIC_0030902.jpg,0,0,0
3196,3196,train/ISIC_0030673.jpg,0,0,0
3197,3197,train/ISIC_0027552.jpg,1,0,0
3198,3198,train/ISIC_0024541.jpg,0,0,1
3199,3199,train/ISIC_0030380.jpg,0,0,1
3200,3200,train/ISIC_0034053.jpg,0,0,0
3201,3201,train/ISIC_0028092.jpg,0,0,0
3202,3202,train/ISIC_0034030.jpg,0,0,0
3203,3203,train/ISIC_0025778.jpg,0,0,1
3204,3204,train/ISIC_0028328.jpg,0,0,0
3205,3205,train/ISIC_0033892.jpg,0,0,0
3206,3206,train/ISIC_0029812.jpg,0,0,1
3207,3207,train/ISIC_0029307.jpg,0,0,0
3208,3208,train/ISIC_0026625.jpg,1,0,0
3209,3209,train/ISIC_0026684.jpg,0,0,0
3210,3210,train/ISIC_0032782.jpg,1,0,1
3211,3211,train/ISIC_0025782.jpg,0,0,0
3212,3212,train/ISIC_0024493.jpg,0,0,0
3213,3213,train/ISIC_0027392.jpg,0,0,1
3214,3214,train/ISIC_0025866.jpg,0,0,0
3215,3215,train/ISIC_0029407.jpg,0,0,0
3216,3216,train/ISIC_0025561.jpg,0,0,0
3217,3217,train/ISIC_0033672.jpg,0,0,1
3218,3218,train/ISIC_0030155.jpg,0,0,0
3219,3219,train/ISIC_0028794.jpg,0,0,0
3220,3220,train/ISIC_0030990.jpg,0,0,0
3221,3221,train/ISIC_0025304.jpg,0,0,0
3222,3222,train/ISIC_0025133.jpg,0,0,1
3223,3223,train/ISIC_0033404.jpg,0,0,0
3224,3224,train/ISIC_0032362.jpg,0,0,0
3225,3225,train/ISIC_0028453.jpg,0,0,1
3226,3226,train/ISIC_0026215.jpg,0,0,0
3227,3227,train/ISIC_0032760.jpg,0,0,0
3228,3228,train/ISIC_0029568.jpg,0,0,0
3229,3229,train/ISIC_0028579.jpg,1,0,0
3230,3230,train/ISIC_0026374.jpg,0,0,0
3231,3231,train/ISIC_0028451.jpg,0,0,1
3232,3232,train/ISIC_0025340.jpg,0,0,1
3233,3233,train/ISIC_0029995.jpg,1,0,1
3234,3234,train/ISIC_0030442.jpg,0,0,0
3235,3235,train/ISIC_0026569.jpg,0,0,1
3236,3236,train/ISIC_0027716.jpg,0,0,0
3237,3237,train/ISIC_0031097.jpg,0,0,1
3238,3238,train/ISIC_0033707.jpg,0,0,0
3239,3239,train/ISIC_0025634.jpg,0,0,0
3240,3240,train/ISIC_0033566.jpg,0,0,0
3241,3241,train/ISIC_0032060.jpg,0,0,0
3242,3242,train/ISIC_0025181.jpg,0,0,1
3243,3243,train/ISIC_0029504.jpg,0,0,0
3244,3244,train/ISIC_0028465.jpg,1,0,1
3245,3245,train/ISIC_0027148.jpg,0,0,0
3246,3246,train/ISIC_0031333.jpg,0,0,0
3247,3247,train/ISIC_0030169.jpg,0,0,1
3248,3248,train/ISIC_0029619.jpg,0,0,0
3249,3249,train/ISIC_0033866.jpg,1,0,1
3250,3250,train/ISIC_0029696.jpg,0,0,1
3251,3251,train/ISIC_0028494.jpg,0,0,0
3252,3252,train/ISIC_0026954.jpg,1,0,0
3253,3253,train/ISIC_0025728.jpg,0,0,0
3254,3254,train/ISIC_0029284.jpg,0,0,0
3255,3255,train/ISIC_0024587.jpg,0,0,0
3256,3256,train/ISIC_0027437.jpg,0,0,1
3257,3257,train/ISIC_0034192.jpg,0,0,0
3258,3258,train/ISIC_0027023.jpg,0,0,0
3259,3259,train/ISIC_0028932.jpg,0,0,0
3260,3260,train/ISIC_0026359.jpg,0,0,0
3261,3261,train/ISIC_0033108.jpg,0,0,0
3262,3262,train/ISIC_0030846.jpg,0,0,0
3263,3263,train/ISIC_0024945.jpg,0,0,0
3264,3264,train/ISIC_0024328.jpg,0,0,0
3265,3265,train/ISIC_0026469.jpg,0,0,0
3266,3266,train/ISIC_0029939.jpg,0,0,0
3267,3267,train/ISIC_0025326.jpg,0,0,0
3268,3268,train/ISIC_0028272.jpg,0,0,1
3269,3269,train/ISIC_0024900.jpg,1,0,1
3270,3270,train/ISIC_0033217.jpg,1,0,1
3271,3271,train/ISIC_0024763.jpg,1,0,1
3272,3272,train/ISIC_0030850.jpg,0,0,0
3273,3273,train/ISIC_0033177.jpg,0,0,0
3274,3274,train/ISIC_0027956.jpg,1,0,0
3275,3275,train/ISIC_0028584.jpg,1,0,1
3276,3276,train/ISIC_0028287.jpg,0,0,0
3277,3277,train/ISIC_0025888.jpg,0,0,0
3278,3278,train/ISIC_0030804.jpg,0,0,0
3279,3279,train/ISIC_0026047.jpg,0,0,0
3280,3280,train/ISIC_0025972.jpg,0,0,1
3281,3281,train/ISIC_0030494.jpg,0,0,0
3282,3282,train/ISIC_0024992.jpg,0,0,0
3283,3283,train/ISIC_0031847.jpg,0,0,0
3284,3284,train/ISIC_0026976.jpg,1,0,0
3285,3285,train/ISIC_0025734.jpg,0,0,0
3286,3286,train/ISIC_0028538.jpg,0,0,0
3287,3287,train/ISIC_0028221.jpg,0,0,0
3288,3288,train/ISIC_0028748.jpg,0,0,0
3289,3289,train/ISIC_0024736.jpg,0,0,0
3290,3290,train/ISIC_0025957.jpg,1,0,0
3291,3291,train/ISIC_0031409.jpg,0,0,1
3292,3292,train/ISIC_0033620.jpg,0,0,0
3293,3293,train/ISIC_0026116.jpg,0,0,0
3294,3294,train/ISIC_0024700.jpg,1,0,0
3295,3295,train/ISIC_0029237.jpg,0,0,0
3296,3296,train/ISIC_0030887.jpg,0,0,0
3297,3297,train/ISIC_0028043.jpg,0,0,1
3298,3298,train/ISIC_0030801.jpg,0,0,0
3299,3299,train/ISIC_0025322.jpg,0,0,1
3300,3300,train/ISIC_0027555.jpg,0,0,0
3301,3301,train/ISIC_0028795.jpg,1,0,0
3302,3302,train/ISIC_0025423.jpg,0,0,0
3303,3303,train/ISIC_0033575.jpg,0,0,1
3304,3304,train/ISIC_0026706.jpg,0,0,0
3305,3305,train/ISIC_0032532.jpg,1,0,1
3306,3306,train/ISIC_0025211.jpg,0,0,1
3307,3307,train/ISIC_0029880.jpg,0,0,1
3308,3308,train/ISIC_0029212.jpg,1,0,1
3309,3309,train/ISIC_0027913.jpg,0,0,0
3310,3310,train/ISIC_0028662.jpg,0,0,1
3311,3311,train/ISIC_0026700.jpg,0,0,0
3312,3312,train/ISIC_0031471.jpg,0,0,0
3313,3313,train/ISIC_0033259.jpg,0,0,0
3314,3314,train/ISIC_0028858.jpg,0,0,0
3315,3315,train/ISIC_0026278.jpg,0,0,0
3316,3316,train/ISIC_0024857.jpg,0,0,0
3317,3317,train/ISIC_0033447.jpg,0,0,0
3318,3318,train/ISIC_0032757.jpg,0,0,0
3319,3319,train/ISIC_0033609.jpg,0,0,1
3320,3320,train/ISIC_0031256.jpg,0,0,0
3321,3321,train/ISIC_0025868.jpg,0,0,0
3322,3322,train/ISIC_0026337.jpg,0,0,1
3323,3323,train/ISIC_0028706.jpg,0,0,1
3324,3324,train/ISIC_0033845.jpg,0,0,1
3325,3325,train/ISIC_0030316.jpg,0,0,1
3326,3326,train/ISIC_0032306.jpg,0,0,0
3327,3327,train/ISIC_0028441.jpg,0,0,1
3328,3328,train/ISIC_0031982.jpg,0,0,0
3329,3329,train/ISIC_0029417.jpg,1,0,1
3330,3330,train/ISIC_0028681.jpg,0,0,1
3331,3331,train/ISIC_0031277.jpg,0,0,0
3332,3332,train/ISIC_0025382.jpg,0,0,0
3333,3333,train/ISIC_0031334.jpg,0,0,1
3334,3334,train/ISIC_0031630.jpg,0,0,0
3335,3335,train/ISIC_0025467.jpg,0,0,1
3336,3336,train/ISIC_0029448.jpg,0,0,0
3337,3337,train/ISIC_0033397.jpg,0,0,1
3338,3338,train/ISIC_0026412.jpg,0,0,0
3339,3339,train/ISIC_0030401.jpg,0,0,1
3340,3340,train/ISIC_0033645.jpg,0,0,0
3341,3341,train/ISIC_0026023.jpg,0,0,0
3342,3342,train/ISIC_0025242.jpg,0,0,0
3343,3343,train/ISIC_0031098.jpg,0,0,0
3344,3344,train/ISIC_0031089.jpg,0,0,0
3345,3345,train/ISIC_0030071.jpg,0,0,0
3346,3346,train/ISIC_0032641.jpg,0,0,0
3347,3347,train/ISIC_0030592.jpg,0,0,0
3348,3348,train/ISIC_0029582.jpg,1,0,1
3349,3349,train/ISIC_0026255.jpg,0,0,0
3350,3350,train/ISIC_0025926.jpg,0,0,0
3351,3351,train/ISIC_0031251.jpg,0,0,0
3352,3352,train/ISIC_0028688.jpg,0,0,0
3353,3353,train/ISIC_0027515.jpg,0,0,0
3354,3354,train/ISIC_0024589.jpg,0,0,0
3355,3355,train/ISIC_0027859.jpg,0,0,1
3356,3356,train/ISIC_0024941.jpg,0,0,0
3357,3357,train/ISIC_0031675.jpg,0,0,0
3358,3358,train/ISIC_0029815.jpg,0,0,0
3359,3359,train/ISIC_0026164.jpg,0,0,0
3360,3360,train/ISIC_0026370.jpg,0,0,0
3361,3361,train/ISIC_0025800.jpg,1,0,1
3362,3362,train/ISIC_0033473.jpg,1,0,1
3363,3363,train/ISIC_0026263.jpg,0,0,1
3364,3364,train/ISIC_0025741.jpg,0,0,0
3365,3365,train/ISIC_0030438.jpg,0,0,0
3366,3366,train/ISIC_0025143.jpg,0,0,0
3367,3367,train/ISIC_0034312.jpg,0,0,0
3368,3368,train/ISIC_0025405.jpg,0,0,0
3369,3369,train/ISIC_0029018.jpg,0,0,0
3370,3370,train/ISIC_0025007.jpg,0,0,0
3371,3371,train/ISIC_0033051.jpg,1,0,0
3372,3372,train/ISIC_0029071.jpg,0,0,0
3373,3373,train/ISIC_0027778.jpg,0,0,0
3374,3374,train/ISIC_0032886.jpg,0,0,0
3375,3375,train/ISIC_0024996.jpg,0,0,0
3376,3376,train/ISIC_0028161.jpg,0,0,0
3377,3377,train/ISIC_0030088.jpg,0,0,1
3378,3378,train/ISIC_0028434.jpg,0,0,0
3379,3379,train/ISIC_0034184.jpg,0,0,0
3380,3380,train/ISIC_0033795.jpg,0,0,1
3381,3381,train/ISIC_0026151.jpg,0,0,0
3382,3382,train/ISIC_0032218.jpg,0,0,0
3383,3383,train/ISIC_0025971.jpg,0,0,0
3384,3384,train/ISIC_0030185.jpg,0,0,0
3385,3385,train/ISIC_0031268.jpg,0,0,0
3386,3386,train/ISIC_0025127.jpg,1,0,0
3387,3387,train/ISIC_0025822.jpg,0,0,0
3388,3388,train/ISIC_0033414.jpg,0,0,1
3389,3389,train/ISIC_0025654.jpg,0,0,1
3390,3390,train/ISIC_0031345.jpg,0,0,1
3391,3391,train/ISIC_0030446.jpg,0,0,1
3392,3392,train/ISIC_0032805.jpg,0,0,1
3393,3393,train/ISIC_0027643.jpg,0,0,0
3394,3394,train/ISIC_0026026.jpg,0,0,0
3395,3395,train/ISIC_0027801.jpg,0,0,0
3396,3396,train/ISIC_0031444.jpg,0,0,1
3397,3397,train/ISIC_0029807.jpg,0,0,0
3398,3398,train/ISIC_0028907.jpg,0,0,0
3399,3399,train/ISIC_0031023.jpg,1,0,0
3400,3400,train/ISIC_0028100.jpg,0,0,0
3401,3401,train/ISIC_0029322.jpg,0,0,0
3402,3402,train/ISIC_0033268.jpg,1,0,0
3403,3403,train/ISIC_0024606.jpg,0,0,1
3404,3404,train/ISIC_0032779.jpg,0,0,0
3405,3405,train/ISIC_0034068.jpg,1,0,1
3406,3406,train/ISIC_0024839.jpg,0,0,0
3407,3407,train/ISIC_0025248.jpg,1,0,1
3408,3408,train/ISIC_0032491.jpg,0,0,1
3409,3409,train/ISIC_0024718.jpg,0,0,1
3410,3410,train/ISIC_0032358.jpg,0,0,0
3411,3411,train/ISIC_0027891.jpg,0,0,0
3412,3412,train/ISIC_0031110.jpg,0,0,0
3413,3413,train/ISIC_0033942.jpg,1,0,1
3414,3414,train/ISIC_0031795.jpg,1,0,1
3415,3415,train/ISIC_0028296.jpg,0,0,1
3416,3416,train/ISIC_0027441.jpg,0,0,0
3417,3417,train/ISIC_0027172.jpg,1,0,1
3418,3418,train/ISIC_0026380.jpg,0,0,0
3419,3419,train/ISIC_0034320.jpg,0,0,0
3420,3420,train/ISIC_0029293.jpg,0,0,0
3421,3421,train/ISIC_0028730.jpg,1,0,1
3422,3422,train/ISIC_0026605.jpg,0,0,0
3423,3423,train/ISIC_0025436.jpg,0,0,0
3424,3424,train/ISIC_0029960.jpg,0,0,0
3425,3425,train/ISIC_0025086.jpg,0,0,1
3426,3426,train/ISIC_0031506.jpg,1,0,1
3427,3427,train/ISIC_0027685.jpg,0,0,0
3428,3428,train/ISIC_0031353.jpg,0,0,0
3429,3429,train/ISIC_0030744.jpg,0,0,1
3430,3430,train/ISIC_0031509.jpg,0,0,0
3431,3431,train/ISIC_0031676.jpg,0,0,0
3432,3432,train/ISIC_0026384.jpg,0,0,0
3433,3433,train/ISIC_0030154.jpg,0,0,0
3434,3434,train/ISIC_0033946.jpg,1,0,1
3435,3435,train/ISIC_0026562.jpg,0,0,0
3436,3436,train/ISIC_0032993.jpg,1,0,0
3437,3437,train/ISIC_0026203.jpg,1,0,1
3438,3438,train/ISIC_0028542.jpg,0,0,0
3439,3439,train/ISIC_0027345.jpg,0,0,0
3440,3440,train/ISIC_0029530.jpg,0,0,1
3441,3441,train/ISIC_0032582.jpg,0,0,0
3442,3442,train/ISIC_0028950.jpg,0,0,0
3443,3443,train/ISIC_0028406.jpg,0,0,1
3444,3444,train/ISIC_0026805.jpg,0,0,1
3445,3445,train/ISIC_0030898.jpg,1,0,0
3446,3446,train/ISIC_0026822.jpg,0,0,0
3447,3447,train/ISIC_0027684.jpg,0,0,0
3448,3448,train/ISIC_0026988.jpg,0,0,0
3449,3449,train/ISIC_0033540.jpg,0,0,0
3450,3450,train/ISIC_0026123.jpg,0,0,0
3451,3451,train/ISIC_0024681.jpg,0,0,0
3452,3452,train/ISIC_0026763.jpg,0,0,0
3453,3453,train/ISIC_0026305.jpg,0,0,0
3454,3454,train/ISIC_0024611.jpg,0,0,0
3455,3455,train/ISIC_0032908.jpg,0,0,0
3456,3456,train/ISIC_0026434.jpg,0,0,0
3457,3457,train/ISIC_0033253.jpg,0,0,0
3458,3458,train/ISIC_0028285.jpg,1,0,1
3459,3459,train/ISIC_0029600.jpg,0,0,1
3460,3460,train/ISIC_0026524.jpg,0,0,1
3461,3461,train/ISIC_0030197.jpg,0,0,1
3462,3462,train/ISIC_0026476.jpg,0,0,0
3463,3463,train/ISIC_0025208.jpg,0,0,0
3464,3464,train/ISIC_0024692.jpg,0,0,0
3465,3465,train/ISIC_0031519.jpg,0,0,1
3466,3466,train/ISIC_0029604.jpg,0,0,0
3467,3467,train/ISIC_0028593.jpg,0,0,0
3468,3468,train/ISIC_0032913.jpg,1,0,1
3469,3469,train/ISIC_0026955.jpg,0,0,1
3470,3470,train/ISIC_0032686.jpg,0,0,0
3471,3471,train/ISIC_0031765.jpg,0,0,0
3472,3472,train/ISIC_0030977.jpg,0,0,0
3473,3473,train/ISIC_0027315.jpg,0,0,0
3474,3474,train/ISIC_0032824.jpg,0,0,0
3475,3475,train/ISIC_0027882.jpg,0,0,0
3476,3476,train/ISIC_0032466.jpg,1,0,0
3477,3477,train/ISIC_0032157.jpg,0,0,0
3478,3478,train/ISIC_0028173.jpg,1,0,0
3479,3479,train/ISIC_0031141.jpg,0,0,0
3480,3480,train/ISIC_0024864.jpg,1,0,0
3481,3481,train/ISIC_0031085.jpg,0,0,1
3482,3482,train/ISIC_0032856.jpg,1,0,1
3483,3483,train/ISIC_0025045.jpg,0,0,1
3484,3484,train/ISIC_0030610.jpg,0,0,1
3485,3485,train/ISIC_0029351.jpg,0,0,0
3486,3486,train/ISIC_0027673.jpg,1,0,1
3487,3487,train/ISIC_0028896.jpg,0,0,0
3488,3488,train/ISIC_0027493.jpg,0,0,0
3489,3489,train/ISIC_0030335.jpg,0,0,0
3490,3490,train/ISIC_0030327.jpg,0,0,0
3491,3491,train/ISIC_0028056.jpg,1,0,1
3492,3492,train/ISIC_0030565.jpg,0,0,1
3493,3493,train/ISIC_0026581.jpg,0,0,0
3494,3494,train/ISIC_0034175.jpg,0,0,1
3495,3495,train/ISIC_0030190.jpg,0,0,0
3496,3496,train/ISIC_0025369.jpg,0,0,0
3497,3497,train/ISIC_0029036.jpg,0,0,1
3498,3498,train/ISIC_0027239.jpg,0,0,1
3499,3499,train/ISIC_0029332.jpg,0,0,1
3500,3500,train/ISIC_0024639.jpg,0,0,0
3501,3501,train/ISIC_0028725.jpg,0,0,0
3502,3502,train/ISIC_0028428.jpg,0,0,0
3503,3503,train/ISIC_0024472.jpg,0,0,1
3504,3504,train/ISIC_0033262.jpg,0,0,0
3505,3505,train/ISIC_0028011.jpg,0,0,0
3506,3506,train/ISIC_0031215.jpg,0,0,1
3507,3507,train/ISIC_0032531.jpg,1,0,0
3508,3508,train/ISIC_0025832.jpg,1,0,1
3509,3509,train/ISIC_0031035.jpg,0,0,0
3510,3510,train/ISIC_0027422.jpg,0,0,0
3511,3511,train/ISIC_0027265.jpg,0,0,0
3512,3512,train/ISIC_0033749.jpg,0,0,1
3513,3513,train/ISIC_0031885.jpg,0,0,0
3514,3514,train/ISIC_0031719.jpg,0,0,1
3515,3515,train/ISIC_0033709.jpg,0,0,0
3516,3516,train/ISIC_0032838.jpg,0,0,0
3517,3517,train/ISIC_0026221.jpg,0,0,0
3518,3518,train/ISIC_0029892.jpg,0,0,0
3519,3519,train/ISIC_0028250.jpg,0,0,0
3520,3520,train/ISIC_0032890.jpg,0,0,1
3521,3521,train/ISIC_0033975.jpg,1,0,1
3522,3522,train/ISIC_0027824.jpg,0,0,0
3523,3523,train/ISIC_0027634.jpg,0,0,0
3524,3524,train/ISIC_0029875.jpg,0,0,0
3525,3525,train/ISIC_0030930.jpg,0,0,0
3526,3526,train/ISIC_0028347.jpg,0,0,1
3527,3527,train/ISIC_0030789.jpg,0,0,1
3528,3528,train/ISIC_0033887.jpg,0,0,0
3529,3529,train/ISIC_0026721.jpg,0,0,0
3530,3530,train/ISIC_0024969.jpg,0,0,0
3531,3531,train/ISIC_0029804.jpg,0,0,0
3532,3532,train/ISIC_0027401.jpg,0,0,1
3533,3533,train/ISIC_0024914.jpg,0,0,0
3534,3534,train/ISIC_0026457.jpg,1,0,1
3535,3535,train/ISIC_0034114.jpg,0,0,0
3536,3536,train/ISIC_0030101.jpg,0,0,0
3537,3537,train/ISIC_0028362.jpg,0,0,0
3538,3538,train/ISIC_0028522.jpg,0,0,0
3539,3539,train/ISIC_0030630.jpg,0,0,1
3540,3540,train/ISIC_0025027.jpg,0,0,0
3541,3541,train/ISIC_0024652.jpg,1,0,1
3542,3542,train/ISIC_0025008.jpg,0,0,1
3543,3543,train/ISIC_0032529.jpg,0,0,0
3544,3544,train/ISIC_0033952.jpg,0,0,1
3545,3545,train/ISIC_0030835.jpg,0,0,0
3546,3546,train/ISIC_0025568.jpg,0,0,0
3547,3547,train/ISIC_0026873.jpg,0,0,0
3548,3548,train/ISIC_0032683.jpg,0,0,0
3549,3549,train/ISIC_0029499.jpg,0,0,0
3550,3550,train/ISIC_0025642.jpg,0,0,0
3551,3551,train/ISIC_0030341.jpg,1,0,1
3552,3552,train/ISIC_0027557.jpg,0,0,0
3553,3553,train/ISIC_0025510.jpg,0,0,0
3554,3554,train/ISIC_0033081.jpg,1,0,0
3555,3555,train/ISIC_0031410.jpg,1,0,0
3556,3556,train/ISIC_0031891.jpg,0,0,0
3557,3557,train/ISIC_0026593.jpg,0,0,1
3558,3558,train/ISIC_0027976.jpg,0,0,1
3559,3559,train/ISIC_0024784.jpg,0,0,0
3560,3560,train/ISIC_0033135.jpg,0,0,1
3561,3561,train/ISIC_0029441.jpg,0,0,0
3562,3562,train/ISIC_0031205.jpg,0,0,0
3563,3563,train/ISIC_0030771.jpg,0,0,0
3564,3564,train/ISIC_0033993.jpg,0,0,0
3565,3565,train/ISIC_0025402.jpg,0,0,1
3566,3566,train/ISIC_0033902.jpg,1,0,1
3567,3567,train/ISIC_0024854.jpg,0,0,0
3568,3568,train/ISIC_0032583.jpg,1,0,1
3569,3569,train/ISIC_0033920.jpg,0,0,0
3570,3570,train/ISIC_0030530.jpg,0,0,0
3571,3571,train/ISIC_0032393.jpg,0,0,1
3572,3572,train/ISIC_0033242.jpg,0,0,0
3573,3573,train/ISIC_0026989.jpg,1,0,0
3574,3574,train/ISIC_0024424.jpg,0,0,0
3575,3575,train/ISIC_0031042.jpg,0,0,1
3576,3576,train/ISIC_0031722.jpg,0,0,0
3577,3577,train/ISIC_0032406.jpg,0,0,0
3578,3578,train/ISIC_0031196.jpg,0,0,0
3579,3579,train/ISIC_0027449.jpg,0,0,0
3580,3580,train/ISIC_0024683.jpg,0,0,1
3581,3581,train/ISIC_0029179.jpg,0,0,0
3582,3582,train/ISIC_0032415.jpg,0,0,1
3583,3583,train/ISIC_0030012.jpg,0,0,0
3584,3584,train/ISIC_0027077.jpg,0,0,0
3585,3585,train/ISIC_0031230.jpg,0,0,0
3586,3586,train/ISIC_0032490.jpg,0,0,0
3587,3587,train/ISIC_0034027.jpg,0,0,1
3588,3588,train/ISIC_0031478.jpg,0,0,0
3589,3589,train/ISIC_0028071.jpg,0,0,0
3590,3590,train/ISIC_0032446.jpg,0,0,0
3591,3591,train/ISIC_0024724.jpg,0,0,0
3592,3592,train/ISIC_0030751.jpg,0,0,0
3593,3593,train/ISIC_0032460.jpg,0,0,1
3594,3594,train/ISIC_0028491.jpg,0,0,0
3595,3595,train/ISIC_0034034.jpg,1,0,1
3596,3596,train/ISIC_0031323.jpg,0,0,0
3597,3597,train/ISIC_0025715.jpg,0,0,0
3598,3598,train/ISIC_0030389.jpg,0,0,0
3599,3599,train/ISIC_0032473.jpg,0,0,0
3600,3600,train/ISIC_0026382.jpg,0,0,0
3601,3601,train/ISIC_0033418.jpg,0,0,0
3602,3602,train/ISIC_0028110.jpg,0,0,0
3603,3603,train/ISIC_0032778.jpg,0,0,0
3604,3604,train/ISIC_0027227.jpg,0,0,0
3605,3605,train/ISIC_0031859.jpg,0,0,1
3606,3606,train/ISIC_0028595.jpg,0,0,1
3607,3607,train/ISIC_0025129.jpg,0,0,0
3608,3608,train/ISIC_0029752.jpg,0,0,0
3609,3609,train/ISIC_0030475.jpg,0,0,0
3610,3610,train/ISIC_0025329.jpg,0,0,0
3611,3611,train/ISIC_0034309.jpg,0,0,0
3612,3612,train/ISIC_0031212.jpg,0,0,0
3613,3613,train/ISIC_0032858.jpg,0,0,0
3614,3614,train/ISIC_0028237.jpg,0,0,1
3615,3615,train/ISIC_0032821.jpg,0,0,1
3616,3616,train/ISIC_0029651.jpg,1,0,1
3617,3617,train/ISIC_0034310.jpg,0,0,0
3618,3618,train/ISIC_0025372.jpg,0,0,0
3619,3619,train/ISIC_0025327.jpg,0,0,0
3620,3620,train/ISIC_0028984.jpg,1,0,0
3621,3621,train/ISIC_0028262.jpg,0,0,0
3622,3622,train/ISIC_0032282.jpg,0,0,0
3623,3623,train/ISIC_0033427.jpg,0,0,0
3624,3624,train/ISIC_0033770.jpg,0,0,0
3625,3625,train/ISIC_0025786.jpg,0,0,1
3626,3626,train/ISIC_0027215.jpg,0,0,0
3627,3627,train/ISIC_0029238.jpg,1,0,1
3628,3628,train/ISIC_0029111.jpg,0,0,0
3629,3629,train/ISIC_0026446.jpg,0,0,1
3630,3630,train/ISIC_0026509.jpg,0,0,0
3631,3631,train/ISIC_0027022.jpg,0,0,0
3632,3632,train/ISIC_0033774.jpg,0,0,0
3633,3633,train/ISIC_0031930.jpg,0,0,1
3634,3634,train/ISIC_0025817.jpg,0,0,0
3635,3635,train/ISIC_0033842.jpg,0,0,0
3636,3636,train/ISIC_0029631.jpg,0,0,0
3637,3637,train/ISIC_0025959.jpg,0,0,0
3638,3638,train/ISIC_0026436.jpg,0,0,1
3639,3639,train/ISIC_0025410.jpg,0,0,0
3640,3640,train/ISIC_0027358.jpg,0,0,0
3641,3641,train/ISIC_0030849.jpg,0,0,1
3642,3642,train/ISIC_0025054.jpg,0,0,1
3643,3643,train/ISIC_0026719.jpg,0,0,0
3644,3644,train/ISIC_0028373.jpg,0,0,1
3645,3645,train/ISIC_0032965.jpg,1,0,0
3646,3646,train/ISIC_0027106.jpg,0,0,0
3647,3647,train/ISIC_0028119.jpg,0,0,0
3648,3648,train/ISIC_0025552.jpg,0,0,0
3649,3649,train/ISIC_0025266.jpg,0,0,1
3650,3650,train/ISIC_0024530.jpg,0,0,0
3651,3651,train/ISIC_0032931.jpg,0,0,1
3652,3652,train/ISIC_0025597.jpg,0,0,0
3653,3653,train/ISIC_0026802.jpg,1,0,1
3654,3654,train/ISIC_0031431.jpg,1,0,0
3655,3655,train/ISIC_0030823.jpg,0,0,0
3656,3656,train/ISIC_0028995.jpg,0,0,0
3657,3657,train/ISIC_0028181.jpg,0,0,0
3658,3658,train/ISIC_0028505.jpg,1,0,1
3659,3659,train/ISIC_0032894.jpg,0,0,1
3660,3660,train/ISIC_0028888.jpg,0,0,0
3661,3661,train/ISIC_0028566.jpg,0,0,0
3662,3662,train/ISIC_0027595.jpg,0,0,0
3663,3663,train/ISIC_0034046.jpg,1,0,0
3664,3664,train/ISIC_0034187.jpg,0,0,0
3665,3665,train/ISIC_0029169.jpg,0,0,0
3666,3666,train/ISIC_0032068.jpg,0,0,0
3667,3667,train/ISIC_0032482.jpg,0,0,1
3668,3668,train/ISIC_0026519.jpg,0,0,0
3669,3669,train/ISIC_0025580.jpg,0,0,0
3670,3670,train/ISIC_0025312.jpg,0,0,1
3671,3671,train/ISIC_0026453.jpg,0,0,0
3672,3672,train/ISIC_0029572.jpg,0,0,0
3673,3673,train/ISIC_0029211.jpg,0,0,1
3674,3674,train/ISIC_0026326.jpg,0,0,0
3675,3675,train/ISIC_0033257.jpg,0,0,1
3676,3676,train/ISIC_0028351.jpg,0,0,0
3677,3677,train/ISIC_0030843.jpg,1,0,0
3678,3678,train/ISIC_0032497.jpg,0,0,1
3679,3679,train/ISIC_0027704.jpg,0,0,1
3680,3680,train/ISIC_0026454.jpg,0,0,0
3681,3681,train/ISIC_0025593.jpg,0,0,0
3682,3682,train/ISIC_0030576.jpg,0,0,0
3683,3683,train/ISIC_0034141.jpg,1,0,1
3684,3684,train/ISIC_0025041.jpg,0,0,0
3685,3685,train/ISIC_0027177.jpg,0,0,0
3686,3686,train/ISIC_0027155.jpg,1,0,1
3687,3687,train/ISIC_0029972.jpg,0,0,0
3688,3688,train/ISIC_0027159.jpg,0,0,1
3689,3689,train/ISIC_0027107.jpg,0,0,0
3690,3690,train/ISIC_0025131.jpg,0,0,1
3691,3691,train/ISIC_0030230.jpg,0,0,0
3692,3692,train/ISIC_0026113.jpg,1,0,0
3693,3693,train/ISIC_0031152.jpg,0,0,0
3694,3694,train/ISIC_0025693.jpg,0,0,1
3695,3695,train/ISIC_0027984.jpg,0,0,0
3696,3696,train/ISIC_0033476.jpg,1,0,0
3697,3697,train/ISIC_0025803.jpg,1,0,1
3698,3698,train/ISIC_0027420.jpg,1,0,0
3699,3699,train/ISIC_0024574.jpg,0,0,0
3700,3700,train/ISIC_0029352.jpg,0,0,0
3701,3701,train/ISIC_0027409.jpg,0,0,0
3702,3702,train/ISIC_0028231.jpg,1,0,1
3703,3703,train/ISIC_0027538.jpg,0,0,1
3704,3704,train/ISIC_0030055.jpg,0,0,0
3705,3705,train/ISIC_0026804.jpg,0,0,0
3706,3706,train/ISIC_0028901.jpg,1,0,0
3707,3707,train/ISIC_0029759.jpg,0,0,1
3708,3708,train/ISIC_0026300.jpg,0,0,1
3709,3709,train/ISIC_0027497.jpg,0,0,0
3710,3710,train/ISIC_0029402.jpg,0,0,0
3711,3711,train/ISIC_0028966.jpg,0,0,0
3712,3712,train/ISIC_0030520.jpg,0,0,0
3713,3713,train/ISIC_0025237.jpg,0,0,1
3714,3714,train/ISIC_0024480.jpg,0,0,0
3715,3715,train/ISIC_0024627.jpg,0,0,1
3716,3716,train/ISIC_0028324.jpg,0,0,0
3717,3717,train/ISIC_0026867.jpg,0,0,0
3718,3718,train/ISIC_0029457.jpg,0,0,0
3719,3719,train/ISIC_0029021.jpg,1,0,1
3720,3720,train/ISIC_0033172.jpg,0,0,0
3721,3721,train/ISIC_0030984.jpg,0,0,0
3722,3722,train/ISIC_0029319.jpg,1,0,1
3723,3723,train/ISIC_0027985.jpg,0,0,0
3724,3724,train/ISIC_0033662.jpg,1,0,1
3725,3725,train/ISIC_0033145.jpg,0,0,0
3726,3726,train/ISIC_0027141.jpg,0,0,0
3727,3727,train/ISIC_0029569.jpg,0,0,0
3728,3728,train/ISIC_0032635.jpg,0,0,0
3729,3729,train/ISIC_0031603.jpg,0,0,0
3730,3730,train/ISIC_0027018.jpg,0,0,0
3731,3731,train/ISIC_0025776.jpg,0,0,1
3732,3732,train/ISIC_0033833.jpg,0,0,0
3733,3733,train/ISIC_0025271.jpg,0,0,1
3734,3734,train/ISIC_0027237.jpg,0,0,0
3735,3735,train/ISIC_0025835.jpg,1,0,1
3736,3736,train/ISIC_0029914.jpg,1,0,0
3737,3737,train/ISIC_0031732.jpg,0,0,0
3738,3738,train/ISIC_0030408.jpg,1,0,1
3739,3739,train/ISIC_0032694.jpg,0,0,1
3740,3740,train/ISIC_0024988.jpg,0,0,0
3741,3741,train/ISIC_0030661.jpg,0,0,1
3742,3742,train/ISIC_0026088.jpg,0,0,0
3743,3743,train/ISIC_0027257.jpg,0,0,0
3744,3744,train/ISIC_0024771.jpg,1,0,1
3745,3745,train/ISIC_0032450.jpg,1,0,1
3746,3746,train/ISIC_0026274.jpg,0,0,0
3747,3747,train/ISIC_0027812.jpg,0,0,0
3748,3748,train/ISIC_0025966.jpg,0,0,0
3749,3749,train/ISIC_0033495.jpg,0,0,0
3750,3750,train/ISIC_0025705.jpg,0,0,0
3751,3751,train/ISIC_0033121.jpg,0,0,0
3752,3752,train/ISIC_0033614.jpg,0,0,0
3753,3753,train/ISIC_0032477.jpg,0,0,0
3754,3754,train/ISIC_0033224.jpg,0,0,0
3755,3755,train/ISIC_0028414.jpg,0,0,1
3756,3756,train/ISIC_0029961.jpg,0,0,0
3757,3757,train/ISIC_0024543.jpg,0,0,0
3758,3758,train/ISIC_0031579.jpg,0,0,1
3759,3759,train/ISIC_0030674.jpg,0,0,1
3760,3760,train/ISIC_0025122.jpg,0,0,0
3761,3761,train/ISIC_0032862.jpg,1,0,1
3762,3762,train/ISIC_0025364.jpg,0,0,0
3763,3763,train/ISIC_0028751.jpg,0,0,0
3764,3764,train/ISIC_0027070.jpg,0,0,0
3765,3765,train/ISIC_0027079.jpg,0,0,0
3766,3766,train/ISIC_0028756.jpg,0,0,0
3767,3767,train/ISIC_0033213.jpg,0,0,0
3768,3768,train/ISIC_0024486.jpg,0,0,0
3769,3769,train/ISIC_0027075.jpg,0,0,0
3770,3770,train/ISIC_0031492.jpg,0,0,1
3771,3771,train/ISIC_0028536.jpg,0,0,0
3772,3772,train/ISIC_0030152.jpg,0,0,1
3773,3773,train/ISIC_0028338.jpg,0,0,0
3774,3774,train/ISIC_0032568.jpg,0,0,0
3775,3775,train/ISIC_0030207.jpg,0,0,1
3776,3776,train/ISIC_0033089.jpg,1,0,0
3777,3777,train/ISIC_0031617.jpg,0,0,0
3778,3778,train/ISIC_0029518.jpg,0,0,0
3779,3779,train/ISIC_0031156.jpg,0,0,0
3780,3780,train/ISIC_0033736.jpg,0,0,1
3781,3781,train/ISIC_0032810.jpg,1,0,1
3782,3782,train/ISIC_0032628.jpg,0,0,0
3783,3783,train/ISIC_0027151.jpg,0,0,0
3784,3784,train/ISIC_0030352.jpg,0,0,1
3785,3785,train/ISIC_0033125.jpg,1,0,1
3786,3786,train/ISIC_0031310.jpg,1,0,0
3787,3787,train/ISIC_0026726.jpg,0,0,1
3788,3788,train/ISIC_0028052.jpg,0,0,0
3789,3789,train/ISIC_0032367.jpg,0,0,0
3790,3790,train/ISIC_0029474.jpg,0,0,1
3791,3791,train/ISIC_0034240.jpg,0,0,0
3792,3792,train/ISIC_0028138.jpg,0,0,0
3793,3793,train/ISIC_0029037.jpg,0,0,0
3794,3794,train/ISIC_0029734.jpg,0,0,0
3795,3795,train/ISIC_0031484.jpg,0,0,0
3796,3796,train/ISIC_0034258.jpg,0,0,0
3797,3797,train/ISIC_0033567.jpg,0,0,0
3798,3798,train/ISIC_0029343.jpg,1,0,1
3799,3799,train/ISIC_0032404.jpg,1,0,1
3800,3800,train/ISIC_0030040.jpg,0,0,0
3801,3801,train/ISIC_0032313.jpg,1,0,1
3802,3802,train/ISIC_0030557.jpg,0,0,0
3803,3803,train/ISIC_0024727.jpg,0,0,1
3804,3804,train/ISIC_0026622.jpg,1,0,1
3805,3805,train/ISIC_0030535.jpg,0,0,0
3806,3806,train/ISIC_0024624.jpg,1,0,1
3807,3807,train/ISIC_0030307.jpg,0,0,0
3808,3808,train/ISIC_0025465.jpg,0,0,1
3809,3809,train/ISIC_0030469.jpg,0,0,0
3810,3810,train/ISIC_0030195.jpg,0,0,0
3811,3811,train/ISIC_0033584.jpg,0,0,0
3812,3812,train/ISIC_0029855.jpg,0,0,0
3813,3813,train/ISIC_0033921.jpg,0,0,0
3814,3814,train/ISIC_0031689.jpg,0,0,0
3815,3815,train/ISIC_0031087.jpg,1,0,1
3816,3816,train/ISIC_0033139.jpg,0,0,0
3817,3817,train/ISIC_0027560.jpg,1,0,0
3818,3818,train/ISIC_0031194.jpg,0,0,0
3819,3819,train/ISIC_0028917.jpg,0,0,1
3820,3820,train/ISIC_0024514.jpg,0,0,0
3821,3821,train/ISIC_0031646.jpg,0,0,1
3822,3822,train/ISIC_0028375.jpg,0,0,0
3823,3823,train/ISIC_0026493.jpg,0,0,0
3824,3824,train/ISIC_0032322.jpg,0,0,0
3825,3825,train/ISIC_0025459.jpg,0,0,0
3826,3826,train/ISIC_0026624.jpg,0,0,0
3827,3827,train/ISIC_0026487.jpg,0,0,0
3828,3828,train/ISIC_0033846.jpg,0,0,0
3829,3829,train/ISIC_0027182.jpg,0,0,0
3830,3830,train/ISIC_0028315.jpg,0,0,0
3831,3831,train/ISIC_0025816.jpg,0,0,1
3832,3832,train/ISIC_0027981.jpg,0,0,0
3833,3833,train/ISIC_0027674.jpg,0,0,0
3834,3834,train/ISIC_0024496.jpg,1,0,0
3835,3835,train/ISIC_0028403.jpg,0,0,0
3836,3836,train/ISIC_0033432.jpg,1,0,0
3837,3837,train/ISIC_0030848.jpg,0,0,0
3838,3838,train/ISIC_0030657.jpg,0,0,0
3839,3839,train/ISIC_0031111.jpg,0,0,0
3840,3840,train/ISIC_0025305.jpg,0,0,0
3841,3841,train/ISIC_0030369.jpg,0,0,1
3842,3842,train/ISIC_0032037.jpg,0,0,0
3843,3843,train/ISIC_0034254.jpg,0,0,0
3844,3844,train/ISIC_0029049.jpg,0,0,0
3845,3845,train/ISIC_0032893.jpg,0,0,0
3846,3846,train/ISIC_0026813.jpg,0,0,0
3847,3847,train/ISIC_0026783.jpg,0,0,1
3848,3848,train/ISIC_0030432.jpg,0,0,0
3849,3849,train/ISIC_0030508.jpg,0,0,0
3850,3850,train/ISIC_0029703.jpg,0,0,1
3851,3851,train/ISIC_0029309.jpg,1,0,1
3852,3852,train/ISIC_0031746.jpg,1,0,1
3853,3853,train/ISIC_0027423.jpg,0,0,1
3854,3854,train/ISIC_0028997.jpg,0,0,0
3855,3855,train/ISIC_0031050.jpg,0,0,1
3856,3856,train/ISIC_0025824.jpg,0,0,1
3857,3857,train/ISIC_0034177.jpg,0,0,0
3858,3858,train/ISIC_0030182.jpg,0,0,0
3859,3859,train/ISIC_0030526.jpg,0,0,1
3860,3860,train/ISIC_0030279.jpg,0,0,0
3861,3861,train/ISIC_0032084.jpg,0,0,0
3862,3862,train/ISIC_0029233.jpg,0,0,1
3863,3863,train/ISIC_0025375.jpg,0,0,0
3864,3864,train/ISIC_0027615.jpg,1,0,1
3865,3865,train/ISIC_0029420.jpg,0,0,0
3866,3866,train/ISIC_0029044.jpg,0,0,0
3867,3867,train/ISIC_0034178.jpg,0,0,0
3868,3868,train/ISIC_0028170.jpg,0,0,0
3869,3869,train/ISIC_0024865.jpg,1,0,0
3870,3870,train/ISIC_0025413.jpg,1,0,0
3871,3871,train/ISIC_0026736.jpg,0,0,1
3872,3872,train/ISIC_0030095.jpg,0,0,0
3873,3873,train/ISIC_0026734.jpg,0,0,0
3874,3874,train/ISIC_0033690.jpg,0,0,0
3875,3875,train/ISIC_0026128.jpg,0,0,1
3876,3876,train/ISIC_0033647.jpg,0,0,0
3877,3877,train/ISIC_0025723.jpg,0,0,0
3878,3878,train/ISIC_0029015.jpg,0,0,0
3879,3879,train/ISIC_0034054.jpg,0,0,0
3880,3880,train/ISIC_0031117.jpg,0,0,1
3881,3881,train/ISIC_0026466.jpg,1,0,1
3882,3882,train/ISIC_0033203.jpg,0,0,1
3883,3883,train/ISIC_0024487.jpg,0,0,0
3884,3884,train/ISIC_0024782.jpg,0,0,1
3885,3885,train/ISIC_0028096.jpg,0,0,1
3886,3886,train/ISIC_0025529.jpg,0,0,1
3887,3887,train/ISIC_0033605.jpg,0,0,0
3888,3888,train/ISIC_0026550.jpg,0,0,0
3889,3889,train/ISIC_0028716.jpg,0,0,0
3890,3890,train/ISIC_0026909.jpg,1,0,0
3891,3891,train/ISIC_0029094.jpg,1,0,0
3892,3892,train/ISIC_0032245.jpg,1,0,1
3893,3893,train/ISIC_0032434.jpg,0,0,1
3894,3894,train/ISIC_0033243.jpg,0,0,0
3895,3895,train/ISIC_0028664.jpg,0,0,0
3896,3896,train/ISIC_0024659.jpg,0,0,0
3897,3897,train/ISIC_0030734.jpg,0,0,0
3898,3898,train/ISIC_0025374.jpg,0,0,1
3899,3899,train/ISIC_0031084.jpg,0,0,0
3900,3900,train/ISIC_0027583.jpg,0,0,0
3901,3901,train/ISIC_0032206.jpg,1,0,0
3902,3902,train/ISIC_0025893.jpg,0,0,0
3903,3903,train/ISIC_0027302.jpg,1,0,0
3904,3904,train/ISIC_0027236.jpg,0,0,0
3905,3905,train/ISIC_0033764.jpg,0,0,0
3906,3906,train/ISIC_0032617.jpg,1,0,1
3907,3907,train/ISIC_0024609.jpg,0,0,0
3908,3908,train/ISIC_0030038.jpg,0,0,0
3909,3909,train/ISIC_0033748.jpg,0,0,0
3910,3910,train/ISIC_0024898.jpg,1,0,1
3911,3911,train/ISIC_0024460.jpg,0,0,0
3912,3912,train/ISIC_0027622.jpg,1,0,0
3913,3913,train/ISIC_0028423.jpg,0,0,0
3914,3914,train/ISIC_0028655.jpg,1,0,0
3915,3915,train/ISIC_0031302.jpg,0,0,0
3916,3916,train/ISIC_0031899.jpg,0,0,0
3917,3917,train/ISIC_0030720.jpg,0,0,0
3918,3918,train/ISIC_0024835.jpg,0,0,0
3919,3919,train/ISIC_0025773.jpg,0,0,1
3920,3920,train/ISIC_0030057.jpg,0,0,1
3921,3921,train/ISIC_0028007.jpg,0,0,0
3922,3922,train/ISIC_0033478.jpg,0,0,0
3923,3923,train/ISIC_0025740.jpg,0,0,0
3924,3924,train/ISIC_0025769.jpg,0,0,0
3925,3925,train/ISIC_0032550.jpg,1,0,0
3926,3926,train/ISIC_0032812.jpg,1,0,0
3927,3927,train/ISIC_0032699.jpg,1,0,1
3928,3928,train/ISIC_0034297.jpg,0,0,0
3929,3929,train/ISIC_0028750.jpg,0,0,0
3930,3930,train/ISIC_0024545.jpg,1,0,0
3931,3931,train/ISIC_0027356.jpg,0,0,0
3932,3932,train/ISIC_0029068.jpg,0,0,0
3933,3933,train/ISIC_0026851.jpg,0,0,0
3934,3934,train/ISIC_0033790.jpg,0,0,0
3935,3935,train/ISIC_0028402.jpg,0,0,0
3936,3936,train/ISIC_0028775.jpg,0,0,0
3937,3937,train/ISIC_0031384.jpg,0,0,1
3938,3938,train/ISIC_0025344.jpg,0,0,0
3939,3939,train/ISIC_0029932.jpg,1,0,1
3940,3940,train/ISIC_0026289.jpg,0,0,0
3941,3941,train/ISIC_0029537.jpg,0,0,0
3942,3942,train/ISIC_0030064.jpg,0,0,0
3943,3943,train/ISIC_0026136.jpg,0,0,1
3944,3944,train/ISIC_0028477.jpg,0,0,0
3945,3945,train/ISIC_0033312.jpg,1,0,0
3946,3946,train/ISIC_0029977.jpg,0,0,0
3947,3947,train/ISIC_0034179.jpg,0,0,0
3948,3948,train/ISIC_0033443.jpg,0,0,0
3949,3949,train/ISIC_0026269.jpg,0,0,0
3950,3950,train/ISIC_0029668.jpg,0,0,0
3951,3951,train/ISIC_0034120.jpg,1,0,0
3952,3952,train/ISIC_0033150.jpg,0,0,0
3953,3953,train/ISIC_0025825.jpg,1,0,1
3954,3954,train/ISIC_0024901.jpg,0,0,0
3955,3955,train/ISIC_0033477.jpg,1,0,1
3956,3956,train/ISIC_0024597.jpg,0,0,0
3957,3957,train/ISIC_0029131.jpg,0,0,0
3958,3958,train/ISIC_0030338.jpg,0,0,0
3959,3959,train/ISIC_0026537.jpg,0,0,0
3960,3960,train/ISIC_0026635.jpg,0,0,1
3961,3961,train/ISIC_0025497.jpg,0,0,0
3962,3962,train/ISIC_0028169.jpg,0,0,0
3963,3963,train/ISIC_0032508.jpg,0,0,0
3964,3964,train/ISIC_0033652.jpg,0,0,0
3965,3965,train/ISIC_0024600.jpg,0,0,0
3966,3966,train/ISIC_0033789.jpg,0,0,0
3967,3967,train/ISIC_0026560.jpg,0,0,0
3968,3968,train/ISIC_0032190.jpg,1,0,0
3969,3969,train/ISIC_0033784.jpg,0,0,1
3970,3970,train/ISIC_0033636.jpg,1,0,1
3971,3971,train/ISIC_0034039.jpg,0,0,0
3972,3972,train/ISIC_0026345.jpg,0,0,0
3973,3973,train/ISIC_0029971.jpg,0,0,0
3974,3974,train/ISIC_0028632.jpg,0,0,0
3975,3975,train/ISIC_0024686.jpg,0,0,0
3976,3976,train/ISIC_0030642.jpg,0,0,0
3977,3977,train/ISIC_0031133.jpg,0,0,1
3978,3978,train/ISIC_0029987.jpg,0,0,0
3979,3979,train/ISIC_0031394.jpg,0,0,0
3980,3980,train/ISIC_0033409.jpg,0,0,0
3981,3981,train/ISIC_0025280.jpg,0,0,0
3982,3982,train/ISIC_0028653.jpg,0,0,0
3983,3983,train/ISIC_0033315.jpg,0,0,0
3984,3984,train/ISIC_0030324.jpg,1,0,1
3985,3985,train/ISIC_0026287.jpg,0,0,0
3986,3986,train/ISIC_0029391.jpg,0,0,1
3987,3987,train/ISIC_0028479.jpg,0,0,1
3988,3988,train/ISIC_0033657.jpg,0,0,0
3989,3989,train/ISIC_0026443.jpg,0,0,1
3990,3990,train/ISIC_0024655.jpg,0,0,0
3991,3991,train/ISIC_0025707.jpg,0,0,0
3992,3992,train/ISIC_0030891.jpg,0,0,0
3993,3993,train/ISIC_0033611.jpg,1,0,1
3994,3994,train/ISIC_0032648.jpg,0,0,0
3995,3995,train/ISIC_0026118.jpg,0,0,1
3996,3996,train/ISIC_0032391.jpg,0,0,0
3997,3997,train/ISIC_0033600.jpg,0,0,0
3998,3998,train/ISIC_0024535.jpg,0,0,0
3999,3999,train/ISIC_0026880.jpg,0,0,0
4000,4000,train/ISIC_0032977.jpg,0,0,0
4001,4001,train/ISIC_0030895.jpg,0,0,0
4002,4002,train/ISIC_0032744.jpg,0,0,0
4003,4003,train/ISIC_0028283.jpg,0,0,1
4004,4004,train/ISIC_0030261.jpg,0,0,1
4005,4005,train/ISIC_0033962.jpg,1,0,0
4006,4006,train/ISIC_0025581.jpg,0,0,0
4007,4007,train/ISIC_0024599.jpg,0,0,0
4008,4008,train/ISIC_0033558.jpg,0,0,0
4009,4009,train/ISIC_0032342.jpg,0,0,0
4010,4010,train/ISIC_0027541.jpg,0,0,0
4011,4011,train/ISIC_0027357.jpg,0,0,0
4012,4012,train/ISIC_0033075.jpg,0,0,0
4013,4013,train/ISIC_0025829.jpg,0,0,0
4014,4014,train/ISIC_0033456.jpg,1,0,1
4015,4015,train/ISIC_0024423.jpg,0,0,0
4016,4016,train/ISIC_0032177.jpg,0,0,0
4017,4017,train/ISIC_0029190.jpg,0,0,0
4018,4018,train/ISIC_0031812.jpg,0,0,1
4019,4019,train/ISIC_0030598.jpg,0,0,0
4020,4020,train/ISIC_0028578.jpg,0,0,0
4021,4021,train/ISIC_0029895.jpg,0,0,0
4022,4022,train/ISIC_0028827.jpg,0,0,0
4023,4023,train/ISIC_0026463.jpg,0,0,0
4024,4024,train/ISIC_0024695.jpg,0,0,0
4025,4025,train/ISIC_0032050.jpg,0,0,0
4026,4026,train/ISIC_0026997.jpg,0,0,0
4027,4027,train/ISIC_0026018.jpg,0,0,1
4028,4028,train/ISIC_0026584.jpg,0,0,1
4029,4029,train/ISIC_0025345.jpg,0,0,1
4030,4030,train/ISIC_0028861.jpg,0,0,0
4031,4031,train/ISIC_0028798.jpg,0,0,1
4032,4032,train/ISIC_0026196.jpg,0,0,0
4033,4033,train/ISIC_0033047.jpg,1,0,0
4034,4034,train/ISIC_0024703.jpg,0,0,0
4035,4035,train/ISIC_0033932.jpg,0,0,0
4036,4036,train/ISIC_0029805.jpg,0,0,1
4037,4037,train/ISIC_0030785.jpg,1,0,1
4038,4038,train/ISIC_0030164.jpg,0,0,0
4039,4039,train/ISIC_0029660.jpg,1,0,0
4040,4040,train/ISIC_0026233.jpg,0,0,0
4041,4041,train/ISIC_0033421.jpg,0,0,0
4042,4042,train/ISIC_0032954.jpg,0,0,0
4043,4043,train/ISIC_0034081.jpg,0,0,0
4044,4044,train/ISIC_0034001.jpg,0,0,0
4045,4045,train/ISIC_0034237.jpg,0,0,0
4046,4046,train/ISIC_0028540.jpg,0,0,0
4047,4047,train/ISIC_0032211.jpg,0,0,0
4048,4048,train/ISIC_0027854.jpg,0,0,0
4049,4049,train/ISIC_0029254.jpg,0,0,0
4050,4050,train/ISIC_0026085.jpg,0,0,1
4051,4051,train/ISIC_0029676.jpg,0,0,1
4052,4052,train/ISIC_0029597.jpg,0,0,0
4053,4053,train/ISIC_0031555.jpg,0,0,0
4054,4054,train/ISIC_0026450.jpg,0,0,0
4055,4055,train/ISIC_0027914.jpg,0,0,0
4056,4056,train/ISIC_0032610.jpg,1,0,0
4057,4057,train/ISIC_0033000.jpg,1,0,1
4058,4058,train/ISIC_0025861.jpg,0,0,0
4059,4059,train/ISIC_0028339.jpg,0,0,0
4060,4060,train/ISIC_0024753.jpg,0,0,0
4061,4061,train/ISIC_0031840.jpg,0,0,0
4062,4062,train/ISIC_0024959.jpg,0,0,0
4063,4063,train/ISIC_0029992.jpg,0,0,0
4064,4064,train/ISIC_0028940.jpg,0,0,0
4065,4065,train/ISIC_0026530.jpg,0,0,0
4066,4066,train/ISIC_0030678.jpg,0,0,0
4067,4067,train/ISIC_0034116.jpg,0,0,0
4068,4068,train/ISIC_0026066.jpg,0,0,0
4069,4069,train/ISIC_0030202.jpg,0,0,0
4070,4070,train/ISIC_0027833.jpg,0,0,0
4071,4071,train/ISIC_0031181.jpg,0,0,0
4072,4072,train/ISIC_0033003.jpg,0,0,0
4073,4073,train/ISIC_0029359.jpg,0,0,0
4074,4074,train/ISIC_0027571.jpg,0,0,0
4075,4075,train/ISIC_0025274.jpg,0,0,0
4076,4076,train/ISIC_0031445.jpg,0,0,0
4077,4077,train/ISIC_0030281.jpg,1,0,0
4078,4078,train/ISIC_0029323.jpg,0,0,1
4079,4079,train/ISIC_0025061.jpg,0,0,0
4080,4080,train/ISIC_0033002.jpg,0,0,0
4081,4081,train/ISIC_0027080.jpg,0,0,1
4082,4082,train/ISIC_0031789.jpg,0,0,1
4083,4083,train/ISIC_0026398.jpg,0,0,0
4084,4084,train/ISIC_0033678.jpg,1,0,1
4085,4085,train/ISIC_0028196.jpg,0,0,0
4086,4086,train/ISIC_0026259.jpg,0,0,0
4087,4087,train/ISIC_0032590.jpg,0,0,0
4088,4088,train/ISIC_0032275.jpg,0,0,0
4089,4089,train/ISIC_0031581.jpg,0,0,0
4090,4090,train/ISIC_0024399.jpg,0,0,0
4091,4091,train/ISIC_0028514.jpg,0,0,0
4092,4092,train/ISIC_0032545.jpg,0,0,0
4093,4093,train/ISIC_0027982.jpg,0,0,1
4094,4094,train/ISIC_0033712.jpg,0,0,0
4095,4095,train/ISIC_0029125.jpg,0,0,0
4096,4096,train/ISIC_0032197.jpg,1,0,0
4097,4097,train/ISIC_0026406.jpg,0,0,0
4098,4098,train/ISIC_0034197.jpg,0,0,1
4099,4099,train/ISIC_0025708.jpg,1,0,0
4100,4100,train/ISIC_0024947.jpg,0,0,0
4101,4101,train/ISIC_0030847.jpg,0,0,1
4102,4102,train/ISIC_0030936.jpg,0,0,0
4103,4103,train/ISIC_0033803.jpg,0,0,0
4104,4104,train/ISIC_0025564.jpg,0,0,0
4105,4105,train/ISIC_0030590.jpg,0,0,0
4106,4106,train/ISIC_0024932.jpg,1,0,0
4107,4107,train/ISIC_0029991.jpg,0,0,1
4108,4108,train/ISIC_0030769.jpg,0,0,0
4109,4109,train/ISIC_0027844.jpg,0,0,0
4110,4110,train/ISIC_0025149.jpg,0,0,0
4111,4111,train/ISIC_0028028.jpg,0,0,0
4112,4112,train/ISIC_0028824.jpg,0,0,0
4113,4113,train/ISIC_0024804.jpg,0,0,0
4114,4114,train/ISIC_0031146.jpg,1,0,0
4115,4115,train/ISIC_0025005.jpg,0,0,1
4116,4116,train/ISIC_0028431.jpg,0,0,0
4117,4117,train/ISIC_0031243.jpg,0,0,1
4118,4118,train/ISIC_0028234.jpg,0,0,0
4119,4119,train/ISIC_0034169.jpg,0,0,0
4120,4120,train/ISIC_0029301.jpg,0,0,0
4121,4121,train/ISIC_0028109.jpg,1,0,1
4122,4122,train/ISIC_0034226.jpg,0,0,0
4123,4123,train/ISIC_0029586.jpg,0,0,0
4124,4124,train/ISIC_0029570.jpg,1,0,0
4125,4125,train/ISIC_0029607.jpg,0,0,0
4126,4126,train/ISIC_0033602.jpg,0,0,0
4127,4127,train/ISIC_0024345.jpg,0,0,1
4128,4128,train/ISIC_0029502.jpg,1,0,0
4129,4129,train/ISIC_0033299.jpg,1,0,1
4130,4130,train/ISIC_0029560.jpg,0,0,0
4131,4131,train/ISIC_0030121.jpg,0,0,0
4132,4132,train/ISIC_0030365.jpg,0,0,0
4133,4133,train/ISIC_0027170.jpg,0,0,0
4134,4134,train/ISIC_0029611.jpg,0,0,0
4135,4135,train/ISIC_0028006.jpg,0,0,0
4136,4136,train/ISIC_0030465.jpg,0,0,1
4137,4137,train/ISIC_0026432.jpg,0,0,0
4138,4138,train/ISIC_0024884.jpg,0,0,0
4139,4139,train/ISIC_0032204.jpg,1,0,0
4140,4140,train/ISIC_0033303.jpg,0,0,0
4141,4141,train/ISIC_0031793.jpg,0,0,0
4142,4142,train/ISIC_0026796.jpg,1,0,1
4143,4143,train/ISIC_0033675.jpg,0,0,0
4144,4144,train/ISIC_0032915.jpg,1,0,1
4145,4145,train/ISIC_0033805.jpg,1,0,0
4146,4146,train/ISIC_0029095.jpg,0,0,0
4147,4147,train/ISIC_0025015.jpg,0,0,0
4148,4148,train/ISIC_0031766.jpg,0,0,1
4149,4149,train/ISIC_0027335.jpg,0,0,1
4150,4150,train/ISIC_0027549.jpg,0,0,0
4151,4151,train/ISIC_0027738.jpg,0,0,1
4152,4152,train/ISIC_0034036.jpg,1,0,0
4153,4153,train/ISIC_0032262.jpg,0,0,1
4154,4154,train/ISIC_0027370.jpg,0,0,0
4155,4155,train/ISIC_0032194.jpg,0,0,0
4156,4156,train/ISIC_0030384.jpg,0,0,0
4157,4157,train/ISIC_0032909.jpg,0,0,0
4158,4158,train/ISIC_0028152.jpg,0,0,0
4159,4159,train/ISIC_0028608.jpg,0,0,0
4160,4160,train/ISIC_0029187.jpg,0,0,0
4161,4161,train/ISIC_0030184.jpg,0,0,0
4162,4162,train/ISIC_0025596.jpg,0,0,0
4163,4163,train/ISIC_0024868.jpg,0,0,0
4164,4164,train/ISIC_0026175.jpg,0,0,0
4165,4165,train/ISIC_0025804.jpg,0,0,0
4166,4166,train/ISIC_0026455.jpg,0,0,0
4167,4167,train/ISIC_0025623.jpg,0,0,1
4168,4168,train/ISIC_0030221.jpg,0,0,0
4169,4169,train/ISIC_0033854.jpg,0,0,1
4170,4170,train/ISIC_0031273.jpg,0,0,0
4171,4171,train/ISIC_0026472.jpg,0,0,0
4172,4172,train/ISIC_0027504.jpg,0,0,1
4173,4173,train/ISIC_0031077.jpg,1,0,1
4174,4174,train/ISIC_0025484.jpg,0,0,1
4175,4175,train/ISIC_0032165.jpg,0,0,1
4176,4176,train/ISIC_0028510.jpg,0,0,0
4177,4177,train/ISIC_0030024.jpg,0,0,0
4178,4178,train/ISIC_0031806.jpg,0,0,0
4179,4179,train/ISIC_0026809.jpg,0,0,1
4180,4180,train/ISIC_0032700.jpg,0,0,0
4181,4181,train/ISIC_0031711.jpg,1,0,0
4182,4182,train/ISIC_0028747.jpg,0,0,1
4183,4183,train/ISIC_0025953.jpg,1,0,1
4184,4184,train/ISIC_0028783.jpg,0,0,0
4185,4185,train/ISIC_0030192.jpg,1,0,1
4186,4186,train/ISIC_0027644.jpg,0,0,0
4187,4187,train/ISIC_0028918.jpg,0,0,0
4188,4188,train/ISIC_0029735.jpg,0,0,0
4189,4189,train/ISIC_0031239.jpg,1,0,0
4190,4190,train/ISIC_0032996.jpg,0,0,0
4191,4191,train/ISIC_0024743.jpg,0,0,1
4192,4192,train/ISIC_0030474.jpg,0,0,0
4193,4193,train/ISIC_0031020.jpg,0,0,0
4194,4194,train/ISIC_0028956.jpg,0,0,0
4195,4195,train/ISIC_0032238.jpg,1,0,1
4196,4196,train/ISIC_0026343.jpg,0,0,1
4197,4197,train/ISIC_0030099.jpg,0,0,0
4198,4198,train/ISIC_0030129.jpg,1,0,0
4199,4199,train/ISIC_0025775.jpg,0,0,0
4200,4200,train/ISIC_0031869.jpg,0,0,0
4201,4201,train/ISIC_0025995.jpg,0,0,0
4202,4202,train/ISIC_0030248.jpg,0,0,0
4203,4203,train/ISIC_0029690.jpg,0,0,0
4204,4204,train/ISIC_0026210.jpg,0,0,0
4205,4205,train/ISIC_0027563.jpg,0,0,1
4206,4206,train/ISIC_0025927.jpg,1,0,0
4207,4207,train/ISIC_0025062.jpg,0,0,0
4208,4208,train/ISIC_0025003.jpg,0,0,0
4209,4209,train/ISIC_0026563.jpg,0,0,0
4210,4210,train/ISIC_0032397.jpg,1,0,1
4211,4211,train/ISIC_0025246.jpg,0,0,0
4212,4212,train/ISIC_0031456.jpg,0,0,1
4213,4213,train/ISIC_0034078.jpg,0,0,0
4214,4214,train/ISIC_0024859.jpg,0,0,0
4215,4215,train/ISIC_0028192.jpg,0,0,0
4216,4216,train/ISIC_0033507.jpg,0,0,1
4217,4217,train/ISIC_0025300.jpg,0,0,0
4218,4218,train/ISIC_0030077.jpg,0,0,0
4219,4219,train/ISIC_0034205.jpg,1,0,0
4220,4220,train/ISIC_0025018.jpg,1,0,0
4221,4221,train/ISIC_0029349.jpg,0,0,0
4222,4222,train/ISIC_0024825.jpg,0,0,1
4223,4223,train/ISIC_0030457.jpg,0,0,0
4224,4224,train/ISIC_0032307.jpg,0,0,1
4225,4225,train/ISIC_0032251.jpg,0,0,0
4226,4226,train/ISIC_0028158.jpg,1,0,1
4227,4227,train/ISIC_0027735.jpg,0,0,0
4228,4228,train/ISIC_0034077.jpg,0,0,0
4229,4229,train/ISIC_0032228.jpg,0,0,0
4230,4230,train/ISIC_0030240.jpg,0,0,1
4231,4231,train/ISIC_0026157.jpg,0,0,0
4232,4232,train/ISIC_0034298.jpg,0,0,0
4233,4233,train/ISIC_0025575.jpg,0,0,0
4234,4234,train/ISIC_0026972.jpg,0,0,0
4235,4235,train/ISIC_0028962.jpg,0,0,0
4236,4236,train/ISIC_0026193.jpg,0,0,0
4237,4237,train/ISIC_0027445.jpg,0,0,0
4238,4238,train/ISIC_0032104.jpg,0,0,0
4239,4239,train/ISIC_0026031.jpg,0,0,0
4240,4240,train/ISIC_0033527.jpg,0,0,0
4241,4241,train/ISIC_0028925.jpg,0,0,1
4242,4242,train/ISIC_0025841.jpg,0,0,0
4243,4243,train/ISIC_0026762.jpg,0,0,0
4244,4244,train/ISIC_0034244.jpg,0,0,0
4245,4245,train/ISIC_0030334.jpg,0,0,0
4246,4246,train/ISIC_0026485.jpg,0,0,0
4247,4247,train/ISIC_0028063.jpg,1,0,0
4248,4248,train/ISIC_0027122.jpg,0,0,1
4249,4249,train/ISIC_0029632.jpg,1,0,0
4250,4250,train/ISIC_0027452.jpg,1,0,1
4251,4251,train/ISIC_0026241.jpg,0,0,0
4252,4252,train/ISIC_0029143.jpg,0,0,0
4253,4253,train/ISIC_0033439.jpg,0,0,0
4254,4254,train/ISIC_0029707.jpg,0,0,0
4255,4255,train/ISIC_0028177.jpg,0,0,0
4256,4256,train/ISIC_0032373.jpg,0,0,1
4257,4257,train/ISIC_0031030.jpg,0,0,0
4258,4258,train/ISIC_0029535.jpg,0,0,0
4259,4259,train/ISIC_0028864.jpg,0,0,0
4260,4260,train/ISIC_0031173.jpg,0,0,0
4261,4261,train/ISIC_0027216.jpg,0,0,0
4262,4262,train/ISIC_0026338.jpg,0,0,1
4263,4263,train/ISIC_0024408.jpg,0,0,0
4264,4264,train/ISIC_0032149.jpg,1,0,0
4265,4265,train/ISIC_0033520.jpg,1,0,0
4266,4266,train/ISIC_0026643.jpg,0,0,1
4267,4267,train/ISIC_0026344.jpg,0,0,0
4268,4268,train/ISIC_0028772.jpg,0,0,0
4269,4269,train/ISIC_0024762.jpg,0,0,0
4270,4270,train/ISIC_0024450.jpg,1,0,0
4271,4271,train/ISIC_0026441.jpg,0,0,1
4272,4272,train/ISIC_0032723.jpg,1,0,0
4273,4273,train/ISIC_0029726.jpg,1,0,1
4274,4274,train/ISIC_0032070.jpg,1,0,0
4275,4275,train/ISIC_0030629.jpg,0,0,0
4276,4276,train/ISIC_0030664.jpg,0,0,1
4277,4277,train/ISIC_0027959.jpg,0,0,1
4278,4278,train/ISIC_0026158.jpg,1,0,1
4279,4279,train/ISIC_0031124.jpg,0,0,0
4280,4280,train/ISIC_0024506.jpg,0,0,0
4281,4281,train/ISIC_0025785.jpg,0,0,0
4282,4282,train/ISIC_0031755.jpg,0,0,0
4283,4283,train/ISIC_0024919.jpg,0,0,0
4284,4284,train/ISIC_0024987.jpg,1,0,1
4285,4285,train/ISIC_0031179.jpg,0,0,0
4286,4286,train/ISIC_0026707.jpg,0,0,0
4287,4287,train/ISIC_0032566.jpg,0,0,1
4288,4288,train/ISIC_0024760.jpg,0,0,0
4289,4289,train/ISIC_0027121.jpg,0,0,0
4290,4290,train/ISIC_0027554.jpg,0,0,0
4291,4291,train/ISIC_0029550.jpg,0,0,0
4292,4292,train/ISIC_0026459.jpg,0,0,0
4293,4293,train/ISIC_0026767.jpg,0,0,0
4294,4294,train/ISIC_0034270.jpg,0,0,0
4295,4295,train/ISIC_0027271.jpg,0,0,0
4296,4296,train/ISIC_0030560.jpg,0,0,1
4297,4297,train/ISIC_0033012.jpg,0,0,1
4298,4298,train/ISIC_0024953.jpg,0,0,0
4299,4299,train/ISIC_0029616.jpg,0,0,0
4300,4300,train/ISIC_0029509.jpg,0,0,1
4301,4301,train/ISIC_0027580.jpg,1,0,1
4302,4302,train/ISIC_0027300.jpg,1,0,0
4303,4303,train/ISIC_0029314.jpg,0,0,0
4304,4304,train/ISIC_0029236.jpg,0,0,1
4305,4305,train/ISIC_0033534.jpg,1,0,0
4306,4306,train/ISIC_0033379.jpg,0,0,0
4307,4307,train/ISIC_0029328.jpg,0,0,0
4308,4308,train/ISIC_0028084.jpg,0,0,1
4309,4309,train/ISIC_0026462.jpg,0,0,0
4310,4310,train/ISIC_0026503.jpg,0,0,0
4311,4311,train/ISIC_0028620.jpg,0,0,0
4312,4312,train/ISIC_0033102.jpg,0,0,0
4313,4313,train/ISIC_0026927.jpg,1,0,1
4314,4314,train/ISIC_0024824.jpg,0,0,0
4315,4315,train/ISIC_0024895.jpg,0,0,0
4316,4316,train/ISIC_0024732.jpg,1,0,0
4317,4317,train/ISIC_0031395.jpg,0,0,1
4318,4318,train/ISIC_0033552.jpg,0,0,0
4319,4319,train/ISIC_0026949.jpg,0,0,0
4320,4320,train/ISIC_0030617.jpg,0,0,0
4321,4321,train/ISIC_0033839.jpg,0,0,0
4322,4322,train/ISIC_0034260.jpg,0,0,1
4323,4323,train/ISIC_0027096.jpg,0,0,0
4324,4324,train/ISIC_0033934.jpg,0,0,0
4325,4325,train/ISIC_0028239.jpg,0,0,0
4326,4326,train/ISIC_0025218.jpg,0,0,0
4327,4327,train/ISIC_0024326.jpg,0,0,1
4328,4328,train/ISIC_0032637.jpg,1,0,0
4329,4329,train/ISIC_0030391.jpg,1,0,0
4330,4330,train/ISIC_0024336.jpg,0,0,0
4331,4331,train/ISIC_0028248.jpg,0,0,0
4332,4332,train/ISIC_0029522.jpg,0,0,1
4333,4333,train/ISIC_0031112.jpg,0,0,0
4334,4334,train/ISIC_0026190.jpg,0,0,1
4335,4335,train/ISIC_0032577.jpg,0,0,0
4336,4336,train/ISIC_0025132.jpg,1,0,1
4337,4337,train/ISIC_0031573.jpg,0,0,1
4338,4338,train/ISIC_0032835.jpg,0,0,1
4339,4339,train/ISIC_0029979.jpg,0,0,0
4340,4340,train/ISIC_0030988.jpg,0,0,0
4341,4341,train/ISIC_0033588.jpg,0,0,1
4342,4342,train/ISIC_0032122.jpg,0,0,0
4343,4343,train/ISIC_0030364.jpg,0,0,0
4344,4344,train/ISIC_0030346.jpg,0,0,0
4345,4345,train/ISIC_0031837.jpg,0,0,0
4346,4346,train/ISIC_0033874.jpg,1,0,1
4347,4347,train/ISIC_0033974.jpg,0,0,0
4348,4348,train/ISIC_0033037.jpg,1,0,1
4349,4349,train/ISIC_0030476.jpg,0,0,0
4350,4350,train/ISIC_0028245.jpg,0,0,0
4351,4351,train/ISIC_0031057.jpg,0,0,1
4352,4352,train/ISIC_0031408.jpg,1,0,1
4353,4353,train/ISIC_0028974.jpg,0,0,0
4354,4354,train/ISIC_0028892.jpg,0,0,0
4355,4355,train/ISIC_0024556.jpg,0,0,0
4356,4356,train/ISIC_0028766.jpg,0,0,0
4357,4357,train/ISIC_0024500.jpg,0,0,0
4358,4358,train/ISIC_0030350.jpg,0,0,0
4359,4359,train/ISIC_0026817.jpg,0,0,0
4360,4360,train/ISIC_0028466.jpg,0,0,0
4361,4361,train/ISIC_0030500.jpg,0,0,0
4362,4362,train/ISIC_0031686.jpg,0,0,1
4363,4363,train/ISIC_0032472.jpg,0,0,0
4364,4364,train/ISIC_0033948.jpg,0,0,0
4365,4365,train/ISIC_0030566.jpg,0,0,0
4366,4366,train/ISIC_0025260.jpg,0,0,1
4367,4367,train/ISIC_0024350.jpg,0,0,0
4368,4368,train/ISIC_0031825.jpg,0,0,1
4369,4369,train/ISIC_0024709.jpg,0,0,1
4370,4370,train/ISIC_0029763.jpg,0,0,0
4371,4371,train/ISIC_0025702.jpg,0,0,1
4372,4372,train/ISIC_0032609.jpg,0,0,0
4373,4373,train/ISIC_0028083.jpg,0,0,0
4374,4374,train/ISIC_0026807.jpg,0,0,0
4375,4375,train/ISIC_0027818.jpg,0,0,0
4376,4376,train/ISIC_0031327.jpg,0,0,1
4377,4377,train/ISIC_0026264.jpg,0,0,1
4378,4378,train/ISIC_0031357.jpg,0,0,0
4379,4379,train/ISIC_0029372.jpg,0,0,1
4380,4380,train/ISIC_0026664.jpg,1,0,1
4381,4381,train/ISIC_0029745.jpg,0,0,0
4382,4382,train/ISIC_0025264.jpg,1,0,1
4383,4383,train/ISIC_0031218.jpg,0,0,1
4384,4384,train/ISIC_0028601.jpg,0,0,0
4385,4385,train/ISIC_0026590.jpg,0,0,0
4386,4386,train/ISIC_0028588.jpg,0,0,1
4387,4387,train/ISIC_0032515.jpg,0,0,0
4388,4388,train/ISIC_0026773.jpg,0,0,0
4389,4389,train/ISIC_0029002.jpg,1,0,0
4390,4390,train/ISIC_0029911.jpg,0,0,0
4391,4391,train/ISIC_0031944.jpg,0,0,1
4392,4392,train/ISIC_0031028.jpg,0,0,0
4393,4393,train/ISIC_0030447.jpg,0,0,0
4394,4394,train/ISIC_0033637.jpg,0,0,0
4395,4395,train/ISIC_0033655.jpg,1,0,1
4396,4396,train/ISIC_0032900.jpg,0,0,0
4397,4397,train/ISIC_0027592.jpg,0,0,0
4398,4398,train/ISIC_0025684.jpg,0,0,0
4399,4399,train/ISIC_0029749.jpg,0,0,1
4400,4400,train/ISIC_0030712.jpg,0,0,1
4401,4401,train/ISIC_0026501.jpg,0,0,0
4402,4402,train/ISIC_0024990.jpg,0,0,0
4403,4403,train/ISIC_0030631.jpg,0,0,0
4404,4404,train/ISIC_0027312.jpg,0,0,0
4405,4405,train/ISIC_0026520.jpg,0,0,0
4406,4406,train/ISIC_0032442.jpg,0,0,0
4407,4407,train/ISIC_0032813.jpg,0,0,0
4408,4408,train/ISIC_0024838.jpg,0,0,0
4409,4409,train/ISIC_0028844.jpg,0,0,0
4410,4410,train/ISIC_0024694.jpg,0,0,1
4411,4411,train/ISIC_0031503.jpg,0,0,0
4412,4412,train/ISIC_0026608.jpg,0,0,0
4413,4413,train/ISIC_0032184.jpg,0,0,1
4414,4414,train/ISIC_0032823.jpg,1,0,0
4415,4415,train/ISIC_0031227.jpg,0,0,0
4416,4416,train/ISIC_0027732.jpg,0,0,0
4417,4417,train/ISIC_0032627.jpg,0,0,0
4418,4418,train/ISIC_0032883.jpg,0,0,0
4419,4419,train/ISIC_0033811.jpg,1,0,1
4420,4420,train/ISIC_0032673.jpg,0,0,0
4421,4421,train/ISIC_0031951.jpg,0,0,0
4422,4422,train/ISIC_0034181.jpg,0,0,0
4423,4423,train/ISIC_0031489.jpg,0,0,0
4424,4424,train/ISIC_0032571.jpg,0,0,0
4425,4425,train/ISIC_0030119.jpg,1,0,1
4426,4426,train/ISIC_0029963.jpg,0,0,0
4427,4427,train/ISIC_0026169.jpg,0,0,0
4428,4428,train/ISIC_0034194.jpg,0,0,0
4429,4429,train/ISIC_0034119.jpg,0,0,1
4430,4430,train/ISIC_0026214.jpg,0,0,0
4431,4431,train/ISIC_0029150.jpg,0,0,0
4432,4432,train/ISIC_0031171.jpg,0,0,1
4433,4433,train/ISIC_0029704.jpg,0,0,0
4434,4434,train/ISIC_0024697.jpg,0,0,0
4435,4435,train/ISIC_0024380.jpg,0,0,0
4436,4436,train/ISIC_0033459.jpg,0,0,0
4437,4437,train/ISIC_0033888.jpg,0,0,0
4438,4438,train/ISIC_0028819.jpg,0,0,0
4439,4439,train/ISIC_0025488.jpg,0,0,0
4440,4440,train/ISIC_0031163.jpg,0,0,0
4441,4441,train/ISIC_0033947.jpg,1,0,0
4442,4442,train/ISIC_0032730.jpg,1,0,1
4443,4443,train/ISIC_0029947.jpg,0,0,1
4444,4444,train/ISIC_0028027.jpg,0,0,1
4445,4445,train/ISIC_0027536.jpg,1,0,1
4446,4446,train/ISIC_0027224.jpg,0,0,0
4447,4447,train/ISIC_0028621.jpg,0,0,0
4448,4448,train/ISIC_0027179.jpg,1,0,1
4449,4449,train/ISIC_0025435.jpg,0,0,0
4450,4450,train/ISIC_0027620.jpg,1,0,1
4451,4451,train/ISIC_0026346.jpg,0,0,0
4452,4452,train/ISIC_0030533.jpg,0,0,1
4453,4453,train/ISIC_0030106.jpg,1,0,1
4454,4454,train/ISIC_0031192.jpg,0,0,0
4455,4455,train/ISIC_0032904.jpg,0,0,0
4456,4456,train/ISIC_0034255.jpg,0,0,1
4457,4457,train/ISIC_0027916.jpg,0,0,1
4458,4458,train/ISIC_0027032.jpg,0,0,0
4459,4459,train/ISIC_0029290.jpg,0,0,0
4460,4460,train/ISIC_0028973.jpg,0,0,1
4461,4461,train/ISIC_0025851.jpg,0,0,1
4462,4462,train/ISIC_0027939.jpg,0,0,0
4463,4463,train/ISIC_0028258.jpg,0,0,1
4464,4464,train/ISIC_0024968.jpg,0,0,0
4465,4465,train/ISIC_0024391.jpg,0,0,0
4466,4466,train/ISIC_0032874.jpg,0,0,1
4467,4467,train/ISIC_0031571.jpg,0,0,0
4468,4468,train/ISIC_0026052.jpg,0,0,0
4469,4469,train/ISIC_0031961.jpg,0,0,0
4470,4470,train/ISIC_0028714.jpg,0,0,0
4471,4471,train/ISIC_0029487.jpg,0,0,0
4472,4472,train/ISIC_0031109.jpg,0,0,0
4473,4473,train/ISIC_0033113.jpg,0,0,0
4474,4474,train/ISIC_0028908.jpg,0,0,0
4475,4475,train/ISIC_0028308.jpg,0,0,0
4476,4476,train/ISIC_0030523.jpg,0,0,0
4477,4477,train/ISIC_0030199.jpg,0,0,0
4478,4478,train/ISIC_0025590.jpg,0,0,0
4479,4479,train/ISIC_0028077.jpg,0,0,0
4480,4480,train/ISIC_0031838.jpg,0,0,0
4481,4481,train/ISIC_0033950.jpg,0,0,0
4482,4482,train/ISIC_0030992.jpg,0,0,1
4483,4483,train/ISIC_0032525.jpg,0,0,0
4484,4484,train/ISIC_0025678.jpg,0,0,0
4485,4485,train/ISIC_0034228.jpg,0,0,0
4486,4486,train/ISIC_0029841.jpg,0,0,0
4487,4487,train/ISIC_0033152.jpg,1,0,1
4488,4488,train/ISIC_0033899.jpg,0,0,0
4489,4489,train/ISIC_0027280.jpg,0,0,0
4490,4490,train/ISIC_0033653.jpg,1,0,1
4491,4491,train/ISIC_0033472.jpg,0,0,0
4492,4492,train/ISIC_0033737.jpg,0,0,0
4493,4493,train/ISIC_0024759.jpg,0,0,0
4494,4494,train/ISIC_0029449.jpg,0,0,0
4495,4495,train/ISIC_0031164.jpg,0,0,0
4496,4496,train/ISIC_0026727.jpg,0,0,1
4497,4497,train/ISIC_0033723.jpg,0,0,1
4498,4498,train/ISIC_0029526.jpg,0,0,0
4499,4499,train/ISIC_0025855.jpg,0,0,0
4500,4500,train/ISIC_0027384.jpg,0,0,0
4501,4501,train/ISIC_0024566.jpg,0,0,0
4502,4502,train/ISIC_0028259.jpg,0,0,0
4503,4503,train/ISIC_0033083.jpg,0,0,0
4504,4504,train/ISIC_0033830.jpg,0,0,0
4505,4505,train/ISIC_0028881.jpg,0,0,1
4506,4506,train/ISIC_0026838.jpg,0,0,0
4507,4507,train/ISIC_0031455.jpg,0,0,0
4508,4508,train/ISIC_0033682.jpg,0,0,0
4509,4509,train/ISIC_0032647.jpg,0,0,0
4510,4510,train/ISIC_0031516.jpg,0,0,0
4511,4511,train/ISIC_0029541.jpg,1,0,0
4512,4512,train/ISIC_0026991.jpg,0,0,0
4513,4513,train/ISIC_0025864.jpg,0,0,0
4514,4514,train/ISIC_0032995.jpg,0,0,0
4515,4515,train/ISIC_0028113.jpg,0,0,1
4516,4516,train/ISIC_0034291.jpg,0,0,1
4517,4517,train/ISIC_0031036.jpg,0,0,0
4518,4518,train/ISIC_0025765.jpg,0,0,0
4519,4519,train/ISIC_0029755.jpg,0,0,1
4520,4520,train/ISIC_0027940.jpg,0,0,0
4521,4521,train/ISIC_0030398.jpg,0,0,0
4522,4522,train/ISIC_0027253.jpg,1,0,1
4523,4523,train/ISIC_0028853.jpg,0,0,0
4524,4524,train/ISIC_0033756.jpg,0,0,0
4525,4525,train/ISIC_0029456.jpg,0,0,0
4526,4526,train/ISIC_0029666.jpg,0,0,0
4527,4527,train/ISIC_0032045.jpg,0,0,1
4528,4528,train/ISIC_0029679.jpg,0,0,1
4529,4529,train/ISIC_0025479.jpg,0,0,0
4530,4530,train/ISIC_0027986.jpg,0,0,0
4531,4531,train/ISIC_0030926.jpg,0,0,1
4532,4532,train/ISIC_0028849.jpg,0,0,0
4533,4533,train/ISIC_0025206.jpg,0,0,0
4534,4534,train/ISIC_0030504.jpg,0,0,0
4535,4535,train/ISIC_0030118.jpg,0,0,1
4536,4536,train/ISIC_0027508.jpg,0,0,0
4537,4537,train/ISIC_0034319.jpg,0,0,0
4538,4538,train/ISIC_0032987.jpg,1,0,1
4539,4539,train/ISIC_0034249.jpg,0,0,0
4540,4540,train/ISIC_0033693.jpg,0,0,1
4541,4541,train/ISIC_0029662.jpg,0,0,0
4542,4542,train/ISIC_0025161.jpg,0,0,0
4543,4543,train/ISIC_0025628.jpg,0,0,1
4544,4544,train/ISIC_0033395.jpg,0,0,0
4545,4545,train/ISIC_0028679.jpg,0,0,0
4546,4546,train/ISIC_0027999.jpg,0,0,0
4547,4547,train/ISIC_0029663.jpg,0,0,0
4548,4548,train/ISIC_0025519.jpg,0,0,0
4549,4549,train/ISIC_0032337.jpg,0,0,1
4550,4550,train/ISIC_0031884.jpg,0,0,0
4551,4551,train/ISIC_0030567.jpg,0,0,0
4552,4552,train/ISIC_0028356.jpg,0,0,0
4553,4553,train/ISIC_0026417.jpg,0,0,0
4554,4554,train/ISIC_0026539.jpg,0,0,1
4555,4555,train/ISIC_0028422.jpg,0,0,0
4556,4556,train/ISIC_0030745.jpg,0,0,1
4557,4557,train/ISIC_0025268.jpg,1,0,1
4558,4558,train/ISIC_0033639.jpg,0,0,0
4559,4559,train/ISIC_0031570.jpg,1,0,1
4560,4560,train/ISIC_0026103.jpg,0,0,0
4561,4561,train/ISIC_0031249.jpg,0,0,0
4562,4562,train/ISIC_0028760.jpg,1,0,0
4563,4563,train/ISIC_0025950.jpg,0,0,0
4564,4564,train/ISIC_0024547.jpg,0,0,1
4565,4565,train/ISIC_0024518.jpg,0,0,0
4566,4566,train/ISIC_0028363.jpg,0,0,1
4567,4567,train/ISIC_0031380.jpg,0,0,0
4568,4568,train/ISIC_0027447.jpg,1,0,1
4569,4569,train/ISIC_0026821.jpg,0,0,0
4570,4570,train/ISIC_0029810.jpg,0,0,0
4571,4571,train/ISIC_0027666.jpg,0,0,0
4572,4572,train/ISIC_0030842.jpg,0,0,0
4573,4573,train/ISIC_0029396.jpg,0,0,1
4574,4574,train/ISIC_0034035.jpg,0,0,0
4575,4575,train/ISIC_0030964.jpg,0,0,0
4576,4576,train/ISIC_0033714.jpg,0,0,0
4577,4577,train/ISIC_0029919.jpg,0,0,1
4578,4578,train/ISIC_0025651.jpg,1,0,1
4579,4579,train/ISIC_0032129.jpg,0,0,1
4580,4580,train/ISIC_0024937.jpg,0,0,0
4581,4581,train/ISIC_0029835.jpg,0,0,0
4582,4582,train/ISIC_0029168.jpg,0,0,0
4583,4583,train/ISIC_0026549.jpg,1,0,1
4584,4584,train/ISIC_0027214.jpg,0,0,0
4585,4585,train/ISIC_0032999.jpg,0,0,0
4586,4586,train/ISIC_0026747.jpg,0,0,0
4587,4587,train/ISIC_0028630.jpg,0,0,0
4588,4588,train/ISIC_0030743.jpg,0,0,0
4589,4589,train/ISIC_0028955.jpg,0,0,0
4590,4590,train/ISIC_0030298.jpg,0,0,0
4591,4591,train/ISIC_0025780.jpg,1,0,1
4592,4592,train/ISIC_0032224.jpg,0,0,0
4593,4593,train/ISIC_0026788.jpg,0,0,1
4594,4594,train/ISIC_0034065.jpg,1,0,0
4595,4595,train/ISIC_0026178.jpg,1,0,0
4596,4596,train/ISIC_0031703.jpg,0,0,0
4597,4597,train/ISIC_0031642.jpg,1,0,0
4598,4598,train/ISIC_0032081.jpg,1,0,1
4599,4599,train/ISIC_0024456.jpg,0,0,1
4600,4600,train/ISIC_0025879.jpg,0,0,0
4601,4601,train/ISIC_0034014.jpg,0,0,0
4602,4602,train/ISIC_0031086.jpg,0,0,0
4603,4603,train/ISIC_0032270.jpg,0,0,1
4604,4604,train/ISIC_0025077.jpg,0,0,0
4605,4605,train/ISIC_0026137.jpg,0,0,0
4606,4606,train/ISIC_0033904.jpg,0,0,0
4607,4607,train/ISIC_0024940.jpg,1,0,1
4608,4608,train/ISIC_0028954.jpg,0,0,0
4609,4609,train/ISIC_0031738.jpg,1,0,1
4610,4610,train/ISIC_0032690.jpg,1,0,0
4611,4611,train/ISIC_0029654.jpg,0,0,0
4612,4612,train/ISIC_0031301.jpg,0,0,0
4613,4613,train/ISIC_0030452.jpg,0,0,1
4614,4614,train/ISIC_0032606.jpg,0,0,0
4615,4615,train/ISIC_0025586.jpg,0,0,0
4616,4616,train/ISIC_0026781.jpg,0,0,0
4617,4617,train/ISIC_0031898.jpg,0,0,0
4618,4618,train/ISIC_0031799.jpg,0,0,1
4619,4619,train/ISIC_0033865.jpg,0,0,1
4620,4620,train/ISIC_0026502.jpg,0,0,0
4621,4621,train/ISIC_0030385.jpg,0,0,1
4622,4622,train/ISIC_0032602.jpg,1,0,0
4623,4623,train/ISIC_0026364.jpg,0,0,0
4624,4624,train/ISIC_0029264.jpg,0,0,1
4625,4625,train/ISIC_0032650.jpg,0,0,1
4626,4626,train/ISIC_0027009.jpg,0,0,1
4627,4627,train/ISIC_0032745.jpg,0,0,0
4628,4628,train/ISIC_0033910.jpg,0,0,1
4629,4629,train/ISIC_0033875.jpg,0,0,0
4630,4630,train/ISIC_0027120.jpg,0,0,1
4631,4631,train/ISIC_0024746.jpg,0,0,0
4632,4632,train/ISIC_0033538.jpg,1,0,1
4633,4633,train/ISIC_0030435.jpg,0,0,0
4634,4634,train/ISIC_0026184.jpg,0,0,0
4635,4635,train/ISIC_0029213.jpg,0,0,1
4636,4636,train/ISIC_0030084.jpg,0,0,0
4637,4637,train/ISIC_0025620.jpg,0,0,0
4638,4638,train/ISIC_0026262.jpg,0,0,0
4639,4639,train/ISIC_0033156.jpg,0,0,1
4640,4640,train/ISIC_0025992.jpg,1,0,1
4641,4641,train/ISIC_0029259.jpg,0,0,0
4642,4642,train/ISIC_0032832.jpg,0,0,0
4643,4643,train/ISIC_0031624.jpg,0,0,0
4644,4644,train/ISIC_0032288.jpg,0,0,0
4645,4645,train/ISIC_0029027.jpg,0,0,0
4646,4646,train/ISIC_0028185.jpg,0,0,0
4647,4647,train/ISIC_0031968.jpg,0,0,0
4648,4648,train/ISIC_0026168.jpg,0,0,0
4649,4649,train/ISIC_0027057.jpg,0,0,1
4650,4650,train/ISIC_0027213.jpg,0,0,1
4651,4651,train/ISIC_0025867.jpg,0,0,0
4652,4652,train/ISIC_0031016.jpg,0,0,1
4653,4653,train/ISIC_0027038.jpg,0,0,0
4654,4654,train/ISIC_0030759.jpg,1,0,0
4655,4655,train/ISIC_0031911.jpg,0,0,0
4656,4656,train/ISIC_0025727.jpg,0,0,0
4657,4657,train/ISIC_0024502.jpg,0,0,0
4658,4658,train/ISIC_0031559.jpg,0,0,0
4659,4659,train/ISIC_0028549.jpg,0,0,0
4660,4660,train/ISIC_0033202.jpg,0,0,0
4661,4661,train/ISIC_0024455.jpg,0,0,0
4662,4662,train/ISIC_0032589.jpg,0,0,1
4663,4663,train/ISIC_0033090.jpg,0,0,1
4664,4664,train/ISIC_0029652.jpg,1,0,0
4665,4665,train/ISIC_0026309.jpg,0,0,1
4666,4666,train/ISIC_0026046.jpg,0,0,1
4667,4667,train/ISIC_0027458.jpg,0,0,0
4668,4668,train/ISIC_0026832.jpg,0,0,1
4669,4669,train/ISIC_0026050.jpg,0,0,0
4670,4670,train/ISIC_0032804.jpg,0,0,1
4671,4671,train/ISIC_0030223.jpg,1,0,1
4672,4672,train/ISIC_0028273.jpg,0,0,0
4673,4673,train/ISIC_0033930.jpg,0,0,0
4674,4674,train/ISIC_0029390.jpg,0,0,1
4675,4675,train/ISIC_0027708.jpg,1,0,0
4676,4676,train/ISIC_0031324.jpg,0,0,0
4677,4677,train/ISIC_0027305.jpg,0,0,0
4678,4678,train/ISIC_0025515.jpg,0,0,0
4679,4679,train/ISIC_0027846.jpg,0,0,1
4680,4680,train/ISIC_0024576.jpg,0,0,0
4681,4681,train/ISIC_0031530.jpg,0,0,0
4682,4682,train/ISIC_0027074.jpg,0,0,0
4683,4683,train/ISIC_0031640.jpg,0,0,1
4684,4684,train/ISIC_0028210.jpg,0,0,0
4685,4685,train/ISIC_0030888.jpg,0,0,0
4686,4686,train/ISIC_0027672.jpg,0,0,0
4687,4687,train/ISIC_0029342.jpg,0,0,1
4688,4688,train/ISIC_0025990.jpg,0,0,1
4689,4689,train/ISIC_0032320.jpg,0,0,0
4690,4690,train/ISIC_0031775.jpg,0,0,0
4691,4691,train/ISIC_0032210.jpg,0,0,0
4692,4692,train/ISIC_0029347.jpg,0,0,0
4693,4693,train/ISIC_0030108.jpg,0,0,0
4694,4694,train/ISIC_0025504.jpg,0,0,0
4695,4695,train/ISIC_0025656.jpg,0,0,0
4696,4696,train/ISIC_0031373.jpg,0,0,0
4697,4697,train/ISIC_0034290.jpg,0,0,0
4698,4698,train/ISIC_0025784.jpg,0,0,0
4699,4699,train/ISIC_0027934.jpg,0,0,1
4700,4700,train/ISIC_0034220.jpg,0,0,0
4701,4701,train/ISIC_0030505.jpg,0,0,0
4702,4702,train/ISIC_0032297.jpg,0,0,1
4703,4703,train/ISIC_0024757.jpg,0,0,0
4704,4704,train/ISIC_0027547.jpg,0,0,0
4705,4705,train/ISIC_0031438.jpg,0,0,0
4706,4706,train/ISIC_0032797.jpg,1,0,1
4707,4707,train/ISIC_0024308.jpg,0,0,0
4708,4708,train/ISIC_0026497.jpg,0,0,0
4709,4709,train/ISIC_0031105.jpg,0,0,0
4710,4710,train/ISIC_0025324.jpg,1,0,0
4711,4711,train/ISIC_0029077.jpg,0,0,0
4712,4712,train/ISIC_0027329.jpg,0,0,0
4713,4713,train/ISIC_0029425.jpg,0,0,0
4714,4714,train/ISIC_0029851.jpg,1,0,1
4715,4715,train/ISIC_0028009.jpg,0,0,0
4716,4716,train/ISIC_0030666.jpg,0,0,0
4717,4717,train/ISIC_0024860.jpg,0,0,0
4718,4718,train/ISIC_0029466.jpg,0,0,1
4719,4719,train/ISIC_0032770.jpg,0,0,0
4720,4720,train/ISIC_0034218.jpg,1,0,1
4721,4721,train/ISIC_0032049.jpg,0,0,0
4722,4722,train/ISIC_0031841.jpg,0,0,0
4723,4723,train/ISIC_0029591.jpg,1,0,1
4724,4724,train/ISIC_0024385.jpg,0,0,0
4725,4725,train/ISIC_0027470.jpg,0,0,0
4726,4726,train/ISIC_0025882.jpg,0,0,0
4727,4727,train/ISIC_0027886.jpg,0,0,0
4728,4728,train/ISIC_0033855.jpg,0,0,1
4729,4729,train/ISIC_0025659.jpg,0,0,1
4730,4730,train/ISIC_0028480.jpg,0,0,0
4731,4731,train/ISIC_0034238.jpg,0,0,0
4732,4732,train/ISIC_0033100.jpg,0,0,0
4733,4733,train/ISIC_0031839.jpg,0,0,0
4734,4734,train/ISIC_0030211.jpg,1,0,1
4735,4735,train/ISIC_0026040.jpg,1,0,1
4736,4736,train/ISIC_0026499.jpg,0,0,0
4737,4737,train/ISIC_0026331.jpg,0,0,0
4738,4738,train/ISIC_0026372.jpg,0,0,0
4739,4739,train/ISIC_0028184.jpg,0,0,0
4740,4740,train/ISIC_0030471.jpg,0,0,0
4741,4741,train/ISIC_0030069.jpg,0,0,1
4742,4742,train/ISIC_0026194.jpg,1,0,0
4743,4743,train/ISIC_0027184.jpg,1,0,0
4744,4744,train/ISIC_0031688.jpg,0,0,0
4745,4745,train/ISIC_0029638.jpg,1,0,1
4746,4746,train/ISIC_0032075.jpg,0,0,0
4747,4747,train/ISIC_0031321.jpg,0,0,1
4748,4748,train/ISIC_0028649.jpg,0,0,0
4749,4749,train/ISIC_0024616.jpg,0,0,0
4750,4750,train/ISIC_0032625.jpg,0,0,0
4751,4751,train/ISIC_0033109.jpg,0,0,0
4752,4752,train/ISIC_0028952.jpg,0,0,0
4753,4753,train/ISIC_0027772.jpg,0,0,0
4754,4754,train/ISIC_0025080.jpg,0,0,0
4755,4755,train/ISIC_0028047.jpg,0,0,0
4756,4756,train/ISIC_0025986.jpg,0,0,1
4757,4757,train/ISIC_0027850.jpg,0,0,1
4758,4758,train/ISIC_0027711.jpg,0,0,0
4759,4759,train/ISIC_0025814.jpg,1,0,1
4760,4760,train/ISIC_0028372.jpg,1,0,0
4761,4761,train/ISIC_0029885.jpg,1,0,0
4762,4762,train/ISIC_0025407.jpg,0,0,0
4763,4763,train/ISIC_0024761.jpg,0,0,1
4764,4764,train/ISIC_0027947.jpg,0,0,0
4765,4765,train/ISIC_0031700.jpg,0,0,0
4766,4766,train/ISIC_0031470.jpg,0,0,1
4767,4767,train/ISIC_0032016.jpg,0,0,0
4768,4768,train/ISIC_0031873.jpg,0,0,0
4769,4769,train/ISIC_0027577.jpg,1,0,0
4770,4770,train/ISIC_0030831.jpg,0,0,0
4771,4771,train/ISIC_0025352.jpg,0,0,0
4772,4772,train/ISIC_0026257.jpg,0,0,0
4773,4773,train/ISIC_0024872.jpg,0,0,0
4774,4774,train/ISIC_0024809.jpg,0,0,0
4775,4775,train/ISIC_0028140.jpg,0,0,0
4776,4776,train/ISIC_0031747.jpg,0,0,0
4777,4777,train/ISIC_0031906.jpg,0,0,0
4778,4778,train/ISIC_0025886.jpg,0,0,0
4779,4779,train/ISIC_0033457.jpg,0,0,0
4780,4780,train/ISIC_0025522.jpg,0,0,0
4781,4781,train/ISIC_0031643.jpg,0,0,1
4782,4782,train/ISIC_0033986.jpg,1,0,0
4783,4783,train/ISIC_0025661.jpg,0,0,1
4784,4784,train/ISIC_0027629.jpg,0,0,1
4785,4785,train/ISIC_0031258.jpg,0,0,0
4786,4786,train/ISIC_0029428.jpg,0,0,0
4787,4787,train/ISIC_0029010.jpg,0,0,0
4788,4788,train/ISIC_0025276.jpg,0,0,0
4789,4789,train/ISIC_0026266.jpg,1,0,0
4790,4790,train/ISIC_0033617.jpg,0,0,1
4791,4791,train/ISIC_0028489.jpg,1,0,1
4792,4792,train/ISIC_0027968.jpg,0,0,0
4793,4793,train/ISIC_0029033.jpg,1,0,0
4794,4794,train/ISIC_0024532.jpg,0,0,0
4795,4795,train/ISIC_0026934.jpg,0,0,0
4796,4796,train/ISIC_0032065.jpg,0,0,0
4797,4797,train/ISIC_0030574.jpg,0,0,0
4798,4798,train/ISIC_0031309.jpg,0,0,0
4799,4799,train/ISIC_0033484.jpg,0,0,0
4800,4800,train/ISIC_0024708.jpg,0,0,1
4801,4801,train/ISIC_0033188.jpg,0,0,0
4802,4802,train/ISIC_0027510.jpg,0,0,0
4803,4803,train/ISIC_0025998.jpg,0,0,1
4804,4804,train/ISIC_0026002.jpg,0,0,0
4805,4805,train/ISIC_0033122.jpg,1,0,0
4806,4806,train/ISIC_0032978.jpg,0,0,1
4807,4807,train/ISIC_0031851.jpg,0,0,0
4808,4808,train/ISIC_0030355.jpg,0,0,0
4809,4809,train/ISIC_0031923.jpg,0,0,0
4810,4810,train/ISIC_0026998.jpg,0,0,0
4811,4811,train/ISIC_0029809.jpg,0,0,0
4812,4812,train/ISIC_0027088.jpg,0,0,0
4813,4813,train/ISIC_0033848.jpg,1,0,1
4814,4814,train/ISIC_0024758.jpg,0,0,1
4815,4815,train/ISIC_0031497.jpg,0,0,0
4816,4816,train/ISIC_0031531.jpg,0,0,1
4817,4817,train/ISIC_0026505.jpg,0,0,0
4818,4818,train/ISIC_0030449.jpg,0,0,0
4819,4819,train/ISIC_0026097.jpg,0,0,0
4820,4820,train/ISIC_0028965.jpg,1,0,0
4821,4821,train/ISIC_0024389.jpg,0,0,0
4822,4822,train/ISIC_0025430.jpg,0,0,0
4823,4823,train/ISIC_0033381.jpg,0,0,0
4824,4824,train/ISIC_0029492.jpg,0,0,0
4825,4825,train/ISIC_0026967.jpg,0,0,1
4826,4826,train/ISIC_0026924.jpg,0,0,0
4827,4827,train/ISIC_0027715.jpg,0,0,0
4828,4828,train/ISIC_0032468.jpg,0,0,1
4829,4829,train/ISIC_0026114.jpg,0,0,0
4830,4830,train/ISIC_0025944.jpg,0,0,0
4831,4831,train/ISIC_0027861.jpg,0,0,0
4832,4832,train/ISIC_0027029.jpg,0,0,0
4833,4833,train/ISIC_0029713.jpg,1,0,1
4834,4834,train/ISIC_0026323.jpg,0,0,0
4835,4835,train/ISIC_0028247.jpg,0,0,0
4836,4836,train/ISIC_0024572.jpg,0,0,1
4837,4837,train/ISIC_0024323.jpg,1,0,0
4838,4838,train/ISIC_0028666.jpg,1,0,1
4839,4839,train/ISIC_0032709.jpg,1,0,1
4840,4840,train/ISIC_0027325.jpg,0,0,0
4841,4841,train/ISIC_0026057.jpg,0,0,0
4842,4842,train/ISIC_0030080.jpg,1,0,1
4843,4843,train/ISIC_0033487.jpg,1,0,0
4844,4844,train/ISIC_0033407.jpg,0,0,0
4845,4845,train/ISIC_0031132.jpg,0,0,1
4846,4846,train/ISIC_0033369.jpg,1,0,1
4847,4847,train/ISIC_0028380.jpg,0,0,0
4848,4848,train/ISIC_0030729.jpg,0,0,0
4849,4849,train/ISIC_0024379.jpg,0,0,0
4850,4850,train/ISIC_0028230.jpg,0,0,0
4851,4851,train/ISIC_0026508.jpg,0,0,0
4852,4852,train/ISIC_0031928.jpg,0,0,0
4853,4853,train/ISIC_0031687.jpg,0,0,1
4854,4854,train/ISIC_0030958.jpg,0,0,0
4855,4855,train/ISIC_0027064.jpg,0,0,0
4856,4856,train/ISIC_0031835.jpg,0,0,1
4857,4857,train/ISIC_0032802.jpg,0,0,0
4858,4858,train/ISIC_0026602.jpg,0,0,0
4859,4859,train/ISIC_0034210.jpg,0,0,0
4860,4860,train/ISIC_0026839.jpg,0,0,0
4861,4861,train/ISIC_0028506.jpg,0,0,0
4862,4862,train/ISIC_0028060.jpg,0,0,1
4863,4863,train/ISIC_0028054.jpg,0,0,0
4864,4864,train/ISIC_0029145.jpg,0,0,0
4865,4865,train/ISIC_0025737.jpg,0,0,0
4866,4866,train/ISIC_0030726.jpg,0,0,0
4867,4867,train/ISIC_0031965.jpg,0,0,0
4868,4868,train/ISIC_0029230.jpg,0,0,0
4869,4869,train/ISIC_0029184.jpg,0,0,0
4870,4870,train/ISIC_0030957.jpg,0,0,0
4871,4871,train/ISIC_0029373.jpg,0,0,0
4872,4872,train/ISIC_0032156.jpg,0,0,1
4873,4873,train/ISIC_0028839.jpg,0,0,0
4874,4874,train/ISIC_0031741.jpg,1,0,0
4875,4875,train/ISIC_0029437.jpg,0,0,0
4876,4876,train/ISIC_0029970.jpg,0,0,0
4877,4877,train/ISIC_0032395.jpg,0,0,1
4878,4878,train/ISIC_0025594.jpg,0,0,1
4879,4879,train/ISIC_0024601.jpg,0,0,0
4880,4880,train/ISIC_0026855.jpg,0,0,1
4881,4881,train/ISIC_0033762.jpg,0,0,0
4882,4882,train/ISIC_0026854.jpg,0,0,0
4883,4883,train/ISIC_0027065.jpg,1,0,1
4884,4884,train/ISIC_0027937.jpg,0,0,1
4885,4885,train/ISIC_0032818.jpg,0,0,0
4886,4886,train/ISIC_0024776.jpg,0,0,0
4887,4887,train/ISIC_0033514.jpg,0,0,0
4888,4888,train/ISIC_0033729.jpg,0,0,1
4889,4889,train/ISIC_0030067.jpg,0,0,1
4890,4890,train/ISIC_0029434.jpg,1,0,1
4891,4891,train/ISIC_0032553.jpg,0,0,0
4892,4892,train/ISIC_0027994.jpg,0,0,0
4893,4893,train/ISIC_0024785.jpg,0,0,0
4894,4894,train/ISIC_0030587.jpg,0,0,0
4895,4895,train/ISIC_0030156.jpg,0,0,0
4896,4896,train/ISIC_0034121.jpg,0,0,0
4897,4897,train/ISIC_0024344.jpg,0,0,1
4898,4898,train/ISIC_0027379.jpg,0,0,1
4899,4899,train/ISIC_0026507.jpg,0,0,1
4900,4900,train/ISIC_0032263.jpg,0,0,0
4901,4901,train/ISIC_0033867.jpg,0,0,0
4902,4902,train/ISIC_0027561.jpg,1,0,1
4903,4903,train/ISIC_0029358.jpg,0,0,1
4904,4904,train/ISIC_0031865.jpg,0,0,0
4905,4905,train/ISIC_0024632.jpg,0,0,1
4906,4906,train/ISIC_0027173.jpg,0,0,0
4907,4907,train/ISIC_0032241.jpg,0,0,0
4908,4908,train/ISIC_0033070.jpg,0,0,0
4909,4909,train/ISIC_0034098.jpg,0,0,0
4910,4910,train/ISIC_0033044.jpg,0,0,0
4911,4911,train/ISIC_0031499.jpg,1,0,1
4912,4912,train/ISIC_0025697.jpg,0,0,0
4913,4913,train/ISIC_0026645.jpg,1,0,1
4914,4914,train/ISIC_0027987.jpg,0,0,0
4915,4915,train/ISIC_0026764.jpg,0,0,0
4916,4916,train/ISIC_0028276.jpg,0,0,0
4917,4917,train/ISIC_0031599.jpg,0,0,0
4918,4918,train/ISIC_0025806.jpg,0,0,0
4919,4919,train/ISIC_0025031.jpg,0,0,0
4920,4920,train/ISIC_0027872.jpg,1,0,0
4921,4921,train/ISIC_0028846.jpg,0,0,0
4922,4922,train/ISIC_0033161.jpg,0,0,0
4923,4923,train/ISIC_0033347.jpg,0,0,0
4924,4924,train/ISIC_0029777.jpg,0,0,0
4925,4925,train/ISIC_0028678.jpg,0,0,0
4926,4926,train/ISIC_0032268.jpg,0,0,0
4927,4927,train/ISIC_0029562.jpg,1,0,0
4928,4928,train/ISIC_0028284.jpg,0,0,0
4929,4929,train/ISIC_0027581.jpg,0,0,0
4930,4930,train/ISIC_0033441.jpg,0,0,0
4931,4931,train/ISIC_0029788.jpg,0,0,0
4932,4932,train/ISIC_0027491.jpg,0,0,0
4933,4933,train/ISIC_0027796.jpg,0,0,1
4934,4934,train/ISIC_0027050.jpg,0,0,0
4935,4935,train/ISIC_0026964.jpg,0,0,1
4936,4936,train/ISIC_0028415.jpg,1,0,0
4937,4937,train/ISIC_0033640.jpg,0,0,1
4938,4938,train/ISIC_0032278.jpg,0,0,0
4939,4939,train/ISIC_0025173.jpg,0,0,0
4940,4940,train/ISIC_0029523.jpg,0,0,0
4941,4941,train/ISIC_0027995.jpg,0,0,0
4942,4942,train/ISIC_0030303.jpg,0,0,0
4943,4943,train/ISIC_0029956.jpg,0,0,0
4944,4944,train/ISIC_0031697.jpg,0,0,0
4945,4945,train/ISIC_0027966.jpg,0,0,1
4946,4946,train/ISIC_0032729.jpg,0,0,0
4947,4947,train/ISIC_0029573.jpg,1,0,1
4948,4948,train/ISIC_0025176.jpg,0,0,0
4949,4949,train/ISIC_0029531.jpg,0,0,0
4950,4950,train/ISIC_0033658.jpg,0,0,0
4951,4951,train/ISIC_0031730.jpg,0,0,0
4952,4952,train/ISIC_0025165.jpg,0,0,0
4953,4953,train/ISIC_0031894.jpg,0,0,0
4954,4954,train/ISIC_0026596.jpg,1,0,1
4955,4955,train/ISIC_0029222.jpg,0,0,0
4956,4956,train/ISIC_0033286.jpg,1,0,1
4957,4957,train/ISIC_0031656.jpg,0,0,0
4958,4958,train/ISIC_0029627.jpg,0,0,1
4959,4959,train/ISIC_0026146.jpg,0,0,1
4960,4960,train/ISIC_0033401.jpg,0,0,1
4961,4961,train/ISIC_0031176.jpg,0,0,0
4962,4962,train/ISIC_0031967.jpg,0,0,1
4963,4963,train/ISIC_0024867.jpg,0,0,1
4964,4964,train/ISIC_0028936.jpg,0,0,1
4965,4965,train/ISIC_0033508.jpg,0,0,0
4966,4966,train/ISIC_0029180.jpg,0,0,1
4967,4967,train/ISIC_0033284.jpg,0,0,1
4968,4968,train/ISIC_0033052.jpg,0,0,0
4969,4969,train/ISIC_0026913.jpg,0,0,0
4970,4970,train/ISIC_0031267.jpg,0,0,0
4971,4971,train/ISIC_0030100.jpg,0,0,0
4972,4972,train/ISIC_0028352.jpg,1,0,0
4973,4973,train/ISIC_0031958.jpg,1,0,1
4974,4974,train/ISIC_0033713.jpg,1,0,0
4975,4975,train/ISIC_0032865.jpg,0,0,0
4976,4976,train/ISIC_0033298.jpg,0,0,0
4977,4977,train/ISIC_0025388.jpg,0,0,0
4978,4978,train/ISIC_0030501.jpg,1,0,0
4979,4979,train/ISIC_0034190.jpg,0,0,0
4980,4980,train/ISIC_0030665.jpg,0,0,0
4981,4981,train/ISIC_0026393.jpg,0,0,1
4982,4982,train/ISIC_0031504.jpg,0,0,0
4983,4983,train/ISIC_0032903.jpg,1,0,1
4984,4984,train/ISIC_0026544.jpg,0,0,0
4985,4985,train/ISIC_0024509.jpg,0,0,0
4986,4986,train/ISIC_0024334.jpg,0,0,0
4987,4987,train/ISIC_0032901.jpg,0,0,0
4988,4988,train/ISIC_0029196.jpg,0,0,0
4989,4989,train/ISIC_0028692.jpg,0,0,0
4990,4990,train/ISIC_0029191.jpg,0,0,0
4991,4991,train/ISIC_0030564.jpg,1,0,0
4992,4992,train/ISIC_0029760.jpg,0,0,1
4993,4993,train/ISIC_0030102.jpg,0,0,0
4994,4994,train/ISIC_0026126.jpg,0,0,0
4995,4995,train/ISIC_0029730.jpg,0,0,0
4996,4996,train/ISIC_0027781.jpg,0,0,1
4997,4997,train/ISIC_0033269.jpg,1,0,0
4998,4998,train/ISIC_0033900.jpg,0,0,0
4999,4999,train/ISIC_0032526.jpg,1,0,0
5000,5000,train/ISIC_0031450.jpg,0,0,1
5001,5001,train/ISIC_0033027.jpg,1,0,1
5002,5002,train/ISIC_0026308.jpg,0,0,0
5003,5003,train/ISIC_0031240.jpg,0,0,0
5004,5004,train/ISIC_0033863.jpg,1,0,1
5005,5005,train/ISIC_0027739.jpg,0,0,0
5006,5006,train/ISIC_0026105.jpg,1,0,1
5007,5007,train/ISIC_0028349.jpg,0,0,0
5008,5008,train/ISIC_0032100.jpg,0,0,1
5009,5009,train/ISIC_0032237.jpg,0,0,0
5010,5010,train/ISIC_0028663.jpg,0,0,0
5011,5011,train/ISIC_0030713.jpg,0,0,1
5012,5012,train/ISIC_0032359.jpg,0,0,1
5013,5013,train/ISIC_0029146.jpg,1,0,1
5014,5014,train/ISIC_0033692.jpg,0,0,1
5015,5015,train/ISIC_0031392.jpg,0,0,0
5016,5016,train/ISIC_0024915.jpg,0,0,0
5017,5017,train/ISIC_0024863.jpg,0,0,0
5018,5018,train/ISIC_0030085.jpg,0,0,1
5019,5019,train/ISIC_0029480.jpg,1,0,0
5020,5020,train/ISIC_0024578.jpg,0,0,0
5021,5021,train/ISIC_0028830.jpg,0,0,1
5022,5022,train/ISIC_0026003.jpg,0,0,0
5023,5023,train/ISIC_0029891.jpg,0,0,1
5024,5024,train/ISIC_0033689.jpg,0,0,0
5025,5025,train/ISIC_0025087.jpg,0,0,0
5026,5026,train/ISIC_0026391.jpg,0,0,0
5027,5027,train/ISIC_0033922.jpg,0,0,0
5028,5028,train/ISIC_0026600.jpg,0,0,0
5029,5029,train/ISIC_0031638.jpg,0,0,0
5030,5030,train/ISIC_0027439.jpg,0,0,0
5031,5031,train/ISIC_0031292.jpg,1,0,0
5032,5032,train/ISIC_0030989.jpg,0,0,0
5033,5033,train/ISIC_0030487.jpg,1,0,1
5034,5034,train/ISIC_0033208.jpg,0,0,0
5035,5035,train/ISIC_0025194.jpg,0,0,0
5036,5036,train/ISIC_0033799.jpg,0,0,0
5037,5037,train/ISIC_0031933.jpg,0,0,0
5038,5038,train/ISIC_0027346.jpg,0,0,0
5039,5039,train/ISIC_0026127.jpg,0,0,0
5040,5040,train/ISIC_0024665.jpg,0,0,1
5041,5041,train/ISIC_0025090.jpg,0,0,0
5042,5042,train/ISIC_0028082.jpg,1,0,0
5043,5043,train/ISIC_0033246.jpg,0,0,1
5044,5044,train/ISIC_0025609.jpg,0,0,0
5045,5045,train/ISIC_0030282.jpg,0,0,0
5046,5046,train/ISIC_0030493.jpg,0,0,1
5047,5047,train/ISIC_0031754.jpg,0,0,0
5048,5048,train/ISIC_0034093.jpg,0,0,1
5049,5049,train/ISIC_0025852.jpg,0,0,0
5050,5050,train/ISIC_0026125.jpg,0,0,0
5051,5051,train/ISIC_0030488.jpg,0,0,1
5052,5052,train/ISIC_0029400.jpg,0,0,0
5053,5053,train/ISIC_0031344.jpg,0,0,1
5054,5054,train/ISIC_0024650.jpg,0,0,1
5055,5055,train/ISIC_0025819.jpg,0,0,1
5056,5056,train/ISIC_0032131.jpg,0,0,0
5057,5057,train/ISIC_0033086.jpg,0,0,0
5058,5058,train/ISIC_0033140.jpg,0,0,0
5059,5059,train/ISIC_0029478.jpg,0,0,0
5060,5060,train/ISIC_0031986.jpg,0,0,0
5061,5061,train/ISIC_0030191.jpg,1,0,0
5062,5062,train/ISIC_0025470.jpg,0,0,1
5063,5063,train/ISIC_0033163.jpg,0,0,0
5064,5064,train/ISIC_0032303.jpg,0,0,1
5065,5065,train/ISIC_0026780.jpg,0,0,0
5066,5066,train/ISIC_0032864.jpg,0,0,0
5067,5067,train/ISIC_0029779.jpg,0,0,0
5068,5068,train/ISIC_0031917.jpg,0,0,0
5069,5069,train/ISIC_0028738.jpg,0,0,0
5070,5070,train/ISIC_0033924.jpg,0,0,1
5071,5071,train/ISIC_0025874.jpg,0,0,1
5072,5072,train/ISIC_0034142.jpg,0,0,1
5073,5073,train/ISIC_0025050.jpg,0,0,0
5074,5074,train/ISIC_0034082.jpg,0,0,0
5075,5075,train/ISIC_0031202.jpg,0,0,0
5076,5076,train/ISIC_0030740.jpg,0,0,0
5077,5077,train/ISIC_0027655.jpg,0,0,0
5078,5078,train/ISIC_0030980.jpg,0,0,0
5079,5079,train/ISIC_0031226.jpg,0,0,1
5080,5080,train/ISIC_0027330.jpg,0,0,0
5081,5081,train/ISIC_0026172.jpg,0,0,0
5082,5082,train/ISIC_0033857.jpg,0,0,1
5083,5083,train/ISIC_0028150.jpg,0,0,0
5084,5084,train/ISIC_0029115.jpg,0,0,0
5085,5085,train/ISIC_0024338.jpg,0,0,0
5086,5086,train/ISIC_0024783.jpg,0,0,0
5087,5087,train/ISIC_0029040.jpg,0,0,0
5088,5088,train/ISIC_0027895.jpg,0,0,0
5089,5089,train/ISIC_0025108.jpg,0,0,0
5090,5090,train/ISIC_0024439.jpg,0,0,0
5091,5091,train/ISIC_0034288.jpg,0,0,1
5092,5092,train/ISIC_0034052.jpg,1,0,0
5093,5093,train/ISIC_0025987.jpg,1,0,0
5094,5094,train/ISIC_0029234.jpg,0,0,0
5095,5095,train/ISIC_0025232.jpg,0,0,0
5096,5096,train/ISIC_0033825.jpg,0,0,1
5097,5097,train/ISIC_0032486.jpg,0,0,1
5098,5098,train/ISIC_0028120.jpg,0,0,1
5099,5099,train/ISIC_0030514.jpg,0,0,1
5100,5100,train/ISIC_0032634.jpg,0,0,0
5101,5101,train/ISIC_0031683.jpg,0,0,0
5102,5102,train/ISIC_0033824.jpg,0,0,0
5103,5103,train/ISIC_0030774.jpg,0,0,0
5104,5104,train/ISIC_0029085.jpg,0,0,1
5105,5105,train/ISIC_0029136.jpg,0,0,0
5106,5106,train/ISIC_0025589.jpg,1,0,0
5107,5107,train/ISIC_0027601.jpg,0,0,1
5108,5108,train/ISIC_0033927.jpg,0,0,1
5109,5109,train/ISIC_0033669.jpg,0,0,0
5110,5110,train/ISIC_0032502.jpg,0,0,0
5111,5111,train/ISIC_0030079.jpg,0,0,0
5112,5112,train/ISIC_0030026.jpg,0,0,1
5113,5113,train/ISIC_0027795.jpg,1,0,1
5114,5114,train/ISIC_0027123.jpg,0,0,0
5115,5115,train/ISIC_0028374.jpg,0,0,0
5116,5116,train/ISIC_0033260.jpg,0,0,1
5117,5117,train/ISIC_0027682.jpg,0,0,0
5118,5118,train/ISIC_0033741.jpg,0,0,0
5119,5119,train/ISIC_0033408.jpg,0,0,0
5120,5120,train/ISIC_0026891.jpg,0,0,0
5121,5121,train/ISIC_0030502.jpg,0,0,0
5122,5122,train/ISIC_0029415.jpg,0,0,1
5123,5123,train/ISIC_0030510.jpg,0,0,0
5124,5124,train/ISIC_0026036.jpg,0,0,0
5125,5125,train/ISIC_0032167.jpg,0,0,0
5126,5126,train/ISIC_0031553.jpg,0,0,0
5127,5127,train/ISIC_0025373.jpg,0,0,0
5128,5128,train/ISIC_0027027.jpg,0,0,1
5129,5129,train/ISIC_0028574.jpg,0,0,0
5130,5130,train/ISIC_0030047.jpg,1,0,1
5131,5131,train/ISIC_0030764.jpg,0,0,0
5132,5132,train/ISIC_0029188.jpg,0,0,0
5133,5133,train/ISIC_0033237.jpg,0,0,1
5134,5134,train/ISIC_0029257.jpg,0,0,1
5135,5135,train/ISIC_0032013.jpg,0,0,1
5136,5136,train/ISIC_0030599.jpg,0,0,0
5137,5137,train/ISIC_0030337.jpg,0,0,0
5138,5138,train/ISIC_0032774.jpg,1,0,1
5139,5139,train/ISIC_0027790.jpg,0,0,0
5140,5140,train/ISIC_0032794.jpg,0,0,0
5141,5141,train/ISIC_0032253.jpg,0,0,0
5142,5142,train/ISIC_0028108.jpg,0,0,0
5143,5143,train/ISIC_0029637.jpg,0,0,0
5144,5144,train/ISIC_0025636.jpg,0,0,0
5145,5145,train/ISIC_0025148.jpg,0,0,0
5146,5146,train/ISIC_0024828.jpg,0,0,0
5147,5147,train/ISIC_0028331.jpg,0,0,1
5148,5148,train/ISIC_0032458.jpg,0,0,0
5149,5149,train/ISIC_0030920.jpg,0,0,0
5150,5150,train/ISIC_0031583.jpg,0,0,0
5151,5151,train/ISIC_0031580.jpg,0,0,0
5152,5152,train/ISIC_0025503.jpg,0,0,0
5153,5153,train/ISIC_0029282.jpg,0,0,0
5154,5154,train/ISIC_0032537.jpg,1,0,0
5155,5155,train/ISIC_0029520.jpg,0,0,1
5156,5156,train/ISIC_0024409.jpg,0,0,0
5157,5157,train/ISIC_0032895.jpg,0,0,0
5158,5158,train/ISIC_0026889.jpg,0,0,0
5159,5159,train/ISIC_0030205.jpg,0,0,0
5160,5160,train/ISIC_0031130.jpg,0,0,0
5161,5161,train/ISIC_0027054.jpg,0,0,0
5162,5162,train/ISIC_0031909.jpg,0,0,0
5163,5163,train/ISIC_0032753.jpg,0,0,1
5164,5164,train/ISIC_0028164.jpg,0,0,0
5165,5165,train/ISIC_0026573.jpg,0,0,0
5166,5166,train/ISIC_0025680.jpg,0,0,0
5167,5167,train/ISIC_0028058.jpg,0,0,0
5168,5168,train/ISIC_0033469.jpg,1,0,1
5169,5169,train/ISIC_0027160.jpg,0,0,0
5170,5170,train/ISIC_0027483.jpg,0,0,0
5171,5171,train/ISIC_0025511.jpg,0,0,0
5172,5172,train/ISIC_0033666.jpg,0,0,0
5173,5173,train/ISIC_0033220.jpg,0,0,0
5174,5174,train/ISIC_0026750.jpg,0,0,1
5175,5175,train/ISIC_0034038.jpg,0,0,0
5176,5176,train/ISIC_0029853.jpg,0,0,0
5177,5177,train/ISIC_0031879.jpg,0,0,1
5178,5178,train/ISIC_0033131.jpg,0,0,1
5179,5179,train/ISIC_0028209.jpg,0,0,0
5180,5180,train/ISIC_0026156.jpg,0,0,1
5181,5181,train/ISIC_0025166.jpg,0,0,0
5182,5182,train/ISIC_0030416.jpg,0,0,0
5183,5183,train/ISIC_0030013.jpg,0,0,0
5184,5184,train/ISIC_0030649.jpg,0,0,0
5185,5185,train/ISIC_0025655.jpg,0,0,1
5186,5186,train/ISIC_0028643.jpg,0,0,0
5187,5187,train/ISIC_0031144.jpg,0,0,0
5188,5188,train/ISIC_0031548.jpg,0,0,0
5189,5189,train/ISIC_0031648.jpg,0,0,0
5190,5190,train/ISIC_0026850.jpg,0,0,0
5191,5191,train/ISIC_0024908.jpg,0,0,0
5192,5192,train/ISIC_0032293.jpg,0,0,0
5193,5193,train/ISIC_0030037.jpg,0,0,0
5194,5194,train/ISIC_0025942.jpg,0,0,0
5195,5195,train/ISIC_0031637.jpg,0,0,1
5196,5196,train/ISIC_0032875.jpg,1,0,1
5197,5197,train/ISIC_0032688.jpg,0,0,0
5198,5198,train/ISIC_0029202.jpg,0,0,0
5199,5199,train/ISIC_0030429.jpg,0,0,0
5200,5200,train/ISIC_0028382.jpg,0,0,0
5201,5201,train/ISIC_0029105.jpg,0,0,0
5202,5202,train/ISIC_0032002.jpg,0,0,0
5203,5203,train/ISIC_0024437.jpg,0,0,0
5204,5204,train/ISIC_0025277.jpg,1,0,1
5205,5205,train/ISIC_0028683.jpg,0,0,0
5206,5206,train/ISIC_0029172.jpg,1,0,1
5207,5207,train/ISIC_0033664.jpg,0,0,0
5208,5208,train/ISIC_0033206.jpg,1,0,1
5209,5209,train/ISIC_0025416.jpg,0,0,0
5210,5210,train/ISIC_0031037.jpg,0,0,1
5211,5211,train/ISIC_0025624.jpg,0,0,0
5212,5212,train/ISIC_0033595.jpg,1,0,1
5213,5213,train/ISIC_0025052.jpg,0,0,0
5214,5214,train/ISIC_0026769.jpg,0,0,1
5215,5215,train/ISIC_0024508.jpg,0,0,0
5216,5216,train/ISIC_0031872.jpg,0,0,0
5217,5217,train/ISIC_0031305.jpg,0,0,0
5218,5218,train/ISIC_0025999.jpg,0,0,0
5219,5219,train/ISIC_0033389.jpg,0,0,0
5220,5220,train/ISIC_0026295.jpg,0,0,0
5221,5221,train/ISIC_0030608.jpg,0,0,0
5222,5222,train/ISIC_0033577.jpg,0,0,0
5223,5223,train/ISIC_0033155.jpg,0,0,0
5224,5224,train/ISIC_0033266.jpg,0,0,1
5225,5225,train/ISIC_0032644.jpg,0,0,0
5226,5226,train/ISIC_0034109.jpg,0,0,0
5227,5227,train/ISIC_0025362.jpg,0,0,1
5228,5228,train/ISIC_0024548.jpg,0,0,0
5229,5229,train/ISIC_0028193.jpg,0,0,0
5230,5230,train/ISIC_0027111.jpg,0,0,1
5231,5231,train/ISIC_0028555.jpg,0,0,0
5232,5232,train/ISIC_0033506.jpg,0,0,0
5233,5233,train/ISIC_0031275.jpg,0,0,0
5234,5234,train/ISIC_0028996.jpg,0,0,0
5235,5235,train/ISIC_0024685.jpg,0,0,0
5236,5236,train/ISIC_0024612.jpg,0,0,1
5237,5237,train/ISIC_0029529.jpg,0,0,0
5238,5238,train/ISIC_0025811.jpg,1,0,0
5239,5239,train/ISIC_0026142.jpg,0,0,0
5240,5240,train/ISIC_0025689.jpg,0,0,0
5241,5241,train/ISIC_0027268.jpg,0,0,0
5242,5242,train/ISIC_0029934.jpg,0,0,0
5243,5243,train/ISIC_0024404.jpg,0,0,0
5244,5244,train/ISIC_0028008.jpg,0,0,0
5245,5245,train/ISIC_0026535.jpg,0,0,0
5246,5246,train/ISIC_0028404.jpg,0,0,1
5247,5247,train/ISIC_0031997.jpg,0,0,0
5248,5248,train/ISIC_0027167.jpg,0,0,1
5249,5249,train/ISIC_0031385.jpg,0,0,1
5250,5250,train/ISIC_0029495.jpg,1,0,1
5251,5251,train/ISIC_0028893.jpg,0,0,0
5252,5252,train/ISIC_0030881.jpg,0,0,0
5253,5253,train/ISIC_0030480.jpg,0,0,0
5254,5254,train/ISIC_0033864.jpg,0,0,0
5255,5255,train/ISIC_0033280.jpg,0,0,0
5256,5256,train/ISIC_0029769.jpg,0,0,0
5257,5257,train/ISIC_0026950.jpg,1,0,1
5258,5258,train/ISIC_0033629.jpg,0,0,0
5259,5259,train/ISIC_0025611.jpg,1,0,1
5260,5260,train/ISIC_0027658.jpg,0,0,0
5261,5261,train/ISIC_0027869.jpg,0,0,0
5262,5262,train/ISIC_0030945.jpg,0,0,1
5263,5263,train/ISIC_0031905.jpg,0,0,0
5264,5264,train/ISIC_0031575.jpg,0,0,0
5265,5265,train/ISIC_0027197.jpg,0,0,0
5266,5266,train/ISIC_0027266.jpg,0,0,1
5267,5267,train/ISIC_0034234.jpg,0,0,0
5268,5268,train/ISIC_0033505.jpg,0,0,0
5269,5269,train/ISIC_0028635.jpg,0,0,0
5270,5270,train/ISIC_0028577.jpg,0,0,1
5271,5271,train/ISIC_0030811.jpg,0,0,0
5272,5272,train/ISIC_0034125.jpg,0,0,1
5273,5273,train/ISIC_0026355.jpg,0,0,0
5274,5274,train/ISIC_0027932.jpg,0,0,0
5275,5275,train/ISIC_0027344.jpg,0,0,1
5276,5276,train/ISIC_0026032.jpg,0,0,0
5277,5277,train/ISIC_0026342.jpg,0,0,0
5278,5278,train/ISIC_0033529.jpg,0,0,1
5279,5279,train/ISIC_0026163.jpg,0,0,0
5280,5280,train/ISIC_0024438.jpg,0,0,0
5281,5281,train/ISIC_0030431.jpg,0,0,0
5282,5282,train/ISIC_0030976.jpg,0,0,0
5283,5283,train/ISIC_0030515.jpg,0,0,0
5284,5284,train/ISIC_0030382.jpg,1,0,0
5285,5285,train/ISIC_0031679.jpg,0,0,0
5286,5286,train/ISIC_0026888.jpg,0,0,0
5287,5287,train/ISIC_0027626.jpg,0,0,0
5288,5288,train/ISIC_0027924.jpg,0,0,0
5289,5289,train/ISIC_0030418.jpg,0,0,0
5290,5290,train/ISIC_0033705.jpg,1,0,0
5291,5291,train/ISIC_0028624.jpg,0,0,0
5292,5292,train/ISIC_0030070.jpg,0,0,1
5293,5293,train/ISIC_0031155.jpg,0,0,0
5294,5294,train/ISIC_0032975.jpg,1,0,1
5295,5295,train/ISIC_0031405.jpg,0,0,0
5296,5296,train/ISIC_0026996.jpg,1,0,0
5297,5297,train/ISIC_0031303.jpg,1,0,1
5298,5298,train/ISIC_0027625.jpg,0,0,0
5299,5299,train/ISIC_0034017.jpg,0,0,0
5300,5300,train/ISIC_0025366.jpg,0,0,0
5301,5301,train/ISIC_0027349.jpg,0,0,0
5302,5302,train/ISIC_0024850.jpg,0,0,0
5303,5303,train/ISIC_0029353.jpg,1,0,0
5304,5304,train/ISIC_0031009.jpg,0,0,1
5305,5305,train/ISIC_0030555.jpg,0,0,1
5306,5306,train/ISIC_0033077.jpg,0,0,0
5307,5307,train/ISIC_0033928.jpg,0,0,0
5308,5308,train/ISIC_0025446.jpg,0,0,0
5309,5309,train/ISIC_0026327.jpg,1,0,0
5310,5310,train/ISIC_0031892.jpg,0,0,0
5311,5311,train/ISIC_0033945.jpg,0,0,0
5312,5312,train/ISIC_0026866.jpg,0,0,0
5313,5313,train/ISIC_0032570.jpg,0,0,0
5314,5314,train/ISIC_0032099.jpg,0,0,1
5315,5315,train/ISIC_0029099.jpg,0,0,1
5316,5316,train/ISIC_0031568.jpg,0,0,0
5317,5317,train/ISIC_0033951.jpg,0,0,0
5318,5318,train/ISIC_0031954.jpg,0,0,0
5319,5319,train/ISIC_0025357.jpg,0,0,0
5320,5320,train/ISIC_0033765.jpg,0,0,0
5321,5321,train/ISIC_0031418.jpg,0,0,0
5322,5322,train/ISIC_0032304.jpg,0,0,1
5323,5323,train/ISIC_0026574.jpg,0,0,1
5324,5324,train/ISIC_0027875.jpg,0,0,1
5325,5325,train/ISIC_0033288.jpg,0,0,0
5326,5326,train/ISIC_0024583.jpg,0,0,0
5327,5327,train/ISIC_0024451.jpg,0,0,0
5328,5328,train/ISIC_0025088.jpg,0,0,0
5329,5329,train/ISIC_0031751.jpg,0,0,0
5330,5330,train/ISIC_0025808.jpg,1,0,0
5331,5331,train/ISIC_0027702.jpg,1,0,1
5332,5332,train/ISIC_0025490.jpg,0,0,0
5333,5333,train/ISIC_0032174.jpg,0,0,1
5334,5334,train/ISIC_0025440.jpg,0,0,0
5335,5335,train/ISIC_0025000.jpg,0,0,0
5336,5336,train/ISIC_0025641.jpg,0,0,0
5337,5337,train/ISIC_0028611.jpg,0,0,1
5338,5338,train/ISIC_0027741.jpg,0,0,0
5339,5339,train/ISIC_0033063.jpg,1,0,1
5340,5340,train/ISIC_0034135.jpg,0,0,0
5341,5341,train/ISIC_0034174.jpg,0,0,0
5342,5342,train/ISIC_0025834.jpg,0,0,0
5343,5343,train/ISIC_0028677.jpg,0,0,1
5344,5344,train/ISIC_0024469.jpg,0,0,0
5345,5345,train/ISIC_0028958.jpg,0,0,0
5346,5346,train/ISIC_0033760.jpg,0,0,0
5347,5347,train/ISIC_0033388.jpg,0,0,0
5348,5348,train/ISIC_0029265.jpg,1,0,1
5349,5349,train/ISIC_0032098.jpg,1,0,0
5350,5350,train/ISIC_0027434.jpg,0,0,0
5351,5351,train/ISIC_0031175.jpg,0,0,1
5352,5352,train/ISIC_0029110.jpg,0,0,0
5353,5353,train/ISIC_0033265.jpg,0,0,0
5354,5354,train/ISIC_0030381.jpg,0,0,0
5355,5355,train/ISIC_0031485.jpg,0,0,0
5356,5356,train/ISIC_0030361.jpg,0,0,0
5357,5357,train/ISIC_0028051.jpg,1,0,0
5358,5358,train/ISIC_0032030.jpg,0,0,0
5359,5359,train/ISIC_0027406.jpg,0,0,1
5360,5360,train/ISIC_0032147.jpg,0,0,0
5361,5361,train/ISIC_0027983.jpg,0,0,1
5362,5362,train/ISIC_0031441.jpg,0,0,0
5363,5363,train/ISIC_0031629.jpg,0,0,0
5364,5364,train/ISIC_0033560.jpg,1,0,0
5365,5365,train/ISIC_0033067.jpg,0,0,0
5366,5366,train/ISIC_0027931.jpg,0,0,0
5367,5367,train/ISIC_0032185.jpg,0,0,0
5368,5368,train/ISIC_0027100.jpg,1,0,1
5369,5369,train/ISIC_0030054.jpg,0,0,0
5370,5370,train/ISIC_0029717.jpg,0,0,0
5371,5371,train/ISIC_0028546.jpg,0,0,0
5372,5372,train/ISIC_0032632.jpg,0,0,0
5373,5373,train/ISIC_0032271.jpg,0,0,0
5374,5374,train/ISIC_0031661.jpg,0,0,0
5375,5375,train/ISIC_0030235.jpg,0,0,0
5376,5376,train/ISIC_0029912.jpg,0,0,0
5377,5377,train/ISIC_0031814.jpg,0,0,0
5378,5378,train/ISIC_0028105.jpg,0,0,0
5379,5379,train/ISIC_0033180.jpg,1,0,0
5380,5380,train/ISIC_0026703.jpg,0,0,1
5381,5381,train/ISIC_0031006.jpg,0,0,0
5382,5382,train/ISIC_0026250.jpg,0,0,0
5383,5383,train/ISIC_0028902.jpg,0,0,0
5384,5384,train/ISIC_0033302.jpg,1,0,0
5385,5385,train/ISIC_0028242.jpg,0,0,0
5386,5386,train/ISIC_0031698.jpg,0,0,1
5387,5387,train/ISIC_0028727.jpg,0,0,0
5388,5388,train/ISIC_0028541.jpg,0,0,0
5389,5389,train/ISIC_0028116.jpg,0,0,1
5390,5390,train/ISIC_0027505.jpg,0,0,0
5391,5391,train/ISIC_0026500.jpg,1,0,1
5392,5392,train/ISIC_0025202.jpg,0,0,1
5393,5393,train/ISIC_0032958.jpg,1,0,1
5394,5394,train/ISIC_0030579.jpg,0,0,0
5395,5395,train/ISIC_0033346.jpg,0,0,1
5396,5396,train/ISIC_0031541.jpg,0,0,0
5397,5397,train/ISIC_0027030.jpg,1,0,1
5398,5398,train/ISIC_0027789.jpg,0,0,0
5399,5399,train/ISIC_0031510.jpg,0,0,0
5400,5400,train/ISIC_0031186.jpg,1,0,1
5401,5401,train/ISIC_0025915.jpg,0,0,1
5402,5402,train/ISIC_0032053.jpg,0,0,0
5403,5403,train/ISIC_0027722.jpg,0,0,1
5404,5404,train/ISIC_0025674.jpg,1,0,1
5405,5405,train/ISIC_0029398.jpg,0,0,0
5406,5406,train/ISIC_0026694.jpg,1,0,0
5407,5407,train/ISIC_0031991.jpg,0,0,0
5408,5408,train/ISIC_0032872.jpg,1,0,0
5409,5409,train/ISIC_0025220.jpg,0,0,0
5410,5410,train/ISIC_0026383.jpg,0,0,1
5411,5411,train/ISIC_0024923.jpg,1,0,1
5412,5412,train/ISIC_0025466.jpg,0,0,1
5413,5413,train/ISIC_0031976.jpg,0,0,1
5414,5414,train/ISIC_0033498.jpg,1,0,0
5415,5415,train/ISIC_0029066.jpg,0,0,0
5416,5416,train/ISIC_0026844.jpg,0,0,1
5417,5417,train/ISIC_0032942.jpg,0,0,0
5418,5418,train/ISIC_0032374.jpg,0,0,0
5419,5419,train/ISIC_0030145.jpg,0,0,0
5420,5420,train/ISIC_0024454.jpg,0,0,1
5421,5421,train/ISIC_0032170.jpg,0,0,0
5422,5422,train/ISIC_0028733.jpg,0,0,0
5423,5423,train/ISIC_0032646.jpg,0,0,1
5424,5424,train/ISIC_0028226.jpg,0,0,0
5425,5425,train/ISIC_0030571.jpg,0,0,0
5426,5426,train/ISIC_0025204.jpg,0,0,0
5427,5427,train/ISIC_0033328.jpg,0,0,0
5428,5428,train/ISIC_0025709.jpg,1,0,1
5429,5429,train/ISIC_0033622.jpg,0,0,0
5430,5430,train/ISIC_0030616.jpg,1,0,1
5431,5431,train/ISIC_0025787.jpg,0,0,0
5432,5432,train/ISIC_0031306.jpg,0,0,0
5433,5433,train/ISIC_0026918.jpg,0,0,0
5434,5434,train/ISIC_0025873.jpg,0,0,0
5435,5435,train/ISIC_0033434.jpg,0,0,1
5436,5436,train/ISIC_0029796.jpg,0,0,0
5437,5437,train/ISIC_0028178.jpg,0,0,0
5438,5438,train/ISIC_0024907.jpg,0,0,0
5439,5439,train/ISIC_0025842.jpg,0,0,0
5440,5440,train/ISIC_0032834.jpg,0,0,1
5441,5441,train/ISIC_0028841.jpg,0,0,0
5442,5442,train/ISIC_0031761.jpg,0,0,0
5443,5443,train/ISIC_0032503.jpg,0,0,0
5444,5444,train/ISIC_0033587.jpg,0,0,1
5445,5445,train/ISIC_0028959.jpg,0,0,0
5446,5446,train/ISIC_0030998.jpg,0,0,0
5447,5447,train/ISIC_0028598.jpg,0,0,0
5448,5448,train/ISIC_0030924.jpg,0,0,0
5449,5449,train/ISIC_0031082.jpg,0,0,1
5450,5450,train/ISIC_0025514.jpg,0,0,1
5451,5451,train/ISIC_0024927.jpg,0,0,0
5452,5452,train/ISIC_0031927.jpg,1,0,1
5453,5453,train/ISIC_0027061.jpg,0,0,0
5454,5454,train/ISIC_0029935.jpg,0,0,0
5455,5455,train/ISIC_0027217.jpg,0,0,0
5456,5456,train/ISIC_0026801.jpg,0,0,0
5457,5457,train/ISIC_0025683.jpg,0,0,0
5458,5458,train/ISIC_0032153.jpg,0,0,0
5459,5459,train/ISIC_0026990.jpg,0,0,0
5460,5460,train/ISIC_0031375.jpg,0,0,0
5461,5461,train/ISIC_0030089.jpg,1,0,0
5462,5462,train/ISIC_0024349.jpg,0,0,0
5463,5463,train/ISIC_0031912.jpg,0,0,1
5464,5464,train/ISIC_0026893.jpg,0,0,1
5465,5465,train/ISIC_0033096.jpg,0,0,0
5466,5466,train/ISIC_0024636.jpg,0,0,0
5467,5467,train/ISIC_0027039.jpg,0,0,0
5468,5468,train/ISIC_0028590.jpg,0,0,1
5469,5469,train/ISIC_0024631.jpg,0,0,0
5470,5470,train/ISIC_0029539.jpg,0,0,0
5471,5471,train/ISIC_0030263.jpg,0,0,0
5472,5472,train/ISIC_0027247.jpg,0,0,0
5473,5473,train/ISIC_0031749.jpg,0,0,0
5474,5474,train/ISIC_0027912.jpg,0,0,0
5475,5475,train/ISIC_0025563.jpg,0,0,0
5476,5476,train/ISIC_0032212.jpg,0,0,0
5477,5477,train/ISIC_0031320.jpg,0,0,0
5478,5478,train/ISIC_0030915.jpg,0,0,0
5479,5479,train/ISIC_0031500.jpg,0,0,0
5480,5480,train/ISIC_0027104.jpg,0,0,0
5481,5481,train/ISIC_0028521.jpg,0,0,0
5482,5482,train/ISIC_0028762.jpg,0,0,0
5483,5483,train/ISIC_0028581.jpg,0,0,0
5484,5484,train/ISIC_0025520.jpg,1,0,1
5485,5485,train/ISIC_0028176.jpg,0,0,0
5486,5486,train/ISIC_0027979.jpg,0,0,0
5487,5487,train/ISIC_0029857.jpg,0,0,0
5488,5488,train/ISIC_0030168.jpg,0,0,0
5489,5489,train/ISIC_0031081.jpg,0,0,0
5490,5490,train/ISIC_0026618.jpg,0,0,1
5491,5491,train/ISIC_0033978.jpg,0,0,0
5492,5492,train/ISIC_0029382.jpg,0,0,1
5493,5493,train/ISIC_0032520.jpg,0,0,0
5494,5494,train/ISIC_0032246.jpg,0,0,1
5495,5495,train/ISIC_0033009.jpg,0,0,0
5496,5496,train/ISIC_0030133.jpg,1,0,1
5497,5497,train/ISIC_0026292.jpg,0,0,0
5498,5498,train/ISIC_0030140.jpg,0,0,0
5499,5499,train/ISIC_0032113.jpg,0,0,0
5500,5500,train/ISIC_0028828.jpg,0,0,1
5501,5501,train/ISIC_0034009.jpg,0,0,1
5502,5502,train/ISIC_0026861.jpg,0,0,1
5503,5503,train/ISIC_0031099.jpg,0,0,0
5504,5504,train/ISIC_0029776.jpg,0,0,1
5505,5505,train/ISIC_0028365.jpg,0,0,0
5506,5506,train/ISIC_0028452.jpg,0,0,0
5507,5507,train/ISIC_0030481.jpg,0,0,0
5508,5508,train/ISIC_0024397.jpg,0,0,1
5509,5509,train/ISIC_0026475.jpg,1,0,0
5510,5510,train/ISIC_0031072.jpg,0,0,0
5511,5511,train/ISIC_0028439.jpg,0,0,0
5512,5512,train/ISIC_0028314.jpg,1,0,0
5513,5513,train/ISIC_0031680.jpg,0,0,0
5514,5514,train/ISIC_0024877.jpg,0,0,0
5515,5515,train/ISIC_0031206.jpg,0,0,0
5516,5516,train/ISIC_0024315.jpg,1,0,0
5517,5517,train/ISIC_0027865.jpg,0,0,0
5518,5518,train/ISIC_0026426.jpg,0,0,1
5519,5519,train/ISIC_0030393.jpg,0,0,0
5520,5520,train/ISIC_0033209.jpg,1,0,1
5521,5521,train/ISIC_0027700.jpg,1,0,1
5522,5522,train/ISIC_0030081.jpg,0,0,1
5523,5523,train/ISIC_0029743.jpg,0,0,0
5524,5524,train/ISIC_0027451.jpg,0,0,1
5525,5525,train/ISIC_0024822.jpg,0,0,1
5526,5526,train/ISIC_0026131.jpg,1,0,1
5527,5527,train/ISIC_0027468.jpg,0,0,1
5528,5528,train/ISIC_0032452.jpg,0,0,1
5529,5529,train/ISIC_0026191.jpg,0,0,0
5530,5530,train/ISIC_0026903.jpg,0,0,0
5531,5531,train/ISIC_0031147.jpg,0,0,0
5532,5532,train/ISIC_0032162.jpg,0,0,0
5533,5533,train/ISIC_0029220.jpg,0,0,1
5534,5534,train/ISIC_0032127.jpg,0,0,1
5535,5535,train/ISIC_0032925.jpg,1,0,0
5536,5536,train/ISIC_0030368.jpg,0,0,0
5537,5537,train/ISIC_0028241.jpg,0,0,1
5538,5538,train/ISIC_0026377.jpg,0,0,1
5539,5539,train/ISIC_0030183.jpg,1,0,1
5540,5540,train/ISIC_0033048.jpg,0,0,0
5541,5541,train/ISIC_0031651.jpg,0,0,1
5542,5542,train/ISIC_0031369.jpg,1,0,1
5543,5543,train/ISIC_0028206.jpg,0,0,0
5544,5544,train/ISIC_0033699.jpg,0,0,0
5545,5545,train/ISIC_0027017.jpg,0,0,1
5546,5546,train/ISIC_0033665.jpg,0,0,0
5547,5547,train/ISIC_0025102.jpg,0,0,1
5548,5548,train/ISIC_0025258.jpg,0,0,0
5549,5549,train/ISIC_0029170.jpg,1,0,1
5550,5550,train/ISIC_0034133.jpg,0,0,0
5551,5551,train/ISIC_0025379.jpg,0,0,1
5552,5552,train/ISIC_0026945.jpg,0,0,1
5553,5553,train/ISIC_0031650.jpg,0,0,1
5554,5554,train/ISIC_0032672.jpg,1,0,0
5555,5555,train/ISIC_0028752.jpg,0,0,0
5556,5556,train/ISIC_0031231.jpg,0,0,0
5557,5557,train/ISIC_0032403.jpg,0,0,0
5558,5558,train/ISIC_0026408.jpg,0,0,0
5559,5559,train/ISIC_0025311.jpg,0,0,0
5560,5560,train/ISIC_0025560.jpg,0,0,0
5561,5561,train/ISIC_0033040.jpg,0,0,0
5562,5562,train/ISIC_0025920.jpg,0,0,0
5563,5563,train/ISIC_0032846.jpg,0,0,1
5564,5564,train/ISIC_0031988.jpg,0,0,0
5565,5565,train/ISIC_0025195.jpg,1,0,0
5566,5566,train/ISIC_0032989.jpg,0,0,0
5567,5567,train/ISIC_0024983.jpg,0,0,0
5568,5568,train/ISIC_0030371.jpg,0,0,0
5569,5569,train/ISIC_0031483.jpg,0,0,0
5570,5570,train/ISIC_0027866.jpg,0,0,0
5571,5571,train/ISIC_0024820.jpg,0,0,0
5572,5572,train/ISIC_0027665.jpg,0,0,0
5573,5573,train/ISIC_0027283.jpg,0,0,0
5574,5574,train/ISIC_0030209.jpg,0,0,0
5575,5575,train/ISIC_0030693.jpg,0,0,0
5576,5576,train/ISIC_0033320.jpg,1,0,0
5577,5577,train/ISIC_0029507.jpg,0,0,0
5578,5578,train/ISIC_0028599.jpg,0,0,1
5579,5579,train/ISIC_0032057.jpg,0,0,0
5580,5580,train/ISIC_0024446.jpg,0,0,0
5581,5581,train/ISIC_0031842.jpg,0,0,0
5582,5582,train/ISIC_0027185.jpg,0,0,0
5583,5583,train/ISIC_0027281.jpg,0,0,1
5584,5584,train/ISIC_0032267.jpg,0,0,0
5585,5585,train/ISIC_0024871.jpg,0,0,1
5586,5586,train/ISIC_0033024.jpg,1,0,1
5587,5587,train/ISIC_0034143.jpg,0,0,0
5588,5588,train/ISIC_0032549.jpg,0,0,0
5589,5589,train/ISIC_0032384.jpg,0,0,0
5590,5590,train/ISIC_0032182.jpg,1,0,1
5591,5591,train/ISIC_0027835.jpg,0,0,0
5592,5592,train/ISIC_0025196.jpg,1,0,1
5593,5593,train/ISIC_0027193.jpg,0,0,0
5594,5594,train/ISIC_0033013.jpg,0,0,0
5595,5595,train/ISIC_0032019.jpg,1,0,0
5596,5596,train/ISIC_0024892.jpg,0,0,0
5597,5597,train/ISIC_0032601.jpg,0,0,0
5598,5598,train/ISIC_0030321.jpg,0,0,0
5599,5599,train/ISIC_0032964.jpg,0,0,0
5600,5600,train/ISIC_0030730.jpg,1,0,0
5601,5601,train/ISIC_0033232.jpg,1,0,0
5602,5602,train/ISIC_0032387.jpg,0,0,1
5603,5603,train/ISIC_0024933.jpg,0,0,0
5604,5604,train/ISIC_0024738.jpg,0,0,0
5605,5605,train/ISIC_0031527.jpg,0,0,1
5606,5606,train/ISIC_0026226.jpg,0,0,0
5607,5607,train/ISIC_0024893.jpg,0,0,1
5608,5608,train/ISIC_0024733.jpg,1,0,0
5609,5609,train/ISIC_0025239.jpg,0,0,0
5610,5610,train/ISIC_0026957.jpg,0,0,1
5611,5611,train/ISIC_0027941.jpg,0,0,0
5612,5612,train/ISIC_0030644.jpg,0,0,1
5613,5613,train/ISIC_0025572.jpg,0,0,0
5614,5614,train/ISIC_0028979.jpg,0,0,0
5615,5615,train/ISIC_0026695.jpg,0,0,0
5616,5616,train/ISIC_0025994.jpg,0,0,0
5617,5617,train/ISIC_0033531.jpg,0,0,1
5618,5618,train/ISIC_0028708.jpg,0,0,0
5619,5619,train/ISIC_0030652.jpg,0,0,0
5620,5620,train/ISIC_0027354.jpg,0,0,0
5621,5621,train/ISIC_0029693.jpg,0,0,0
5622,5622,train/ISIC_0027550.jpg,1,0,1
5623,5623,train/ISIC_0026447.jpg,0,0,0
5624,5624,train/ISIC_0029267.jpg,0,0,0
5625,5625,train/ISIC_0028707.jpg,0,0,0
5626,5626,train/ISIC_0028600.jpg,0,0,1
5627,5627,train/ISIC_0025763.jpg,0,0,0
5628,5628,train/ISIC_0024965.jpg,0,0,0
5629,5629,train/ISIC_0025759.jpg,0,0,0
5630,5630,train/ISIC_0024930.jpg,1,0,0
5631,5631,train/ISIC_0028223.jpg,0,0,0
5632,5632,train/ISIC_0027037.jpg,0,0,1
5633,5633,train/ISIC_0025477.jpg,0,0,0
5634,5634,train/ISIC_0029460.jpg,1,0,1
5635,5635,train/ISIC_0031496.jpg,0,0,1
5636,5636,train/ISIC_0028191.jpg,0,0,0
5637,5637,train/ISIC_0025335.jpg,0,0,0
5638,5638,train/ISIC_0029299.jpg,0,0,0
5639,5639,train/ISIC_0029772.jpg,0,0,0
5640,5640,train/ISIC_0024458.jpg,0,0,0
5641,5641,train/ISIC_0024575.jpg,1,0,1
5642,5642,train/ISIC_0025790.jpg,1,0,1
5643,5643,train/ISIC_0029459.jpg,0,0,0
5644,5644,train/ISIC_0026080.jpg,0,0,0
5645,5645,train/ISIC_0024834.jpg,0,0,1
5646,5646,train/ISIC_0027269.jpg,0,0,0
5647,5647,train/ISIC_0025154.jpg,0,0,0
5648,5648,train/ISIC_0028204.jpg,0,0,0
5649,5649,train/ISIC_0030723.jpg,0,0,1
5650,5650,train/ISIC_0028293.jpg,0,0,1
5651,5651,train/ISIC_0034129.jpg,0,0,0
5652,5652,train/ISIC_0030379.jpg,0,0,0
5653,5653,train/ISIC_0032110.jpg,1,0,1
5654,5654,train/ISIC_0026055.jpg,0,0,0
5655,5655,train/ISIC_0030427.jpg,0,0,0
5656,5656,train/ISIC_0027616.jpg,1,0,0
5657,5657,train/ISIC_0033937.jpg,0,0,0
5658,5658,train/ISIC_0027201.jpg,0,0,0
5659,5659,train/ISIC_0031808.jpg,0,0,1
5660,5660,train/ISIC_0033344.jpg,1,0,1
5661,5661,train/ISIC_0025192.jpg,0,0,0
5662,5662,train/ISIC_0033149.jpg,0,0,0
5663,5663,train/ISIC_0031628.jpg,0,0,1
5664,5664,train/ISIC_0029592.jpg,0,0,0
5665,5665,train/ISIC_0027609.jpg,0,0,1
5666,5666,train/ISIC_0031577.jpg,0,0,0
5667,5667,train/ISIC_0032386.jpg,0,0,0
5668,5668,train/ISIC_0030060.jpg,1,0,1
5669,5669,train/ISIC_0030643.jpg,0,0,0
5670,5670,train/ISIC_0025967.jpg,0,0,0
5671,5671,train/ISIC_0028939.jpg,0,0,0
5672,5672,train/ISIC_0031430.jpg,1,0,1
5673,5673,train/ISIC_0032250.jpg,0,0,0
5674,5674,train/ISIC_0026912.jpg,0,0,1
5675,5675,train/ISIC_0028203.jpg,0,0,0
5676,5676,train/ISIC_0033411.jpg,0,0,0
5677,5677,train/ISIC_0024780.jpg,0,0,0
5678,5678,train/ISIC_0031596.jpg,0,0,0
5679,5679,train/ISIC_0029205.jpg,0,0,0
5680,5680,train/ISIC_0027928.jpg,0,0,1
5681,5681,train/ISIC_0034165.jpg,0,0,0
5682,5682,train/ISIC_0033704.jpg,1,0,0
5683,5683,train/ISIC_0027900.jpg,1,0,0
5684,5684,train/ISIC_0030158.jpg,1,0,0
5685,5685,train/ISIC_0030260.jpg,0,0,1
5686,5686,train/ISIC_0031252.jpg,0,0,0
5687,5687,train/ISIC_0029682.jpg,0,0,1
5688,5688,train/ISIC_0033632.jpg,0,0,0
5689,5689,train/ISIC_0030727.jpg,0,0,0
5690,5690,train/ISIC_0025094.jpg,0,0,0
5691,5691,train/ISIC_0028616.jpg,0,0,0
5692,5692,train/ISIC_0028253.jpg,0,0,0
5693,5693,train/ISIC_0025536.jpg,0,0,0
5694,5694,train/ISIC_0025700.jpg,0,0,1
5695,5695,train/ISIC_0032524.jpg,0,0,0
5696,5696,train/ISIC_0026067.jpg,0,0,0
5697,5697,train/ISIC_0024405.jpg,0,0,0
5698,5698,train/ISIC_0024656.jpg,0,0,1
5699,5699,train/ISIC_0024832.jpg,0,0,0
5700,5700,train/ISIC_0033225.jpg,0,0,0
5701,5701,train/ISIC_0031817.jpg,0,0,0
5702,5702,train/ISIC_0025178.jpg,1,0,1
5703,5703,train/ISIC_0027309.jpg,0,0,0
5704,5704,train/ISIC_0026016.jpg,0,0,0
5705,5705,train/ISIC_0025526.jpg,0,0,0
5706,5706,train/ISIC_0034225.jpg,0,0,0
5707,5707,train/ISIC_0029579.jpg,0,0,0
5708,5708,train/ISIC_0030353.jpg,0,0,0
5709,5709,train/ISIC_0033482.jpg,0,0,1
5710,5710,train/ISIC_0029640.jpg,0,0,0
5711,5711,train/ISIC_0030339.jpg,0,0,1
5712,5712,train/ISIC_0027207.jpg,0,0,0
5713,5713,train/ISIC_0025724.jpg,1,0,0
5714,5714,train/ISIC_0028333.jpg,0,0,1
5715,5715,train/ISIC_0029869.jpg,0,0,0
5716,5716,train/ISIC_0028426.jpg,0,0,0
5717,5717,train/ISIC_0031210.jpg,0,0,0
5718,5718,train/ISIC_0026124.jpg,0,0,1
5719,5719,train/ISIC_0026224.jpg,0,0,0
5720,5720,train/ISIC_0030824.jpg,1,0,0
5721,5721,train/ISIC_0025351.jpg,0,0,1
5722,5722,train/ISIC_0027819.jpg,0,0,0
5723,5723,train/ISIC_0031881.jpg,0,0,0
5724,5724,train/ISIC_0024354.jpg,0,0,0
5725,5725,train/ISIC_0028567.jpg,1,0,1
5726,5726,train/ISIC_0024873.jpg,0,0,0
5727,5727,train/ISIC_0028429.jpg,0,0,0
5728,5728,train/ISIC_0027479.jpg,0,0,0
5729,5729,train/ISIC_0029585.jpg,0,0,1
5730,5730,train/ISIC_0029339.jpg,0,0,0
5731,5731,train/ISIC_0026689.jpg,0,0,0
5732,5732,train/ISIC_0025399.jpg,0,0,0
5733,5733,train/ISIC_0025186.jpg,0,0,0
5734,5734,train/ISIC_0027143.jpg,0,0,0
5735,5735,train/ISIC_0032695.jpg,1,0,1
5736,5736,train/ISIC_0027576.jpg,0,0,0
5737,5737,train/ISIC_0028694.jpg,0,0,0
5738,5738,train/ISIC_0033572.jpg,0,0,0
5739,5739,train/ISIC_0028034.jpg,0,0,0
5740,5740,train/ISIC_0033581.jpg,0,0,1
5741,5741,train/ISIC_0031601.jpg,0,0,0
5742,5742,train/ISIC_0026297.jpg,0,0,1
5743,5743,train/ISIC_0026518.jpg,0,0,0
5744,5744,train/ISIC_0024991.jpg,0,0,0
5745,5745,train/ISIC_0027651.jpg,1,0,0
5746,5746,train/ISIC_0032029.jpg,0,0,0
5747,5747,train/ISIC_0030575.jpg,1,0,0
5748,5748,train/ISIC_0026833.jpg,0,0,0
5749,5749,train/ISIC_0032873.jpg,1,0,1
5750,5750,train/ISIC_0029344.jpg,0,0,0
5751,5751,train/ISIC_0024353.jpg,0,0,0
5752,5752,train/ISIC_0024837.jpg,0,0,0
5753,5753,train/ISIC_0033151.jpg,1,0,1
5754,5754,train/ISIC_0029918.jpg,0,0,0
5755,5755,train/ISIC_0031329.jpg,0,0,0
5756,5756,train/ISIC_0024943.jpg,0,0,1
5757,5757,train/ISIC_0029016.jpg,0,0,0
5758,5758,train/ISIC_0026325.jpg,0,0,0
5759,5759,train/ISIC_0030872.jpg,0,0,1
5760,5760,train/ISIC_0025745.jpg,0,0,0
5761,5761,train/ISIC_0030059.jpg,0,0,0
5762,5762,train/ISIC_0031942.jpg,0,0,1
5763,5763,train/ISIC_0032758.jpg,0,0,0
5764,5764,train/ISIC_0031728.jpg,0,0,0
5765,5765,train/ISIC_0028850.jpg,0,0,0
5766,5766,train/ISIC_0029270.jpg,0,0,0
5767,5767,train/ISIC_0027885.jpg,0,0,0
5768,5768,train/ISIC_0027807.jpg,0,0,0
5769,5769,train/ISIC_0034216.jpg,1,0,0
5770,5770,train/ISIC_0030130.jpg,0,0,1
5771,5771,train/ISIC_0033297.jpg,0,0,0
5772,5772,train/ISIC_0027114.jpg,0,0,0
5773,5773,train/ISIC_0025663.jpg,1,0,1
5774,5774,train/ISIC_0029365.jpg,0,0,0
5775,5775,train/ISIC_0031788.jpg,0,0,1
5776,5776,train/ISIC_0024669.jpg,0,0,0
5777,5777,train/ISIC_0028771.jpg,0,0,1
5778,5778,train/ISIC_0032980.jpg,0,0,0
5779,5779,train/ISIC_0029962.jpg,0,0,1
5780,5780,train/ISIC_0027600.jpg,0,0,0
5781,5781,train/ISIC_0031361.jpg,0,0,0
5782,5782,train/ISIC_0032351.jpg,0,0,0
5783,5783,train/ISIC_0025051.jpg,0,0,0
5784,5784,train/ISIC_0026138.jpg,1,0,1
5785,5785,train/ISIC_0027698.jpg,0,0,0
5786,5786,train/ISIC_0028661.jpg,0,0,0
5787,5787,train/ISIC_0026517.jpg,0,0,1
5788,5788,train/ISIC_0032096.jpg,0,0,0
5789,5789,train/ISIC_0031978.jpg,0,0,0
5790,5790,train/ISIC_0026089.jpg,1,0,0
5791,5791,train/ISIC_0033885.jpg,1,0,0
5792,5792,train/ISIC_0028228.jpg,1,0,1
5793,5793,train/ISIC_0033933.jpg,0,0,0
5794,5794,train/ISIC_0028246.jpg,0,0,0
5795,5795,train/ISIC_0028159.jpg,0,0,0
5796,5796,train/ISIC_0025150.jpg,0,0,0
5797,5797,train/ISIC_0030017.jpg,0,0,1
5798,5798,train/ISIC_0026843.jpg,0,0,1
5799,5799,train/ISIC_0028187.jpg,0,0,1
5800,5800,train/ISIC_0029312.jpg,0,0,1
5801,5801,train/ISIC_0033539.jpg,0,0,0
5802,5802,train/ISIC_0032161.jpg,0,0,1
5803,5803,train/ISIC_0033499.jpg,0,0,1
5804,5804,train/ISIC_0031322.jpg,0,0,0
5805,5805,train/ISIC_0032801.jpg,0,0,0
5806,5806,train/ISIC_0027661.jpg,0,0,0
5807,5807,train/ISIC_0026541.jpg,0,0,0
5808,5808,train/ISIC_0030477.jpg,0,0,0
5809,5809,train/ISIC_0033565.jpg,0,0,0
5810,5810,train/ISIC_0028427.jpg,0,0,0
5811,5811,train/ISIC_0025791.jpg,1,0,1
5812,5812,train/ISIC_0029274.jpg,0,0,0
5813,5813,train/ISIC_0027650.jpg,1,0,0
5814,5814,train/ISIC_0029030.jpg,0,0,0
5815,5815,train/ISIC_0031439.jpg,0,0,1
5816,5816,train/ISIC_0025011.jpg,0,0,0
5817,5817,train/ISIC_0028265.jpg,0,0,0
5818,5818,train/ISIC_0028408.jpg,0,0,0
5819,5819,train/ISIC_0029097.jpg,0,0,0
5820,5820,train/ISIC_0026283.jpg,0,0,0
5821,5821,train/ISIC_0034308.jpg,0,0,0
5822,5822,train/ISIC_0026253.jpg,0,0,1
5823,5823,train/ISIC_0025158.jpg,0,0,0
5824,5824,train/ISIC_0026829.jpg,0,0,0
5825,5825,train/ISIC_0025177.jpg,0,0,0
5826,5826,train/ISIC_0031632.jpg,0,0,1
5827,5827,train/ISIC_0030782.jpg,0,0,1
5828,5828,train/ISIC_0025288.jpg,0,0,1
5829,5829,train/ISIC_0033056.jpg,0,0,0
5830,5830,train/ISIC_0028604.jpg,0,0,0
5831,5831,train/ISIC_0026616.jpg,0,0,0
5832,5832,train/ISIC_0032091.jpg,0,0,0
5833,5833,train/ISIC_0030783.jpg,0,0,1
5834,5834,train/ISIC_0030698.jpg,0,0,0
5835,5835,train/ISIC_0032539.jpg,0,0,0
5836,5836,train/ISIC_0027770.jpg,0,0,1
5837,5837,train/ISIC_0030883.jpg,1,0,1
5838,5838,train/ISIC_0033448.jpg,0,0,0
5839,5839,train/ISIC_0026044.jpg,0,0,0
5840,5840,train/ISIC_0025443.jpg,0,0,1
5841,5841,train/ISIC_0034060.jpg,0,0,0
5842,5842,train/ISIC_0029334.jpg,0,0,0
5843,5843,train/ISIC_0028887.jpg,0,0,0
5844,5844,train/ISIC_0034315.jpg,0,0,0
5845,5845,train/ISIC_0029648.jpg,0,0,0
5846,5846,train/ISIC_0025713.jpg,0,0,0
5847,5847,train/ISIC_0033234.jpg,0,0,0
5848,5848,train/ISIC_0028524.jpg,0,0,0
5849,5849,train/ISIC_0032724.jpg,1,0,0
5850,5850,train/ISIC_0029045.jpg,0,0,0
5851,5851,train/ISIC_0033680.jpg,0,0,0
5852,5852,train/ISIC_0028886.jpg,0,0,0
5853,5853,train/ISIC_0025640.jpg,0,0,0
5854,5854,train/ISIC_0032696.jpg,0,0,1
5855,5855,train/ISIC_0025616.jpg,1,0,1
5856,5856,train/ISIC_0026586.jpg,1,0,1
5857,5857,train/ISIC_0031771.jpg,0,0,0
5858,5858,train/ISIC_0030255.jpg,1,0,1
5859,5859,train/ISIC_0029889.jpg,0,0,0
5860,5860,train/ISIC_0025743.jpg,0,0,1
5861,5861,train/ISIC_0028201.jpg,0,0,1
5862,5862,train/ISIC_0034200.jpg,0,0,0
5863,5863,train/ISIC_0030626.jpg,0,0,0
5864,5864,train/ISIC_0031419.jpg,0,0,0
5865,5865,train/ISIC_0025404.jpg,0,0,1
5866,5866,train/ISIC_0026790.jpg,0,0,0
5867,5867,train/ISIC_0027761.jpg,0,0,0
5868,5868,train/ISIC_0032243.jpg,0,0,1
5869,5869,train/ISIC_0034004.jpg,0,0,0
5870,5870,train/ISIC_0031627.jpg,0,0,0
5871,5871,train/ISIC_0030816.jpg,0,0,0
5872,5872,train/ISIC_0029431.jpg,0,0,0
5873,5873,train/ISIC_0028552.jpg,0,0,0
5874,5874,train/ISIC_0032078.jpg,0,0,0
5875,5875,train/ISIC_0028068.jpg,0,0,0
5876,5876,train/ISIC_0026354.jpg,0,0,0
5877,5877,train/ISIC_0027321.jpg,0,0,0
5878,5878,train/ISIC_0025138.jpg,0,0,0
5879,5879,train/ISIC_0031204.jpg,0,0,0
5880,5880,train/ISIC_0026318.jpg,0,0,0
5881,5881,train/ISIC_0028602.jpg,0,0,0
5882,5882,train/ISIC_0024888.jpg,0,0,0
5883,5883,train/ISIC_0030043.jpg,0,0,0
5884,5884,train/ISIC_0030286.jpg,0,0,0
5885,5885,train/ISIC_0028523.jpg,0,0,0
5886,5886,train/ISIC_0028133.jpg,0,0,1
5887,5887,train/ISIC_0029304.jpg,0,0,0
5888,5888,train/ISIC_0024557.jpg,0,0,0
5889,5889,train/ISIC_0026373.jpg,0,0,0
5890,5890,train/ISIC_0032713.jpg,0,0,0
5891,5891,train/ISIC_0029251.jpg,0,0,1
5892,5892,train/ISIC_0033215.jpg,0,0,0
5893,5893,train/ISIC_0030128.jpg,0,0,0
5894,5894,train/ISIC_0026276.jpg,0,0,1
5895,5895,train/ISIC_0027025.jpg,0,0,1
5896,5896,train/ISIC_0026445.jpg,0,0,0
5897,5897,train/ISIC_0034191.jpg,0,0,0
5898,5898,train/ISIC_0031707.jpg,0,0,1
5899,5899,train/ISIC_0024951.jpg,1,0,1
5900,5900,train/ISIC_0024483.jpg,0,0,0
5901,5901,train/ISIC_0028665.jpg,0,0,0
5902,5902,train/ISIC_0027056.jpg,0,0,0
5903,5903,train/ISIC_0026699.jpg,0,0,1
5904,5904,train/ISIC_0032681.jpg,0,0,1
5905,5905,train/ISIC_0026024.jpg,0,0,0
5906,5906,train/ISIC_0028433.jpg,0,0,0
5907,5907,train/ISIC_0031690.jpg,0,0,0
5908,5908,train/ISIC_0032736.jpg,1,0,1
5909,5909,train/ISIC_0031007.jpg,0,0,1
5910,5910,train/ISIC_0028739.jpg,0,0,1
5911,5911,train/ISIC_0024999.jpg,1,0,0
5912,5912,train/ISIC_0032087.jpg,0,0,0
5913,5913,train/ISIC_0029501.jpg,0,0,1
5914,5914,train/ISIC_0030180.jpg,0,0,0
5915,5915,train/ISIC_0032067.jpg,0,0,0
5916,5916,train/ISIC_0033126.jpg,0,0,0
5917,5917,train/ISIC_0029722.jpg,0,0,0
5918,5918,train/ISIC_0026171.jpg,1,0,0
5919,5919,train/ISIC_0032266.jpg,0,0,0
5920,5920,train/ISIC_0025722.jpg,0,0,0
5921,5921,train/ISIC_0027307.jpg,0,0,0
5922,5922,train/ISIC_0030707.jpg,1,0,1
5923,5923,train/ISIC_0027162.jpg,0,0,1
5924,5924,train/ISIC_0031621.jpg,0,0,0
5925,5925,train/ISIC_0034061.jpg,1,0,0
5926,5926,train/ISIC_0024369.jpg,0,0,0
5927,5927,train/ISIC_0025450.jpg,1,0,0
5928,5928,train/ISIC_0026180.jpg,0,0,0
5929,5929,train/ISIC_0024841.jpg,0,0,0
5930,5930,train/ISIC_0031138.jpg,0,0,0
5931,5931,train/ISIC_0025962.jpg,0,0,0
5932,5932,train/ISIC_0029540.jpg,0,0,0
5933,5933,train/ISIC_0027527.jpg,0,0,0
5934,5934,train/ISIC_0033754.jpg,1,0,1
5935,5935,train/ISIC_0024693.jpg,0,0,0
5936,5936,train/ISIC_0026456.jpg,0,0,0
5937,5937,train/ISIC_0024433.jpg,0,0,0
5938,5938,train/ISIC_0029626.jpg,0,0,0
5939,5939,train/ISIC_0028219.jpg,1,0,0
5940,5940,train/ISIC_0031843.jpg,0,0,0
5941,5941,train/ISIC_0025632.jpg,0,0,0
5942,5942,train/ISIC_0028413.jpg,0,0,0
5943,5943,train/ISIC_0032318.jpg,0,0,1
5944,5944,train/ISIC_0028476.jpg,0,0,0
5945,5945,train/ISIC_0025647.jpg,0,0,0
5946,5946,train/ISIC_0028014.jpg,0,0,0
5947,5947,train/ISIC_0027291.jpg,0,0,1
5948,5948,train/ISIC_0033914.jpg,0,0,0
5949,5949,train/ISIC_0032215.jpg,0,0,0
5950,5950,train/ISIC_0025750.jpg,0,0,0
5951,5951,train/ISIC_0033537.jpg,0,0,0
5952,5952,train/ISIC_0032058.jpg,0,0,0
5953,5953,train/ISIC_0025023.jpg,0,0,0
5954,5954,train/ISIC_0029249.jpg,0,0,1
5955,5955,train/ISIC_0027957.jpg,0,0,0
5956,5956,train/ISIC_0030289.jpg,0,0,0
5957,5957,train/ISIC_0034072.jpg,0,0,0
5958,5958,train/ISIC_0027853.jpg,0,0,0
5959,5959,train/ISIC_0026038.jpg,0,0,1
5960,5960,train/ISIC_0025969.jpg,0,0,0
5961,5961,train/ISIC_0030755.jpg,0,0,1
5962,5962,train/ISIC_0029834.jpg,0,0,0
5963,5963,train/ISIC_0034160.jpg,0,0,1
5964,5964,train/ISIC_0025290.jpg,0,0,0
5965,5965,train/ISIC_0025380.jpg,0,0,0
5966,5966,train/ISIC_0028353.jpg,0,0,1
5967,5967,train/ISIC_0027970.jpg,0,0,0
5968,5968,train/ISIC_0025389.jpg,0,0,1
5969,5969,train/ISIC_0027195.jpg,0,0,0
5970,5970,train/ISIC_0030719.jpg,0,0,0
5971,5971,train/ISIC_0028104.jpg,0,0,1
5972,5972,train/ISIC_0030944.jpg,0,0,0
5973,5973,train/ISIC_0029710.jpg,0,0,0
5974,5974,train/ISIC_0031852.jpg,1,0,1
5975,5975,train/ISIC_0029566.jpg,0,0,0
5976,5976,train/ISIC_0033569.jpg,1,0,1
5977,5977,train/ISIC_0028724.jpg,0,0,0
5978,5978,train/ISIC_0028518.jpg,0,0,0
5979,5979,train/ISIC_0029058.jpg,0,0,0
5980,5980,train/ISIC_0026926.jpg,0,0,0
5981,5981,train/ISIC_0033626.jpg,0,0,0
5982,5982,train/ISIC_0027851.jpg,0,0,0
5983,5983,train/ISIC_0024361.jpg,0,0,0
5984,5984,train/ISIC_0029738.jpg,0,0,0
5985,5985,train/ISIC_0032465.jpg,0,0,0
5986,5986,train/ISIC_0032261.jpg,0,0,0
5987,5987,train/ISIC_0025134.jpg,0,0,0
5988,5988,train/ISIC_0027073.jpg,0,0,0
5989,5989,train/ISIC_0024555.jpg,0,0,0
5990,5990,train/ISIC_0028511.jpg,0,0,1
5991,5991,train/ISIC_0025213.jpg,0,0,0
5992,5992,train/ISIC_0030036.jpg,1,0,0
5993,5993,train/ISIC_0028397.jpg,0,0,1
5994,5994,train/ISIC_0026675.jpg,0,0,0
5995,5995,train/ISIC_0032023.jpg,0,0,0
5996,5996,train/ISIC_0027288.jpg,0,0,0
5997,5997,train/ISIC_0029831.jpg,0,0,1
5998,5998,train/ISIC_0029644.jpg,0,0,0
5999,5999,train/ISIC_0025813.jpg,0,0,0
6000,6000,train/ISIC_0024362.jpg,0,0,0
6001,6001,train/ISIC_0028214.jpg,0,0,0
6002,6002,train/ISIC_0028865.jpg,0,0,0
6003,6003,train/ISIC_0025454.jpg,0,0,1
6004,6004,train/ISIC_0028631.jpg,0,0,0
6005,6005,train/ISIC_0029473.jpg,1,0,1
6006,6006,train/ISIC_0027585.jpg,0,0,0
6007,6007,train/ISIC_0024903.jpg,0,0,0
6008,6008,train/ISIC_0033182.jpg,0,0,0
6009,6009,train/ISIC_0024812.jpg,0,0,0
6010,6010,train/ISIC_0027223.jpg,0,0,0
6011,6011,train/ISIC_0029276.jpg,0,0,0
6012,6012,train/ISIC_0032707.jpg,0,0,0
6013,6013,train/ISIC_0027926.jpg,0,0,0
6014,6014,train/ISIC_0028558.jpg,1,0,1
6015,6015,train/ISIC_0026440.jpg,0,0,0
6016,6016,train/ISIC_0032595.jpg,0,0,0
6017,6017,train/ISIC_0033174.jpg,1,0,1
6018,6018,train/ISIC_0029119.jpg,0,0,0
6019,6019,train/ISIC_0025610.jpg,0,0,0
6020,6020,train/ISIC_0028836.jpg,0,0,0
6021,6021,train/ISIC_0032698.jpg,1,0,1
6022,6022,train/ISIC_0029765.jpg,0,0,1
6023,6023,train/ISIC_0033245.jpg,1,0,1
6024,6024,train/ISIC_0025746.jpg,0,0,0
6025,6025,train/ISIC_0029770.jpg,0,0,1
6026,6026,train/ISIC_0030762.jpg,0,0,0
6027,6027,train/ISIC_0032151.jpg,0,0,0
6028,6028,train/ISIC_0031505.jpg,0,0,0
6029,6029,train/ISIC_0029009.jpg,0,0,0
6030,6030,train/ISIC_0024415.jpg,0,0,0
6031,6031,train/ISIC_0028912.jpg,0,0,0
6032,6032,train/ISIC_0024459.jpg,1,0,1
6033,6033,train/ISIC_0027680.jpg,0,0,1
6034,6034,train/ISIC_0030201.jpg,0,0,0
6035,6035,train/ISIC_0034185.jpg,0,0,0
6036,6036,train/ISIC_0024851.jpg,0,0,1
6037,6037,train/ISIC_0032569.jpg,1,0,0
6038,6038,train/ISIC_0027317.jpg,0,0,0
6039,6039,train/ISIC_0027473.jpg,0,0,1
6040,6040,train/ISIC_0026953.jpg,0,0,0
6041,6041,train/ISIC_0031469.jpg,0,0,0
6042,6042,train/ISIC_0024805.jpg,1,0,1
6043,6043,train/ISIC_0033556.jpg,0,0,0
6044,6044,train/ISIC_0025214.jpg,0,0,0
6045,6045,train/ISIC_0033376.jpg,0,0,0
6046,6046,train/ISIC_0026183.jpg,0,0,0
6047,6047,train/ISIC_0029161.jpg,0,0,0
6048,6048,train/ISIC_0025135.jpg,0,0,0
6049,6049,train/ISIC_0034222.jpg,1,0,0
6050,6050,train/ISIC_0032400.jpg,1,0,0
6051,6051,train/ISIC_0032480.jpg,0,0,1
6052,6052,train/ISIC_0026418.jpg,0,0,0
6053,6053,train/ISIC_0031044.jpg,1,0,0
6054,6054,train/ISIC_0028914.jpg,0,0,0
6055,6055,train/ISIC_0034159.jpg,1,0,0
6056,6056,train/ISIC_0026149.jpg,1,0,1
6057,6057,train/ISIC_0033339.jpg,0,0,0
6058,6058,train/ISIC_0033767.jpg,0,0,0
6059,6059,train/ISIC_0028687.jpg,0,0,1
6060,6060,train/ISIC_0030284.jpg,0,0,0
6061,6061,train/ISIC_0025545.jpg,0,0,0
6062,6062,train/ISIC_0027087.jpg,0,0,0
6063,6063,train/ISIC_0025534.jpg,0,0,0
6064,6064,train/ISIC_0033337.jpg,1,0,0
6065,6065,train/ISIC_0032471.jpg,0,0,0
6066,6066,train/ISIC_0025203.jpg,0,0,0
6067,6067,train/ISIC_0033956.jpg,1,0,1
6068,6068,train/ISIC_0026607.jpg,0,0,0
6069,6069,train/ISIC_0026619.jpg,0,0,0
6070,6070,train/ISIC_0032633.jpg,0,0,0
6071,6071,train/ISIC_0030428.jpg,0,0,0
6072,6072,train/ISIC_0024794.jpg,0,0,0
6073,6073,train/ISIC_0033912.jpg,0,0,0
6074,6074,train/ISIC_0033185.jpg,0,0,0
6075,6075,train/ISIC_0028212.jpg,0,0,1
6076,6076,train/ISIC_0033446.jpg,0,0,1
6077,6077,train/ISIC_0028758.jpg,0,0,1
6078,6078,train/ISIC_0031801.jpg,0,0,0
6079,6079,train/ISIC_0027989.jpg,0,0,1
6080,6080,train/ISIC_0032517.jpg,1,0,0
6081,6081,train/ISIC_0024317.jpg,0,0,0
6082,6082,train/ISIC_0033931.jpg,1,0,1
6083,6083,train/ISIC_0030569.jpg,0,0,1
6084,6084,train/ISIC_0029792.jpg,0,0,0
6085,6085,train/ISIC_0032830.jpg,0,0,0
6086,6086,train/ISIC_0028915.jpg,1,0,0
6087,6087,train/ISIC_0026545.jpg,1,0,0
6088,6088,train/ISIC_0026335.jpg,0,0,0
6089,6089,train/ISIC_0026488.jpg,0,0,0
6090,6090,train/ISIC_0031545.jpg,1,0,1
6091,6091,train/ISIC_0032257.jpg,0,0,0
6092,6092,train/ISIC_0027068.jpg,0,0,1
6093,6093,train/ISIC_0031282.jpg,0,0,0
6094,6094,train/ISIC_0033179.jpg,0,0,1
6095,6095,train/ISIC_0026277.jpg,0,0,1
6096,6096,train/ISIC_0028941.jpg,1,0,1
6097,6097,train/ISIC_0030162.jpg,0,0,0
6098,6098,train/ISIC_0032772.jpg,0,0,0
6099,6099,train/ISIC_0028446.jpg,0,0,0
6100,6100,train/ISIC_0027144.jpg,1,0,0
6101,6101,train/ISIC_0028282.jpg,0,0,0
6102,6102,train/ISIC_0032189.jpg,0,0,0
6103,6103,train/ISIC_0032025.jpg,0,0,0
6104,6104,train/ISIC_0032205.jpg,0,0,0
6105,6105,train/ISIC_0030942.jpg,0,0,0
6106,6106,train/ISIC_0029985.jpg,0,0,0
6107,6107,train/ISIC_0032467.jpg,0,0,0
6108,6108,train/ISIC_0024942.jpg,0,0,1
6109,6109,train/ISIC_0025225.jpg,0,0,0
6110,6110,train/ISIC_0028313.jpg,0,0,0
6111,6111,train/ISIC_0031195.jpg,0,0,0
6112,6112,train/ISIC_0031367.jpg,0,0,0
6113,6113,train/ISIC_0033050.jpg,1,0,1
6114,6114,train/ISIC_0029096.jpg,0,0,0
6115,6115,train/ISIC_0027662.jpg,0,0,0
6116,6116,train/ISIC_0030437.jpg,0,0,0
6117,6117,train/ISIC_0030838.jpg,0,0,0
6118,6118,train/ISIC_0028554.jpg,0,0,1
6119,6119,train/ISIC_0028316.jpg,0,0,0
6120,6120,train/ISIC_0032551.jpg,0,0,0
6121,6121,train/ISIC_0031888.jpg,0,0,1
6122,6122,train/ISIC_0030967.jpg,0,0,0
6123,6123,train/ISIC_0025316.jpg,1,0,0
6124,6124,train/ISIC_0027376.jpg,0,0,0
6125,6125,train/ISIC_0025269.jpg,0,0,0
6126,6126,train/ISIC_0032164.jpg,0,0,1
6127,6127,train/ISIC_0030646.jpg,0,0,0
6128,6128,train/ISIC_0029784.jpg,0,0,0
6129,6129,train/ISIC_0030417.jpg,1,0,1
6130,6130,train/ISIC_0031067.jpg,0,0,0
6131,6131,train/ISIC_0027746.jpg,0,0,0
6132,6132,train/ISIC_0028087.jpg,1,0,1
6133,6133,train/ISIC_0028076.jpg,1,0,0
6134,6134,train/ISIC_0029978.jpg,0,0,0
6135,6135,train/ISIC_0025914.jpg,0,0,0
6136,6136,train/ISIC_0029410.jpg,0,0,0
6137,6137,train/ISIC_0033981.jpg,1,0,0
6138,6138,train/ISIC_0031406.jpg,1,0,0
6139,6139,train/ISIC_0027997.jpg,0,0,1
6140,6140,train/ISIC_0030949.jpg,0,0,0
6141,6141,train/ISIC_0028383.jpg,0,0,0
6142,6142,train/ISIC_0027637.jpg,0,0,1
6143,6143,train/ISIC_0030860.jpg,0,0,0
6144,6144,train/ISIC_0031365.jpg,0,0,0
6145,6145,train/ISIC_0025716.jpg,0,0,1
6146,6146,train/ISIC_0030189.jpg,0,0,1
6147,6147,train/ISIC_0029797.jpg,0,0,0
6148,6148,train/ISIC_0025760.jpg,0,0,0
6149,6149,train/ISIC_0025975.jpg,0,0,0
6150,6150,train/ISIC_0031662.jpg,0,0,0
6151,6151,train/ISIC_0031684.jpg,0,0,0
6152,6152,train/ISIC_0029923.jpg,0,0,0
6153,6153,train/ISIC_0025403.jpg,0,0,0
6154,6154,train/ISIC_0031760.jpg,0,0,0
6155,6155,train/ISIC_0029324.jpg,0,0,0
6156,6156,train/ISIC_0031424.jpg,0,0,1
6157,6157,train/ISIC_0024916.jpg,0,0,0
6158,6158,train/ISIC_0033856.jpg,1,0,1
6159,6159,train/ISIC_0024726.jpg,0,0,1
6160,6160,train/ISIC_0026629.jpg,0,0,1
6161,6161,train/ISIC_0025767.jpg,0,0,1
6162,6162,train/ISIC_0032254.jpg,0,0,0
6163,6163,train/ISIC_0026261.jpg,0,0,0
6164,6164,train/ISIC_0024719.jpg,0,0,1
6165,6165,train/ISIC_0025606.jpg,0,0,0
6166,6166,train/ISIC_0029093.jpg,0,0,1
6167,6167,train/ISIC_0025506.jpg,0,0,0
6168,6168,train/ISIC_0033317.jpg,1,0,1
6169,6169,train/ISIC_0028026.jpg,1,0,0
6170,6170,train/ISIC_0028931.jpg,0,0,1
6171,6171,train/ISIC_0024591.jpg,0,0,0
6172,6172,train/ISIC_0030358.jpg,0,0,0
6173,6173,train/ISIC_0029226.jpg,0,0,0
6174,6174,train/ISIC_0032255.jpg,0,0,0
6175,6175,train/ISIC_0025053.jpg,0,0,0
6176,6176,train/ISIC_0025908.jpg,0,0,1
6177,6177,train/ISIC_0031907.jpg,0,0,0
6178,6178,train/ISIC_0026739.jpg,0,0,0
6179,6179,train/ISIC_0034280.jpg,0,0,0
6180,6180,train/ISIC_0029952.jpg,0,0,0
6181,6181,train/ISIC_0032094.jpg,0,0,0
6182,6182,train/ISIC_0031246.jpg,0,0,0
6183,6183,train/ISIC_0024577.jpg,0,0,0
6184,6184,train/ISIC_0026900.jpg,0,0,0
6185,6185,train/ISIC_0031665.jpg,0,0,0
6186,6186,train/ISIC_0029088.jpg,0,0,0
6187,6187,train/ISIC_0027069.jpg,1,0,1
6188,6188,train/ISIC_0027168.jpg,0,0,0
6189,6189,train/ISIC_0024534.jpg,0,0,0
6190,6190,train/ISIC_0032321.jpg,0,0,0
6191,6191,train/ISIC_0032791.jpg,0,0,0
6192,6192,train/ISIC_0032691.jpg,0,0,0
6193,6193,train/ISIC_0025638.jpg,0,0,0
6194,6194,train/ISIC_0026246.jpg,0,0,0
6195,6195,train/ISIC_0028132.jpg,1,0,1
6196,6196,train/ISIC_0025297.jpg,0,0,1
6197,6197,train/ISIC_0031014.jpg,0,0,0
6198,6198,train/ISIC_0031413.jpg,0,0,1
6199,6199,train/ISIC_0025022.jpg,0,0,0
6200,6200,train/ISIC_0027254.jpg,1,0,1
6201,6201,train/ISIC_0026141.jpg,0,0,0
6202,6202,train/ISIC_0031426.jpg,0,0,0
6203,6203,train/ISIC_0031614.jpg,0,0,0
6204,6204,train/ISIC_0024625.jpg,0,0,0
6205,6205,train/ISIC_0029684.jpg,0,0,0
6206,6206,train/ISIC_0029967.jpg,0,0,1
6207,6207,train/ISIC_0029949.jpg,0,0,0
6208,6208,train/ISIC_0025516.jpg,0,0,0
6209,6209,train/ISIC_0030813.jpg,0,0,1
6210,6210,train/ISIC_0024913.jpg,1,0,1
6211,6211,train/ISIC_0033329.jpg,0,0,0
6212,6212,train/ISIC_0030193.jpg,0,0,0
6213,6213,train/ISIC_0032946.jpg,0,0,0
6214,6214,train/ISIC_0028378.jpg,0,0,0
6215,6215,train/ISIC_0029558.jpg,1,0,1
6216,6216,train/ISIC_0030496.jpg,0,0,1
6217,6217,train/ISIC_0028564.jpg,0,0,0
6218,6218,train/ISIC_0027031.jpg,0,0,0
6219,6219,train/ISIC_0029670.jpg,0,0,0
6220,6220,train/ISIC_0032077.jpg,0,0,0
6221,6221,train/ISIC_0029503.jpg,0,0,0
6222,6222,train/ISIC_0029291.jpg,0,0,0
6223,6223,train/ISIC_0029411.jpg,0,0,0
6224,6224,train/ISIC_0033638.jpg,1,0,0
6225,6225,train/ISIC_0032436.jpg,0,0,0
6226,6226,train/ISIC_0030577.jpg,0,0,0
6227,6227,train/ISIC_0027094.jpg,0,0,0
6228,6228,train/ISIC_0027954.jpg,0,0,0
6229,6229,train/ISIC_0027081.jpg,0,0,0
6230,6230,train/ISIC_0026481.jpg,0,0,1
6231,6231,train/ISIC_0033700.jpg,1,0,0
6232,6232,train/ISIC_0024629.jpg,0,0,1
6233,6233,train/ISIC_0027840.jpg,0,0,1
6234,6234,train/ISIC_0024840.jpg,0,0,0
6235,6235,train/ISIC_0031272.jpg,0,0,1
6236,6236,train/ISIC_0032410.jpg,0,0,0
6237,6237,train/ISIC_0029587.jpg,0,0,1
6238,6238,train/ISIC_0027286.jpg,0,0,1
6239,6239,train/ISIC_0030546.jpg,0,0,0
6240,6240,train/ISIC_0031853.jpg,0,0,0
6241,6241,train/ISIC_0031465.jpg,0,0,1
6242,6242,train/ISIC_0028812.jpg,0,0,0
6243,6243,train/ISIC_0027282.jpg,1,0,0
6244,6244,train/ISIC_0029147.jpg,0,0,1
6245,6245,train/ISIC_0026901.jpg,0,0,0
6246,6246,train/ISIC_0025475.jpg,0,0,0
6247,6247,train/ISIC_0027457.jpg,0,0,0
6248,6248,train/ISIC_0034250.jpg,0,0,0
6249,6249,train/ISIC_0028456.jpg,0,0,0
6250,6250,train/ISIC_0029969.jpg,0,0,0
6251,6251,train/ISIC_0027743.jpg,0,0,0
6252,6252,train/ISIC_0024817.jpg,0,0,0
6253,6253,train/ISIC_0032076.jpg,0,0,1
6254,6254,train/ISIC_0026111.jpg,0,0,1
6255,6255,train/ISIC_0032591.jpg,0,0,0
6256,6256,train/ISIC_0030377.jpg,0,0,1
6257,6257,train/ISIC_0032944.jpg,0,0,0
6258,6258,train/ISIC_0031926.jpg,0,0,0
6259,6259,train/ISIC_0027903.jpg,0,0,0
6260,6260,train/ISIC_0034214.jpg,0,0,0
6261,6261,train/ISIC_0033574.jpg,0,0,1
6262,6262,train/ISIC_0031364.jpg,0,0,0
6263,6263,train/ISIC_0028461.jpg,0,0,0
6264,6264,train/ISIC_0031269.jpg,0,0,0
6265,6265,train/ISIC_0029157.jpg,1,0,0
6266,6266,train/ISIC_0034108.jpg,0,0,0
6267,6267,train/ISIC_0029940.jpg,0,0,1
6268,6268,train/ISIC_0025182.jpg,1,0,0
6269,6269,train/ISIC_0029065.jpg,0,0,0
6270,6270,train/ISIC_0033990.jpg,0,0,0
6271,6271,train/ISIC_0024696.jpg,0,0,1
6272,6272,train/ISIC_0028627.jpg,0,0,0
6273,6273,train/ISIC_0031262.jpg,0,0,0
6274,6274,train/ISIC_0024536.jpg,0,0,0
6275,6275,train/ISIC_0027725.jpg,0,0,0
6276,6276,train/ISIC_0026999.jpg,0,0,0
6277,6277,train/ISIC_0025104.jpg,0,0,0
6278,6278,train/ISIC_0034089.jpg,1,0,1
6279,6279,train/ISIC_0029098.jpg,0,0,0
6280,6280,train/ISIC_0026979.jpg,0,0,0
6281,6281,train/ISIC_0032562.jpg,0,0,0
6282,6282,train/ISIC_0032848.jpg,0,0,0
6283,6283,train/ISIC_0034049.jpg,1,0,1
6284,6284,train/ISIC_0027318.jpg,0,0,0
6285,6285,train/ISIC_0025922.jpg,0,0,0
6286,6286,train/ISIC_0024766.jpg,0,0,0
6287,6287,train/ISIC_0028675.jpg,0,0,0
6288,6288,train/ISIC_0029232.jpg,0,0,1
6289,6289,train/ISIC_0034259.jpg,0,0,1
6290,6290,train/ISIC_0028292.jpg,0,0,0
6291,6291,train/ISIC_0031932.jpg,0,0,0
6292,6292,train/ISIC_0026451.jpg,0,0,0
6293,6293,train/ISIC_0033239.jpg,1,0,1
6294,6294,train/ISIC_0033732.jpg,0,0,1
6295,6295,train/ISIC_0032620.jpg,0,0,0
6296,6296,train/ISIC_0030336.jpg,0,0,0
6297,6297,train/ISIC_0032780.jpg,0,0,0
6298,6298,train/ISIC_0029476.jpg,0,0,1
6299,6299,train/ISIC_0026860.jpg,0,0,0
6300,6300,train/ISIC_0030834.jpg,0,0,0
6301,6301,train/ISIC_0033018.jpg,0,0,0
6302,6302,train/ISIC_0032354.jpg,0,0,0
6303,6303,train/ISIC_0025637.jpg,1,0,1
6304,6304,train/ISIC_0030357.jpg,0,0,0
6305,6305,train/ISIC_0025486.jpg,0,0,0
6306,6306,train/ISIC_0032916.jpg,0,0,0
6307,6307,train/ISIC_0032496.jpg,0,0,0
6308,6308,train/ISIC_0025422.jpg,0,0,0
6309,6309,train/ISIC_0024598.jpg,0,0,1
6310,6310,train/ISIC_0029999.jpg,0,0,0
6311,6311,train/ISIC_0034074.jpg,1,0,1
6312,6312,train/ISIC_0032054.jpg,0,0,0
6313,6313,train/ISIC_0025508.jpg,0,0,0
6314,6314,train/ISIC_0027287.jpg,0,0,0
6315,6315,train/ISIC_0032378.jpg,0,0,0
6316,6316,train/ISIC_0025573.jpg,1,0,1
6317,6317,train/ISIC_0030772.jpg,0,0,0
6318,6318,train/ISIC_0033247.jpg,0,0,0
6319,6319,train/ISIC_0030822.jpg,0,0,1
6320,6320,train/ISIC_0028723.jpg,0,0,0
6321,6321,train/ISIC_0032142.jpg,0,0,0
6322,6322,train/ISIC_0028935.jpg,0,0,0
6323,6323,train/ISIC_0034167.jpg,0,0,1
6324,6324,train/ISIC_0032424.jpg,1,0,1
6325,6325,train/ISIC_0028818.jpg,0,0,1
6326,6326,train/ISIC_0030894.jpg,0,0,1
6327,6327,train/ISIC_0028863.jpg,0,0,0
6328,6328,train/ISIC_0033977.jpg,1,0,1
6329,6329,train/ISIC_0029296.jpg,0,0,0
6330,6330,train/ISIC_0032992.jpg,0,0,0
6331,6331,train/ISIC_0032033.jpg,0,0,0
6332,6332,train/ISIC_0026531.jpg,1,0,0
6333,6333,train/ISIC_0033276.jpg,0,0,0
6334,6334,train/ISIC_0026907.jpg,0,0,0
6335,6335,train/ISIC_0034085.jpg,1,0,0
6336,6336,train/ISIC_0026760.jpg,0,0,1
6337,6337,train/ISIC_0027974.jpg,0,0,0
6338,6338,train/ISIC_0030277.jpg,1,0,0
6339,6339,train/ISIC_0029181.jpg,0,0,0
6340,6340,train/ISIC_0025751.jpg,1,0,1
6341,6341,train/ISIC_0033730.jpg,1,0,1
6342,6342,train/ISIC_0032949.jpg,0,0,1
6343,6343,train/ISIC_0032056.jpg,0,0,1
6344,6344,train/ISIC_0029227.jpg,0,0,1
6345,6345,train/ISIC_0026698.jpg,0,0,0
6346,6346,train/ISIC_0027533.jpg,0,0,0
6347,6347,train/ISIC_0033181.jpg,0,0,0
6348,6348,train/ISIC_0031411.jpg,0,0,0
6349,6349,train/ISIC_0033281.jpg,0,0,0
6350,6350,train/ISIC_0033641.jpg,0,0,0
6351,6351,train/ISIC_0028035.jpg,0,0,1
6352,6352,train/ISIC_0033517.jpg,0,0,1
6353,6353,train/ISIC_0030760.jpg,1,0,0
6354,6354,train/ISIC_0029720.jpg,0,0,0
6355,6355,train/ISIC_0025106.jpg,0,0,1
6356,6356,train/ISIC_0031325.jpg,0,0,0
6357,6357,train/ISIC_0027868.jpg,0,0,0
6358,6358,train/ISIC_0024886.jpg,1,0,0
6359,6359,train/ISIC_0024791.jpg,0,0,0
6360,6360,train/ISIC_0026751.jpg,0,0,1
6361,6361,train/ISIC_0032928.jpg,0,0,0
6362,6362,train/ISIC_0025449.jpg,0,0,0
6363,6363,train/ISIC_0032331.jpg,1,0,1
6364,6364,train/ISIC_0027687.jpg,0,0,0
6365,6365,train/ISIC_0024309.jpg,0,0,0
6366,6366,train/ISIC_0032998.jpg,0,0,0
6367,6367,train/ISIC_0034083.jpg,0,0,0
6368,6368,train/ISIC_0029780.jpg,1,0,0
6369,6369,train/ISIC_0028872.jpg,1,0,0
6370,6370,train/ISIC_0024911.jpg,1,0,0
6371,6371,train/ISIC_0029269.jpg,0,0,0
6372,6372,train/ISIC_0031791.jpg,0,0,0
6373,6373,train/ISIC_0025478.jpg,0,0,0
6374,6374,train/ISIC_0028099.jpg,0,0,0
6375,6375,train/ISIC_0029401.jpg,0,0,0
6376,6376,train/ISIC_0033501.jpg,0,0,0
6377,6377,train/ISIC_0029247.jpg,0,0,0
6378,6378,train/ISIC_0034294.jpg,1,0,1
6379,6379,train/ISIC_0027116.jpg,0,0,0
6380,6380,train/ISIC_0033327.jpg,0,0,0
6381,6381,train/ISIC_0028987.jpg,0,0,0
6382,6382,train/ISIC_0027202.jpg,0,0,0
6383,6383,train/ISIC_0029294.jpg,0,0,0
6384,6384,train/ISIC_0034058.jpg,0,0,1
6385,6385,train/ISIC_0029272.jpg,1,0,0
6386,6386,train/ISIC_0031222.jpg,0,0,1
6387,6387,train/ISIC_0029748.jpg,0,0,0
6388,6388,train/ISIC_0033555.jpg,0,0,1
6389,6389,train/ISIC_0027831.jpg,0,0,0
6390,6390,train/ISIC_0032710.jpg,0,0,0
6391,6391,train/ISIC_0026842.jpg,0,0,0
6392,6392,train/ISIC_0028565.jpg,1,0,0
6393,6393,train/ISIC_0025337.jpg,0,0,0
6394,6394,train/ISIC_0031758.jpg,0,0,0
6395,6395,train/ISIC_0028615.jpg,0,0,0
6396,6396,train/ISIC_0024422.jpg,0,0,1
6397,6397,train/ISIC_0032119.jpg,0,0,0
6398,6398,train/ISIC_0027097.jpg,0,0,1
6399,6399,train/ISIC_0024803.jpg,0,0,0
6400,6400,train/ISIC_0033465.jpg,0,0,0
6401,6401,train/ISIC_0025112.jpg,0,0,0
6402,6402,train/ISIC_0025644.jpg,0,0,0
6403,6403,train/ISIC_0024678.jpg,0,0,0
6404,6404,train/ISIC_0027489.jpg,0,0,1
6405,6405,train/ISIC_0027566.jpg,0,0,0
6406,6406,train/ISIC_0030921.jpg,0,0,0
6407,6407,train/ISIC_0030147.jpg,0,0,0
6408,6408,train/ISIC_0029107.jpg,0,0,1
6409,6409,train/ISIC_0032762.jpg,0,0,0
6410,6410,train/ISIC_0033019.jpg,0,0,1
6411,6411,train/ISIC_0028877.jpg,0,0,1
6412,6412,train/ISIC_0025696.jpg,1,0,0
6413,6413,train/ISIC_0030376.jpg,0,0,0
6414,6414,train/ISIC_0027231.jpg,1,0,1
6415,6415,train/ISIC_0029020.jpg,0,0,0
6416,6416,train/ISIC_0025395.jpg,0,0,0
6417,6417,train/ISIC_0032905.jpg,0,0,0
6418,6418,train/ISIC_0025076.jpg,0,0,0
6419,6419,train/ISIC_0024800.jpg,1,0,0
6420,6420,train/ISIC_0029802.jpg,0,0,1
6421,6421,train/ISIC_0025157.jpg,0,0,0
6422,6422,train/ISIC_0030554.jpg,0,0,1
6423,6423,train/ISIC_0024830.jpg,0,0,0
6424,6424,train/ISIC_0029897.jpg,0,0,1
6425,6425,train/ISIC_0030807.jpg,0,0,0
6426,6426,train/ISIC_0031834.jpg,0,0,0
6427,6427,train/ISIC_0026712.jpg,0,0,1
6428,6428,train/ISIC_0027016.jpg,0,0,0
6429,6429,train/ISIC_0024488.jpg,0,0,0
6430,6430,train/ISIC_0027731.jpg,0,0,0
6431,6431,train/ISIC_0028629.jpg,0,0,1
6432,6432,train/ISIC_0026970.jpg,0,0,1
6433,6433,train/ISIC_0028741.jpg,0,0,0
6434,6434,train/ISIC_0025487.jpg,0,0,0
6435,6435,train/ISIC_0029086.jpg,0,0,0
6436,6436,train/ISIC_0024411.jpg,0,0,1
6437,6437,train/ISIC_0024970.jpg,0,0,1
6438,6438,train/ISIC_0033455.jpg,0,0,0
6439,6439,train/ISIC_0024814.jpg,0,0,0
6440,6440,train/ISIC_0027036.jpg,0,0,1
6441,6441,train/ISIC_0027877.jpg,0,0,0
6442,6442,train/ISIC_0027608.jpg,0,0,1
6443,6443,train/ISIC_0025221.jpg,0,0,0
6444,6444,train/ISIC_0028499.jpg,1,0,1
6445,6445,train/ISIC_0025136.jpg,0,0,0
6446,6446,train/ISIC_0024565.jpg,0,0,0
6447,6447,train/ISIC_0026293.jpg,0,0,0
6448,6448,train/ISIC_0034102.jpg,0,0,0
6449,6449,train/ISIC_0032565.jpg,0,0,0
6450,6450,train/ISIC_0028000.jpg,0,0,1
6451,6451,train/ISIC_0029689.jpg,0,0,1
6452,6452,train/ISIC_0030971.jpg,0,0,0
6453,6453,train/ISIC_0034110.jpg,0,0,0
6454,6454,train/ISIC_0024899.jpg,0,0,0
6455,6455,train/ISIC_0027375.jpg,0,0,0
6456,6456,train/ISIC_0025887.jpg,0,0,0
6457,6457,train/ISIC_0028530.jpg,0,0,0
6458,6458,train/ISIC_0032132.jpg,0,0,0
6459,6459,train/ISIC_0030359.jpg,0,0,0
6460,6460,train/ISIC_0031953.jpg,1,0,0
6461,6461,train/ISIC_0031663.jpg,0,0,0
6462,6462,train/ISIC_0025119.jpg,0,0,0
6463,6463,train/ISIC_0026611.jpg,0,0,0
6464,6464,train/ISIC_0025240.jpg,0,0,0
6465,6465,train/ISIC_0027501.jpg,0,0,0
6466,6466,train/ISIC_0026939.jpg,0,0,0
6467,6467,train/ISIC_0031045.jpg,0,0,0
6468,6468,train/ISIC_0025499.jpg,0,0,0
6469,6469,train/ISIC_0033878.jpg,1,0,1
6470,6470,train/ISIC_0031829.jpg,0,0,0
6471,6471,train/ISIC_0025439.jpg,1,0,0
6472,6472,train/ISIC_0031590.jpg,0,0,0
6473,6473,train/ISIC_0034229.jpg,0,0,0
6474,6474,train/ISIC_0032887.jpg,1,0,0
6475,6475,train/ISIC_0026421.jpg,0,0,0
6476,6476,train/ISIC_0029674.jpg,0,0,1
6477,6477,train/ISIC_0028261.jpg,0,0,0
6478,6478,train/ISIC_0032845.jpg,1,0,1
6479,6479,train/ISIC_0027072.jpg,0,0,0
6480,6480,train/ISIC_0032007.jpg,0,0,0
6481,6481,train/ISIC_0031076.jpg,0,0,0
6482,6482,train/ISIC_0029113.jpg,0,0,0
6483,6483,train/ISIC_0028809.jpg,0,0,1
6484,6484,train/ISIC_0029973.jpg,0,0,0
6485,6485,train/ISIC_0025456.jpg,0,0,0
6486,6486,train/ISIC_0031578.jpg,1,0,1
6487,6487,train/ISIC_0024706.jpg,0,0,0
6488,6488,train/ISIC_0025965.jpg,0,0,0
6489,6489,train/ISIC_0026279.jpg,0,0,0
6490,6490,train/ISIC_0024856.jpg,0,0,1
6491,6491,train/ISIC_0032163.jpg,0,0,0
6492,6492,train/ISIC_0028030.jpg,0,0,0
6493,6493,train/ISIC_0030490.jpg,0,0,0
6494,6494,train/ISIC_0029070.jpg,0,0,1
6495,6495,train/ISIC_0026515.jpg,0,0,0
6496,6496,train/ISIC_0025331.jpg,1,0,1
6497,6497,train/ISIC_0033907.jpg,0,0,0
6498,6498,train/ISIC_0027748.jpg,0,0,1
6499,6499,train/ISIC_0031704.jpg,0,0,0
6500,6500,train/ISIC_0026062.jpg,0,0,0
6501,6501,train/ISIC_0033894.jpg,0,0,0
6502,6502,train/ISIC_0031639.jpg,0,0,1
6503,6503,train/ISIC_0025354.jpg,0,0,0
6504,6504,train/ISIC_0029575.jpg,1,0,0
6505,6505,train/ISIC_0033250.jpg,0,0,0
6506,6506,train/ISIC_0027365.jpg,0,0,1
6507,6507,train/ISIC_0033727.jpg,0,0,0
6508,6508,train/ISIC_0027522.jpg,0,0,0
6509,6509,train/ISIC_0033106.jpg,0,0,0
6510,6510,train/ISIC_0028319.jpg,0,0,1
6511,6511,train/ISIC_0027006.jpg,0,0,1
6512,6512,train/ISIC_0032938.jpg,1,0,1
6513,6513,train/ISIC_0027203.jpg,0,0,1
6514,6514,train/ISIC_0025764.jpg,0,0,0
6515,6515,train/ISIC_0025733.jpg,0,0,0
6516,6516,train/ISIC_0029331.jpg,0,0,0
6517,6517,train/ISIC_0030332.jpg,0,0,0
6518,6518,train/ISIC_0029052.jpg,0,0,1
6519,6519,train/ISIC_0031034.jpg,1,0,1
6520,6520,train/ISIC_0028022.jpg,1,0,1
6521,6521,train/ISIC_0024672.jpg,0,0,1
6522,6522,train/ISIC_0031815.jpg,0,0,0
6523,6523,train/ISIC_0029500.jpg,1,0,0
6524,6524,train/ISIC_0027336.jpg,0,0,0
6525,6525,train/ISIC_0029468.jpg,0,0,0
6526,6526,train/ISIC_0026669.jpg,0,0,0
6527,6527,train/ISIC_0032280.jpg,0,0,0
6528,6528,train/ISIC_0028348.jpg,0,0,0
6529,6529,train/ISIC_0027881.jpg,0,0,0
6530,6530,train/ISIC_0032575.jpg,0,0,0
6531,6531,train/ISIC_0032932.jpg,0,0,1
6532,6532,train/ISIC_0033275.jpg,1,0,0
6533,6533,train/ISIC_0025191.jpg,0,0,0
6534,6534,train/ISIC_0031073.jpg,0,0,0
6535,6535,train/ISIC_0025770.jpg,0,0,0
6536,6536,train/ISIC_0025923.jpg,0,0,0
6537,6537,train/ISIC_0025024.jpg,0,0,0
6538,6538,train/ISIC_0026742.jpg,0,0,0
6539,6539,train/ISIC_0025250.jpg,0,0,0
6540,6540,train/ISIC_0028482.jpg,0,0,0
6541,6541,train/ISIC_0028409.jpg,0,0,1
6542,6542,train/ISIC_0029864.jpg,0,0,0
6543,6543,train/ISIC_0027610.jpg,0,0,0
6544,6544,train/ISIC_0033396.jpg,0,0,1
6545,6545,train/ISIC_0031217.jpg,0,0,0
6546,6546,train/ISIC_0032600.jpg,0,0,0
6547,6547,train/ISIC_0031508.jpg,0,0,0
6548,6548,train/ISIC_0028732.jpg,0,0,1
6549,6549,train/ISIC_0032402.jpg,0,0,0
6550,6550,train/ISIC_0031666.jpg,1,0,0
6551,6551,train/ISIC_0029289.jpg,0,0,0
6552,6552,train/ISIC_0026100.jpg,1,0,1
6553,6553,train/ISIC_0030625.jpg,0,0,0
6554,6554,train/ISIC_0030690.jpg,0,0,0
6555,6555,train/ISIC_0025979.jpg,0,0,0
6556,6556,train/ISIC_0026464.jpg,0,0,0
6557,6557,train/ISIC_0030022.jpg,0,0,0
6558,6558,train/ISIC_0025872.jpg,0,0,0
6559,6559,train/ISIC_0027951.jpg,0,0,1
6560,6560,train/ISIC_0033101.jpg,0,0,0
6561,6561,train/ISIC_0025643.jpg,0,0,0
6562,6562,train/ISIC_0025164.jpg,0,0,0
6563,6563,train/ISIC_0029561.jpg,0,0,0
6564,6564,train/ISIC_0025278.jpg,0,0,0
6565,6565,train/ISIC_0029310.jpg,0,0,0
6566,6566,train/ISIC_0025749.jpg,0,0,0
6567,6567,train/ISIC_0032146.jpg,0,0,1
6568,6568,train/ISIC_0032249.jpg,0,0,0
6569,6569,train/ISIC_0030890.jpg,0,0,0
6570,6570,train/ISIC_0028275.jpg,0,0,0
6571,6571,train/ISIC_0025063.jpg,0,0,1
6572,6572,train/ISIC_0033643.jpg,1,0,1
6573,6573,train/ISIC_0029617.jpg,0,0,1
6574,6574,train/ISIC_0028066.jpg,0,0,0
6575,6575,train/ISIC_0029681.jpg,0,0,1
6576,6576,train/ISIC_0033431.jpg,1,0,1
6577,6577,train/ISIC_0029000.jpg,1,0,0
6578,6578,train/ISIC_0030691.jpg,0,0,0
6579,6579,train/ISIC_0025012.jpg,0,0,0
6580,6580,train/ISIC_0031487.jpg,0,0,0
6581,6581,train/ISIC_0029621.jpg,0,0,0
6582,6582,train/ISIC_0028086.jpg,1,0,0
6583,6583,train/ISIC_0028162.jpg,0,0,0
6584,6584,train/ISIC_0025911.jpg,0,0,1
6585,6585,train/ISIC_0025414.jpg,1,0,0
6586,6586,train/ISIC_0031043.jpg,1,0,1
6587,6587,train/ISIC_0027433.jpg,0,0,1
6588,6588,train/ISIC_0033949.jpg,0,0,1
6589,6589,train/ISIC_0029007.jpg,0,0,0
6590,6590,train/ISIC_0025349.jpg,0,0,0
6591,6591,train/ISIC_0028502.jpg,0,0,0
6592,6592,train/ISIC_0028990.jpg,1,0,1
6593,6593,train/ISIC_0031494.jpg,1,0,0
6594,6594,train/ISIC_0031211.jpg,1,0,1
6595,6595,train/ISIC_0029527.jpg,0,0,1
6596,6596,train/ISIC_0028128.jpg,0,0,0
6597,6597,train/ISIC_0025895.jpg,0,0,0
6598,6598,train/ISIC_0031420.jpg,0,0,0
6599,6599,train/ISIC_0027314.jpg,0,0,0
6600,6600,train/ISIC_0032608.jpg,0,0,1
6601,6601,train/ISIC_0025043.jpg,0,0,0
6602,6602,train/ISIC_0029121.jpg,0,0,0
6603,6603,train/ISIC_0028462.jpg,0,0,0
6604,6604,train/ISIC_0024704.jpg,0,0,1
6605,6605,train/ISIC_0033471.jpg,0,0,1
6606,6606,train/ISIC_0027660.jpg,0,0,0
6607,6607,train/ISIC_0025291.jpg,0,0,0
6608,6608,train/ISIC_0030534.jpg,0,0,0
6609,6609,train/ISIC_0033958.jpg,0,0,0
6610,6610,train/ISIC_0033068.jpg,1,0,1
6611,6611,train/ISIC_0027918.jpg,0,0,0
6612,6612,train/ISIC_0029336.jpg,0,0,0
6613,6613,train/ISIC_0026310.jpg,0,0,0
6614,6614,train/ISIC_0027276.jpg,0,0,0
6615,6615,train/ISIC_0031535.jpg,0,0,0
6616,6616,train/ISIC_0030348.jpg,0,0,0
6617,6617,train/ISIC_0033178.jpg,1,0,0
6618,6618,train/ISIC_0029242.jpg,1,0,1
6619,6619,train/ISIC_0026894.jpg,0,0,0
6620,6620,train/ISIC_0030090.jpg,0,0,0
6621,6621,train/ISIC_0028174.jpg,0,0,0
6622,6622,train/ISIC_0026758.jpg,0,0,0
6623,6623,train/ISIC_0025438.jpg,0,0,0
6624,6624,train/ISIC_0024607.jpg,0,0,0
6625,6625,train/ISIC_0032547.jpg,1,0,0
6626,6626,train/ISIC_0027614.jpg,0,0,0
6627,6627,train/ISIC_0028569.jpg,0,0,1
6628,6628,train/ISIC_0032350.jpg,0,0,0
6629,6629,train/ISIC_0024891.jpg,0,0,0
6630,6630,train/ISIC_0033319.jpg,0,0,0
6631,6631,train/ISIC_0033642.jpg,0,0,1
6632,6632,train/ISIC_0032574.jpg,0,0,0
6633,6633,train/ISIC_0031390.jpg,0,0,0
6634,6634,train/ISIC_0028049.jpg,0,0,0
6635,6635,train/ISIC_0034217.jpg,0,0,0
6636,6636,train/ISIC_0031828.jpg,0,0,0
6637,6637,train/ISIC_0025040.jpg,0,0,0
6638,6638,train/ISIC_0027724.jpg,0,0,0
6639,6639,train/ISIC_0024473.jpg,0,0,0
6640,6640,train/ISIC_0033976.jpg,0,0,0
6641,6641,train/ISIC_0026227.jpg,0,0,0
6642,6642,train/ISIC_0031709.jpg,1,0,1
6643,6643,train/ISIC_0026058.jpg,0,0,0
6644,6644,train/ISIC_0031526.jpg,0,0,0
6645,6645,train/ISIC_0033773.jpg,1,0,1
6646,6646,train/ISIC_0031002.jpg,0,0,1
6647,6647,train/ISIC_0033957.jpg,1,0,0
6648,6648,train/ISIC_0024635.jpg,0,0,0
6649,6649,train/ISIC_0028740.jpg,0,0,1
6650,6650,train/ISIC_0033460.jpg,0,0,1
6651,6651,train/ISIC_0026652.jpg,1,0,1
6652,6652,train/ISIC_0028944.jpg,0,0,0
6653,6653,train/ISIC_0029177.jpg,0,0,0
6654,6654,train/ISIC_0029379.jpg,0,0,0
6655,6655,train/ISIC_0028029.jpg,1,0,1
6656,6656,train/ISIC_0026693.jpg,0,0,1
6657,6657,train/ISIC_0031005.jpg,1,0,1
6658,6658,train/ISIC_0026716.jpg,0,0,0
6659,6659,train/ISIC_0033235.jpg,0,0,1
6660,6660,train/ISIC_0027511.jpg,0,0,0
6661,6661,train/ISIC_0025672.jpg,0,0,1
6662,6662,train/ISIC_0031235.jpg,0,0,0
6663,6663,train/ISIC_0033997.jpg,0,0,0
6664,6664,train/ISIC_0029345.jpg,0,0,1
6665,6665,train/ISIC_0024846.jpg,0,0,0
6666,6666,train/ISIC_0031941.jpg,1,0,0
6667,6667,train/ISIC_0024366.jpg,0,0,0
6668,6668,train/ISIC_0032073.jpg,0,0,0
6669,6669,train/ISIC_0024467.jpg,0,0,0
6670,6670,train/ISIC_0024739.jpg,1,0,0
6671,6671,train/ISIC_0026985.jpg,0,0,1
6672,6672,train/ISIC_0033454.jpg,1,0,1
6673,6673,train/ISIC_0025321.jpg,0,0,1
6674,6674,train/ISIC_0033429.jpg,1,0,1
6675,6675,train/ISIC_0033143.jpg,0,0,0
6676,6676,train/ISIC_0031857.jpg,0,0,0
6677,6677,train/ISIC_0026806.jpg,0,0,0
6678,6678,train/ISIC_0029060.jpg,0,0,1
6679,6679,train/ISIC_0030419.jpg,0,0,0
6680,6680,train/ISIC_0031670.jpg,1,0,1
6681,6681,train/ISIC_0028103.jpg,1,0,1
6682,6682,train/ISIC_0025105.jpg,1,0,1
6683,6683,train/ISIC_0033380.jpg,0,0,0
6684,6684,train/ISIC_0030893.jpg,0,0,1
6685,6685,train/ISIC_0030165.jpg,1,0,1
6686,6686,train/ISIC_0027487.jpg,1,0,0
6687,6687,train/ISIC_0034163.jpg,0,0,0
6688,6688,train/ISIC_0026968.jpg,0,0,1
6689,6689,train/ISIC_0031443.jpg,0,0,0
6690,6690,train/ISIC_0033386.jpg,0,0,0
6691,6691,train/ISIC_0031756.jpg,0,0,1
6692,6692,train/ISIC_0025533.jpg,0,0,0
6693,6693,train/ISIC_0031743.jpg,1,0,0
6694,6694,train/ISIC_0031981.jpg,0,0,0
6695,6695,train/ISIC_0028711.jpg,0,0,0
6696,6696,train/ISIC_0033136.jpg,0,0,0
6697,6697,train/ISIC_0026049.jpg,0,0,0
6698,6698,train/ISIC_0031493.jpg,0,0,0
6699,6699,train/ISIC_0033494.jpg,1,0,1
6700,6700,train/ISIC_0027139.jpg,0,0,1
6701,6701,train/ISIC_0031805.jpg,0,0,0
6702,6702,train/ISIC_0034104.jpg,1,0,0
6703,6703,train/ISIC_0026845.jpg,0,0,1
6704,6704,train/ISIC_0026078.jpg,0,0,0
6705,6705,train/ISIC_0033229.jpg,0,0,0
6706,6706,train/ISIC_0030931.jpg,0,0,0
6707,6707,train/ISIC_0026414.jpg,0,0,1
6708,6708,train/ISIC_0032983.jpg,0,0,0
6709,6709,train/ISIC_0029675.jpg,0,0,0
6710,6710,train/ISIC_0024482.jpg,1,0,0
6711,6711,train/ISIC_0032788.jpg,0,0,0
6712,6712,train/ISIC_0024845.jpg,0,0,0
6713,6713,train/ISIC_0031190.jpg,0,0,0
6714,6714,train/ISIC_0032833.jpg,1,0,0
6715,6715,train/ISIC_0030899.jpg,0,0,0
6716,6716,train/ISIC_0030114.jpg,0,0,1
6717,6717,train/ISIC_0033233.jpg,0,0,0
6718,6718,train/ISIC_0028361.jpg,1,0,0
6719,6719,train/ISIC_0034020.jpg,0,0,0
6720,6720,train/ISIC_0033331.jpg,0,0,0
6721,6721,train/ISIC_0030551.jpg,0,0,0
6722,6722,train/ISIC_0029768.jpg,0,0,0
6723,6723,train/ISIC_0025544.jpg,0,0,0
6724,6724,train/ISIC_0030696.jpg,0,0,0
6725,6725,train/ISIC_0027948.jpg,0,0,0
6726,6726,train/ISIC_0027164.jpg,0,0,0
6727,6727,train/ISIC_0032860.jpg,0,0,0
6728,6728,train/ISIC_0032277.jpg,1,0,1
6729,6729,train/ISIC_0028485.jpg,0,0,0
6730,6730,train/ISIC_0028753.jpg,0,0,0
6731,6731,train/ISIC_0029081.jpg,1,0,1
6732,6732,train/ISIC_0026167.jpg,1,0,0
6733,6733,train/ISIC_0025275.jpg,0,0,1
6734,6734,train/ISIC_0026554.jpg,0,0,1
6735,6735,train/ISIC_0025418.jpg,0,0,0
6736,6736,train/ISIC_0030499.jpg,0,0,0
6737,6737,train/ISIC_0027360.jpg,0,0,0
6738,6738,train/ISIC_0027517.jpg,1,0,1
6739,6739,train/ISIC_0026129.jpg,0,0,0
6740,6740,train/ISIC_0031615.jpg,0,0,0
6741,6741,train/ISIC_0032720.jpg,0,0,0
6742,6742,train/ISIC_0026666.jpg,0,0,0
6743,6743,train/ISIC_0026092.jpg,0,0,1
6744,6744,train/ISIC_0029712.jpg,0,0,0
6745,6745,train/ISIC_0030397.jpg,0,0,0
6746,6746,train/ISIC_0033304.jpg,1,0,0
6747,6747,train/ISIC_0028557.jpg,0,0,1
6748,6748,train/ISIC_0031283.jpg,0,0,0
6749,6749,train/ISIC_0031836.jpg,0,0,0
6750,6750,train/ISIC_0025348.jpg,0,0,0
6751,6751,train/ISIC_0029116.jpg,0,0,0
6752,6752,train/ISIC_0028102.jpg,0,0,0
6753,6753,train/ISIC_0025662.jpg,0,0,0
6754,6754,train/ISIC_0028781.jpg,0,0,0
6755,6755,train/ISIC_0033115.jpg,0,0,0
6756,6756,train/ISIC_0024384.jpg,0,0,0
6757,6757,train/ISIC_0025675.jpg,0,0,0
6758,6758,train/ISIC_0030331.jpg,0,0,0
6759,6759,train/ISIC_0026409.jpg,0,0,1
6760,6760,train/ISIC_0031383.jpg,0,0,0
6761,6761,train/ISIC_0028807.jpg,0,0,1
6762,6762,train/ISIC_0030662.jpg,0,0,0
6763,6763,train/ISIC_0033252.jpg,0,0,0
6764,6764,train/ISIC_0026701.jpg,0,0,0
6765,6765,train/ISIC_0029773.jpg,0,0,1
6766,6766,train/ISIC_0028305.jpg,0,0,0
6767,6767,train/ISIC_0027311.jpg,0,0,0
6768,6768,train/ISIC_0030153.jpg,0,0,0
6769,6769,train/ISIC_0024843.jpg,1,0,1
6770,6770,train/ISIC_0029943.jpg,0,0,0
6771,6771,train/ISIC_0026015.jpg,0,0,1
6772,6772,train/ISIC_0025140.jpg,0,0,1
6773,6773,train/ISIC_0024626.jpg,0,0,1
6774,6774,train/ISIC_0033591.jpg,0,0,1
6775,6775,train/ISIC_0024922.jpg,0,0,0
6776,6776,train/ISIC_0031001.jpg,0,0,0
6777,6777,train/ISIC_0028720.jpg,0,0,0
6778,6778,train/ISIC_0025766.jpg,1,0,0
6779,6779,train/ISIC_0027539.jpg,0,0,0
6780,6780,train/ISIC_0024810.jpg,0,0,0
6781,6781,train/ISIC_0028042.jpg,0,0,0
6782,6782,train/ISIC_0032820.jpg,0,0,0
6783,6783,train/ISIC_0032001.jpg,0,0,0
6784,6784,train/ISIC_0028644.jpg,1,0,1
6785,6785,train/ISIC_0027347.jpg,0,0,0
6786,6786,train/ISIC_0027766.jpg,0,0,1
6787,6787,train/ISIC_0031845.jpg,0,0,0
6788,6788,train/ISIC_0026081.jpg,1,0,0
6789,6789,train/ISIC_0032018.jpg,0,0,0
6790,6790,train/ISIC_0030583.jpg,0,0,0
6791,6791,train/ISIC_0028782.jpg,0,0,0
6792,6792,train/ISIC_0028575.jpg,0,0,0
6793,6793,train/ISIC_0030503.jpg,0,0,0
6794,6794,train/ISIC_0027938.jpg,0,0,0
6795,6795,train/ISIC_0032413.jpg,0,0,0
6796,6796,train/ISIC_0029024.jpg,0,0,0
6797,6797,train/ISIC_0024918.jpg,1,0,0
6798,6798,train/ISIC_0026532.jpg,0,0,1
6799,6799,train/ISIC_0025247.jpg,1,0,1
6800,6800,train/ISIC_0032498.jpg,0,0,0
6801,6801,train/ISIC_0025216.jpg,0,0,0
6802,6802,train/ISIC_0025004.jpg,0,0,0
6803,6803,train/ISIC_0024967.jpg,1,0,0
6804,6804,train/ISIC_0030536.jpg,0,0,0
6805,6805,train/ISIC_0029968.jpg,0,0,0
6806,6806,train/ISIC_0031000.jpg,0,0,1
6807,6807,train/ISIC_0030014.jpg,1,0,0
6808,6808,train/ISIC_0032851.jpg,0,0,0
6809,6809,train/ISIC_0028289.jpg,0,0,0
6810,6810,train/ISIC_0025306.jpg,0,0,0
6811,6811,train/ISIC_0030784.jpg,1,0,1
6812,6812,train/ISIC_0032735.jpg,0,0,0
6813,6813,train/ISIC_0031106.jpg,0,0,0
6814,6814,train/ISIC_0024617.jpg,0,0,0
6815,6815,train/ISIC_0026386.jpg,0,0,0
6816,6816,train/ISIC_0032817.jpg,0,0,0
6817,6817,train/ISIC_0028336.jpg,0,0,0
6818,6818,train/ISIC_0031945.jpg,0,0,1
6819,6819,train/ISIC_0024562.jpg,1,0,1
6820,6820,train/ISIC_0032225.jpg,0,0,1
6821,6821,train/ISIC_0032927.jpg,1,0,0
6822,6822,train/ISIC_0032186.jpg,0,0,1
6823,6823,train/ISIC_0025238.jpg,1,0,0
6824,6824,train/ISIC_0027749.jpg,0,0,0
6825,6825,train/ISIC_0026000.jpg,0,0,1
6826,6826,train/ISIC_0025704.jpg,0,0,0
6827,6827,train/ISIC_0027692.jpg,0,0,0
6828,6828,train/ISIC_0029907.jpg,0,0,0
6829,6829,train/ISIC_0030025.jpg,0,0,0
6830,6830,train/ISIC_0030937.jpg,0,0,1
6831,6831,train/ISIC_0027744.jpg,0,0,0
6832,6832,train/ISIC_0028182.jpg,0,0,0
6833,6833,train/ISIC_0024412.jpg,0,0,0
6834,6834,train/ISIC_0026048.jpg,0,0,1
6835,6835,train/ISIC_0027668.jpg,1,0,0
6836,6836,train/ISIC_0030862.jpg,0,0,0
6837,6837,train/ISIC_0024818.jpg,0,0,0
6838,6838,train/ISIC_0030497.jpg,0,0,0
6839,6839,train/ISIC_0034162.jpg,1,0,1
6840,6840,train/ISIC_0025325.jpg,0,0,0
6841,6841,train/ISIC_0031593.jpg,0,0,1
6842,6842,train/ISIC_0027718.jpg,0,0,0
6843,6843,train/ISIC_0029826.jpg,0,0,0
6844,6844,train/ISIC_0027599.jpg,0,0,0
6845,6845,train/ISIC_0031423.jpg,0,0,0
6846,6846,train/ISIC_0026371.jpg,0,0,0
6847,6847,train/ISIC_0024702.jpg,1,0,0
6848,6848,train/ISIC_0027779.jpg,0,0,1
6849,6849,train/ISIC_0026449.jpg,0,0,0
6850,6850,train/ISIC_0033886.jpg,1,0,0
6851,6851,train/ISIC_0031004.jpg,0,0,1
6852,6852,train/ISIC_0026984.jpg,1,0,0
6853,6853,train/ISIC_0026682.jpg,0,0,0
6854,6854,train/ISIC_0033383.jpg,0,0,0
6855,6855,train/ISIC_0032611.jpg,0,0,1
6856,6856,train/ISIC_0025649.jpg,0,0,0
6857,6857,train/ISIC_0033322.jpg,0,0,1
6858,6858,train/ISIC_0033871.jpg,1,0,0
6859,6859,train/ISIC_0027285.jpg,0,0,0
6860,6860,train/ISIC_0024921.jpg,0,0,0
6861,6861,train/ISIC_0033731.jpg,0,0,0
6862,6862,train/ISIC_0033745.jpg,0,0,0
6863,6863,train/ISIC_0028496.jpg,0,0,1
6864,6864,train/ISIC_0030938.jpg,0,0,1
6865,6865,train/ISIC_0032372.jpg,1,0,0
6866,6866,train/ISIC_0033368.jpg,1,0,0
6867,6867,train/ISIC_0029778.jpg,0,0,1
6868,6868,train/ISIC_0025890.jpg,0,0,0
6869,6869,train/ISIC_0026222.jpg,0,0,1
6870,6870,train/ISIC_0029787.jpg,0,0,0
6871,6871,train/ISIC_0027320.jpg,0,0,1
6872,6872,train/ISIC_0026816.jpg,0,0,0
6873,6873,train/ISIC_0033561.jpg,0,0,0
6874,6874,train/ISIC_0025625.jpg,0,0,0
6875,6875,train/ISIC_0033819.jpg,1,0,0
6876,6876,train/ISIC_0031780.jpg,0,0,0
6877,6877,train/ISIC_0031162.jpg,0,0,0
6878,6878,train/ISIC_0029984.jpg,0,0,0
6879,6879,train/ISIC_0025877.jpg,0,0,0
6880,6880,train/ISIC_0034317.jpg,1,0,1
6881,6881,train/ISIC_0033979.jpg,0,0,1
6882,6882,train/ISIC_0032831.jpg,0,0,1
6883,6883,train/ISIC_0028605.jpg,0,0,0
6884,6884,train/ISIC_0031540.jpg,0,0,1
6885,6885,train/ISIC_0026200.jpg,0,0,0
6886,6886,train/ISIC_0031060.jpg,0,0,1
6887,6887,train/ISIC_0033618.jpg,0,0,0
6888,6888,train/ISIC_0030269.jpg,0,0,1
6889,6889,train/ISIC_0029567.jpg,1,0,1
6890,6890,train/ISIC_0028736.jpg,0,0,0
6891,6891,train/ISIC_0034232.jpg,0,0,0
6892,6892,train/ISIC_0027404.jpg,0,0,0
6893,6893,train/ISIC_0028311.jpg,0,0,0
6894,6894,train/ISIC_0027516.jpg,0,0,0
6895,6895,train/ISIC_0024436.jpg,0,0,1
6896,6896,train/ISIC_0028472.jpg,0,0,0
6897,6897,train/ISIC_0033449.jpg,0,0,1
6898,6898,train/ISIC_0033058.jpg,0,0,0
6899,6899,train/ISIC_0033105.jpg,0,0,0
6900,6900,train/ISIC_0029878.jpg,0,0,0
6901,6901,train/ISIC_0031720.jpg,0,0,0
6902,6902,train/ISIC_0030828.jpg,1,0,1
6903,6903,train/ISIC_0033562.jpg,1,0,0
6904,6904,train/ISIC_0026484.jpg,0,0,0
6905,6905,train/ISIC_0030227.jpg,0,0,1
6906,6906,train/ISIC_0033251.jpg,0,0,0
6907,6907,train/ISIC_0034156.jpg,0,0,0
6908,6908,train/ISIC_0026811.jpg,1,0,0
6909,6909,train/ISIC_0032226.jpg,0,0,0
6910,6910,train/ISIC_0025870.jpg,0,0,1
6911,6911,train/ISIC_0027133.jpg,0,0,0
6912,6912,train/ISIC_0029485.jpg,0,0,0
6913,6913,train/ISIC_0025860.jpg,0,0,0
6914,6914,train/ISIC_0025952.jpg,0,0,0
6915,6915,train/ISIC_0026397.jpg,0,0,1
6916,6916,train/ISIC_0029633.jpg,0,0,0
6917,6917,train/ISIC_0029318.jpg,1,0,0
6918,6918,train/ISIC_0032334.jpg,0,0,0
6919,6919,train/ISIC_0030687.jpg,0,0,1
6920,6920,train/ISIC_0028455.jpg,0,0,0
6921,6921,train/ISIC_0025903.jpg,0,0,0
6922,6922,train/ISIC_0031672.jpg,1,0,0
6923,6923,train/ISIC_0030955.jpg,0,0,0
6924,6924,train/ISIC_0031135.jpg,0,0,0
6925,6925,train/ISIC_0025621.jpg,0,0,0
6926,6926,train/ISIC_0025744.jpg,1,0,1
6927,6927,train/ISIC_0028815.jpg,0,0,1
6928,6928,train/ISIC_0033053.jpg,0,0,0
6929,6929,train/ISIC_0026942.jpg,0,0,0
6930,6930,train/ISIC_0025527.jpg,0,0,1
6931,6931,train/ISIC_0028142.jpg,0,0,0
6932,6932,train/ISIC_0033169.jpg,0,0,1
6933,6933,train/ISIC_0027816.jpg,0,0,0
6934,6934,train/ISIC_0033005.jpg,0,0,0
6935,6935,train/ISIC_0032046.jpg,1,0,1
6936,6936,train/ISIC_0026211.jpg,0,0,0
6937,6937,train/ISIC_0025098.jpg,0,0,0
6938,6938,train/ISIC_0032586.jpg,1,0,1
6939,6939,train/ISIC_0031734.jpg,0,0,0
6940,6940,train/ISIC_0028471.jpg,0,0,0
6941,6941,train/ISIC_0026208.jpg,0,0,0
6942,6942,train/ISIC_0027234.jpg,1,0,1
6943,6943,train/ISIC_0025698.jpg,0,0,0
6944,6944,train/ISIC_0025038.jpg,0,0,0
6945,6945,train/ISIC_0028906.jpg,0,0,1
6946,6946,train/ISIC_0026582.jpg,0,0,0
6947,6947,train/ISIC_0032272.jpg,0,0,0
6948,6948,train/ISIC_0028421.jpg,0,0,0
6949,6949,train/ISIC_0033987.jpg,0,0,1
6950,6950,train/ISIC_0026333.jpg,0,0,0
6951,6951,train/ISIC_0033420.jpg,0,0,1
6952,6952,train/ISIC_0030237.jpg,0,0,0
6953,6953,train/ISIC_0031507.jpg,0,0,1
6954,6954,train/ISIC_0032368.jpg,0,0,0
6955,6955,train/ISIC_0031330.jpg,0,0,0
6956,6956,train/ISIC_0027604.jpg,1,0,1
6957,6957,train/ISIC_0031167.jpg,0,0,0
6958,6958,train/ISIC_0030853.jpg,0,0,0
6959,6959,train/ISIC_0027612.jpg,0,0,0
6960,6960,train/ISIC_0025812.jpg,0,0,0
6961,6961,train/ISIC_0033057.jpg,0,0,0
6962,6962,train/ISIC_0031468.jpg,0,0,1
6963,6963,train/ISIC_0031916.jpg,0,0,0
6964,6964,train/ISIC_0026724.jpg,0,0,0
6965,6965,train/ISIC_0024324.jpg,0,0,1
6966,6966,train/ISIC_0033292.jpg,0,0,0
6967,6967,train/ISIC_0027115.jpg,0,0,0
6968,6968,train/ISIC_0034091.jpg,0,0,0
6969,6969,train/ISIC_0024677.jpg,0,0,0
6970,6970,train/ISIC_0033467.jpg,0,0,0
6971,6971,train/ISIC_0025096.jpg,0,0,0
6972,6972,train/ISIC_0027773.jpg,0,0,0
6973,6973,train/ISIC_0029246.jpg,0,0,0
6974,6974,train/ISIC_0030550.jpg,0,0,0
6975,6975,train/ISIC_0030062.jpg,0,0,0
6976,6976,train/ISIC_0028396.jpg,0,0,1
6977,6977,train/ISIC_0032521.jpg,0,0,0
6978,6978,train/ISIC_0026775.jpg,0,0,1
6979,6979,train/ISIC_0030370.jpg,0,0,0
6980,6980,train/ISIC_0026166.jpg,0,0,0
6981,6981,train/ISIC_0027544.jpg,0,0,0
6982,6982,train/ISIC_0024778.jpg,0,0,0
6983,6983,train/ISIC_0034204.jpg,0,0,0
6984,6984,train/ISIC_0025289.jpg,0,0,0
6985,6985,train/ISIC_0028478.jpg,0,0,1
6986,6986,train/ISIC_0024321.jpg,0,0,0
6987,6987,train/ISIC_0031092.jpg,0,0,0
6988,6988,train/ISIC_0029048.jpg,0,0,0
6989,6989,train/ISIC_0030322.jpg,0,0,0
6990,6990,train/ISIC_0029122.jpg,0,0,1
6991,6991,train/ISIC_0030878.jpg,0,0,0
6992,6992,train/ISIC_0030671.jpg,0,0,0
6993,6993,train/ISIC_0026422.jpg,0,0,1
6994,6994,train/ISIC_0027787.jpg,0,0,0
6995,6995,train/ISIC_0034295.jpg,0,0,0
6996,6996,train/ISIC_0026542.jpg,0,0,0
6997,6997,train/ISIC_0026478.jpg,0,0,0
6998,6998,train/ISIC_0030262.jpg,0,0,0
6999,6999,train/ISIC_0026971.jpg,0,0,0
7000,7000,train/ISIC_0029482.jpg,0,0,0
7001,7001,train/ISIC_0032310.jpg,0,0,0
7002,7002,train/ISIC_0028548.jpg,1,0,0
7003,7003,train/ISIC_0028528.jpg,0,0,1
7004,7004,train/ISIC_0026185.jpg,0,0,0
7005,7005,train/ISIC_0033911.jpg,1,0,0
7006,7006,train/ISIC_0027233.jpg,0,0,0
7007,7007,train/ISIC_0029163.jpg,1,0,1
7008,7008,train/ISIC_0033903.jpg,0,0,0
7009,7009,train/ISIC_0033612.jpg,1,0,0
7010,7010,train/ISIC_0030104.jpg,0,0,1
7011,7011,train/ISIC_0033883.jpg,1,0,0
7012,7012,train/ISIC_0029286.jpg,0,0,0
7013,7013,train/ISIC_0027067.jpg,1,0,1
7014,7014,train/ISIC_0028081.jpg,0,0,0
7015,7015,train/ISIC_0032612.jpg,0,0,0
7016,7016,train/ISIC_0029830.jpg,1,0,0
7017,7017,train/ISIC_0030820.jpg,0,0,0
7018,7018,train/ISIC_0033651.jpg,1,0,0
7019,7019,train/ISIC_0025961.jpg,0,0,0
7020,7020,train/ISIC_0032461.jpg,0,0,0
7021,7021,train/ISIC_0026098.jpg,0,0,0
7022,7022,train/ISIC_0027058.jpg,0,0,1
7023,7023,train/ISIC_0033758.jpg,0,0,0
7024,7024,train/ISIC_0027199.jpg,0,0,0
7025,7025,train/ISIC_0031435.jpg,0,0,0
7026,7026,train/ISIC_0032781.jpg,0,0,1
7027,7027,train/ISIC_0026460.jpg,0,0,0
7028,7028,train/ISIC_0031607.jpg,0,0,0
7029,7029,train/ISIC_0030710.jpg,0,0,0
7030,7030,train/ISIC_0034094.jpg,1,0,0
7031,7031,train/ISIC_0025679.jpg,0,0,0
7032,7032,train/ISIC_0033519.jpg,0,0,0
7033,7033,train/ISIC_0027049.jpg,0,0,0
7034,7034,train/ISIC_0034242.jpg,1,0,0
7035,7035,train/ISIC_0032488.jpg,0,0,0
7036,7036,train/ISIC_0032775.jpg,0,0,0
7037,7037,train/ISIC_0030141.jpg,0,0,0
7038,7038,train/ISIC_0024714.jpg,0,0,1
7039,7039,train/ISIC_0031150.jpg,0,0,1
7040,7040,train/ISIC_0031585.jpg,0,0,0
7041,7041,train/ISIC_0029577.jpg,0,0,1
7042,7042,train/ISIC_0025897.jpg,0,0,1
7043,7043,train/ISIC_0026640.jpg,0,0,0
7044,7044,train/ISIC_0031371.jpg,0,0,0
7045,7045,train/ISIC_0024789.jpg,0,0,0
7046,7046,train/ISIC_0024386.jpg,0,0,0
7047,7047,train/ISIC_0024478.jpg,0,0,0
7048,7048,train/ISIC_0027663.jpg,1,0,0
7049,7049,train/ISIC_0034303.jpg,0,0,1
7050,7050,train/ISIC_0030521.jpg,1,0,0
7051,7051,train/ISIC_0025599.jpg,0,0,0
7052,7052,train/ISIC_0025336.jpg,0,0,0
7053,7053,train/ISIC_0025592.jpg,1,0,0
7054,7054,train/ISIC_0032950.jpg,0,0,0
7055,7055,train/ISIC_0033954.jpg,0,0,0
7056,7056,train/ISIC_0032839.jpg,0,0,1
7057,7057,train/ISIC_0030779.jpg,0,0,1
7058,7058,train/ISIC_0033343.jpg,0,0,0
7059,7059,train/ISIC_0026019.jpg,0,0,0
7060,7060,train/ISIC_0034207.jpg,0,0,0
7061,7061,train/ISIC_0029127.jpg,0,0,0
7062,7062,train/ISIC_0033241.jpg,1,0,0
7063,7063,train/ISIC_0026095.jpg,0,0,0
7064,7064,train/ISIC_0034100.jpg,1,0,1
7065,7065,train/ISIC_0029771.jpg,0,0,0
7066,7066,train/ISIC_0027176.jpg,0,0,0
7067,7067,train/ISIC_0024365.jpg,0,0,0
7068,7068,train/ISIC_0032815.jpg,0,0,0
7069,7069,train/ISIC_0030568.jpg,0,0,0
7070,7070,train/ISIC_0033098.jpg,0,0,0
7071,7071,train/ISIC_0031726.jpg,0,0,0
7072,7072,train/ISIC_0032283.jpg,0,0,1
7073,7073,train/ISIC_0029761.jpg,0,0,0
7074,7074,train/ISIC_0024904.jpg,0,0,1
7075,7075,train/ISIC_0027546.jpg,0,0,1
7076,7076,train/ISIC_0026653.jpg,0,0,0
7077,7077,train/ISIC_0030797.jpg,0,0,0
7078,7078,train/ISIC_0034033.jpg,0,0,0
7079,7079,train/ISIC_0028933.jpg,0,0,0
7080,7080,train/ISIC_0028870.jpg,0,0,1
7081,7081,train/ISIC_0024402.jpg,0,0,0
7082,7082,train/ISIC_0028991.jpg,0,0,0
7083,7083,train/ISIC_0028856.jpg,0,0,1
7084,7084,train/ISIC_0029989.jpg,0,0,0
7085,7085,train/ISIC_0025891.jpg,1,0,1
7086,7086,train/ISIC_0033858.jpg,0,0,0
7087,7087,train/ISIC_0032523.jpg,0,0,1
7088,7088,train/ISIC_0029910.jpg,0,0,0
7089,7089,train/ISIC_0030667.jpg,0,0,0
7090,7090,train/ISIC_0031940.jpg,1,0,0
7091,7091,train/ISIC_0029865.jpg,0,0,0
7092,7092,train/ISIC_0030005.jpg,0,0,1
7093,7093,train/ISIC_0032670.jpg,0,0,0
7094,7094,train/ISIC_0027432.jpg,0,0,0
7095,7095,train/ISIC_0029465.jpg,0,0,1
7096,7096,train/ISIC_0027972.jpg,0,0,0
7097,7097,train/ISIC_0028970.jpg,0,0,1
7098,7098,train/ISIC_0025445.jpg,0,0,0
7099,7099,train/ISIC_0028512.jpg,1,0,0
7100,7100,train/ISIC_0032616.jpg,0,0,0
7101,7101,train/ISIC_0025539.jpg,1,0,1
7102,7102,train/ISIC_0031358.jpg,0,0,1
7103,7103,train/ISIC_0026179.jpg,0,0,0
7104,7104,train/ISIC_0026745.jpg,1,0,1
7105,7105,train/ISIC_0033827.jpg,0,0,0
7106,7106,train/ISIC_0030907.jpg,0,0,0
7107,7107,train/ISIC_0033720.jpg,0,0,1
7108,7108,train/ISIC_0030231.jpg,0,0,0
7109,7109,train/ISIC_0024462.jpg,0,0,0
7110,7110,train/ISIC_0028801.jpg,0,0,0
7111,7111,train/ISIC_0026319.jpg,1,0,1
7112,7112,train/ISIC_0025172.jpg,0,0,0
7113,7113,train/ISIC_0026247.jpg,1,0,1
7114,7114,train/ISIC_0030912.jpg,0,0,1
7115,7115,train/ISIC_0030703.jpg,0,0,0
7116,7116,train/ISIC_0026008.jpg,0,0,1
7117,7117,train/ISIC_0030138.jpg,0,0,0
7118,7118,train/ISIC_0032598.jpg,1,0,0
7119,7119,train/ISIC_0031319.jpg,0,0,0
7120,7120,train/ISIC_0034115.jpg,0,0,0
7121,7121,train/ISIC_0033041.jpg,0,0,0
7122,7122,train/ISIC_0024584.jpg,0,0,0
7123,7123,train/ISIC_0027690.jpg,0,0,0
7124,7124,train/ISIC_0024421.jpg,0,0,0
7125,7125,train/ISIC_0026424.jpg,0,0,0
7126,7126,train/ISIC_0027969.jpg,0,0,1
7127,7127,train/ISIC_0028190.jpg,1,0,0
7128,7128,train/ISIC_0028943.jpg,0,0,1
7129,7129,train/ISIC_0027827.jpg,0,0,0
7130,7130,train/ISIC_0031466.jpg,0,0,0
7131,7131,train/ISIC_0032116.jpg,0,0,1
7132,7132,train/ISIC_0032630.jpg,1,0,1
7133,7133,train/ISIC_0028916.jpg,1,0,0
7134,7134,train/ISIC_0033212.jpg,0,0,0
7135,7135,train/ISIC_0030470.jpg,0,0,0
7136,7136,train/ISIC_0028829.jpg,0,0,0
7137,7137,train/ISIC_0028633.jpg,0,0,0
7138,7138,train/ISIC_0032295.jpg,0,0,0
7139,7139,train/ISIC_0026779.jpg,0,0,0
7140,7140,train/ISIC_0024573.jpg,0,0,1
7141,7141,train/ISIC_0029118.jpg,0,0,0
7142,7142,train/ISIC_0031605.jpg,0,0,0
7143,7143,train/ISIC_0031363.jpg,0,0,0
7144,7144,train/ISIC_0031716.jpg,0,0,1
7145,7145,train/ISIC_0028074.jpg,0,0,0
7146,7146,train/ISIC_0029536.jpg,0,0,1
7147,7147,train/ISIC_0029029.jpg,0,0,0
7148,7148,train/ISIC_0029481.jpg,0,0,0
7149,7149,train/ISIC_0027556.jpg,0,0,0
7150,7150,train/ISIC_0032506.jpg,0,0,0
7151,7151,train/ISIC_0031887.jpg,0,0,0
7152,7152,train/ISIC_0030194.jpg,0,0,0
7153,7153,train/ISIC_0030441.jpg,0,0,0
7154,7154,train/ISIC_0030516.jpg,0,0,0
7155,7155,train/ISIC_0026961.jpg,0,0,1
7156,7156,train/ISIC_0029442.jpg,0,0,0
7157,7157,train/ISIC_0032934.jpg,0,0,0
7158,7158,train/ISIC_0033424.jpg,1,0,0
7159,7159,train/ISIC_0027879.jpg,0,0,0
7160,7160,train/ISIC_0025993.jpg,0,0,0
7161,7161,train/ISIC_0030402.jpg,0,0,0
7162,7162,train/ISIC_0033001.jpg,0,0,1
7163,7163,train/ISIC_0026433.jpg,0,0,1
7164,7164,train/ISIC_0033608.jpg,0,0,0
7165,7165,train/ISIC_0031772.jpg,0,0,0
7166,7166,train/ISIC_0030132.jpg,0,0,0
7167,7167,train/ISIC_0033775.jpg,0,0,0
7168,7168,train/ISIC_0024742.jpg,0,0,0
7169,7169,train/ISIC_0028764.jpg,1,0,1
7170,7170,train/ISIC_0031338.jpg,0,0,0
7171,7171,train/ISIC_0028719.jpg,0,0,1
7172,7172,train/ISIC_0029355.jpg,0,0,0
7173,7173,train/ISIC_0025549.jpg,0,0,0
7174,7174,train/ISIC_0033438.jpg,0,0,0
7175,7175,train/ISIC_0025360.jpg,0,0,0
7176,7176,train/ISIC_0029688.jpg,0,0,0
7177,7177,train/ISIC_0033860.jpg,0,0,0
7178,7178,train/ISIC_0025691.jpg,0,0,0
7179,7179,train/ISIC_0027246.jpg,0,0,0
7180,7180,train/ISIC_0026130.jpg,0,0,0
7181,7181,train/ISIC_0034316.jpg,1,0,1
7182,7182,train/ISIC_0026571.jpg,1,0,0
7183,7183,train/ISIC_0026766.jpg,0,0,1
7184,7184,train/ISIC_0026654.jpg,0,0,1
7185,7185,train/ISIC_0031557.jpg,1,0,1
7186,7186,train/ISIC_0029883.jpg,0,0,0
7187,7187,train/ISIC_0025493.jpg,0,0,0
7188,7188,train/ISIC_0033045.jpg,0,0,0
7189,7189,train/ISIC_0027145.jpg,0,0,0
7190,7190,train/ISIC_0029998.jpg,0,0,1
7191,7191,train/ISIC_0032767.jpg,0,0,1
7192,7192,train/ISIC_0026932.jpg,0,0,0
7193,7193,train/ISIC_0028676.jpg,0,0,0
7194,7194,train/ISIC_0026134.jpg,0,0,0
7195,7195,train/ISIC_0031387.jpg,0,0,0
7196,7196,train/ISIC_0031270.jpg,0,0,0
7197,7197,train/ISIC_0027279.jpg,0,0,1
7198,7198,train/ISIC_0026415.jpg,0,0,0
7199,7199,train/ISIC_0029678.jpg,0,0,1
7200,7200,train/ISIC_0025332.jpg,0,0,0
7201,7201,train/ISIC_0030802.jpg,0,0,1
7202,7202,train/ISIC_0033356.jpg,0,0,0
7203,7203,train/ISIC_0026986.jpg,0,0,0
7204,7204,train/ISIC_0033992.jpg,0,0,0
7205,7205,train/ISIC_0029315.jpg,1,0,1
7206,7206,train/ISIC_0027499.jpg,0,0,0
7207,7207,train/ISIC_0027249.jpg,0,0,0
7208,7208,train/ISIC_0026946.jpg,0,0,0
7209,7209,train/ISIC_0029073.jpg,0,0,0
7210,7210,train/ISIC_0026074.jpg,0,0,0
7211,7211,train/ISIC_0025605.jpg,1,0,0
7212,7212,train/ISIC_0027474.jpg,0,0,0
7213,7213,train/ISIC_0032375.jpg,0,0,0
7214,7214,train/ISIC_0026427.jpg,0,0,0
7215,7215,train/ISIC_0031281.jpg,0,0,0
7216,7216,train/ISIC_0031317.jpg,0,0,0
7217,7217,train/ISIC_0030928.jpg,0,0,0
7218,7218,train/ISIC_0031402.jpg,0,0,0
7219,7219,train/ISIC_0029598.jpg,1,0,0
7220,7220,train/ISIC_0026755.jpg,0,0,0
7221,7221,train/ISIC_0029508.jpg,0,0,1
7222,7222,train/ISIC_0025219.jpg,1,0,1
7223,7223,train/ISIC_0034256.jpg,1,0,1
7224,7224,train/ISIC_0028036.jpg,0,0,1
7225,7225,train/ISIC_0031641.jpg,0,0,0
7226,7226,train/ISIC_0027736.jpg,0,0,0
7227,7227,train/ISIC_0025302.jpg,0,0,0
7228,7228,train/ISIC_0028041.jpg,1,0,0
7229,7229,train/ISIC_0027808.jpg,0,0,0
7230,7230,train/ISIC_0026525.jpg,1,0,0
7231,7231,train/ISIC_0033673.jpg,0,0,0
7232,7232,train/ISIC_0034281.jpg,0,0,0
7233,7233,train/ISIC_0027709.jpg,0,0,0
7234,7234,train/ISIC_0025754.jpg,0,0,1
7235,7235,train/ISIC_0032803.jpg,0,0,0
7236,7236,train/ISIC_0032737.jpg,0,0,0
7237,7237,train/ISIC_0033205.jpg,0,0,0
7238,7238,train/ISIC_0032414.jpg,0,0,1
7239,7239,train/ISIC_0025996.jpg,1,0,0
7240,7240,train/ISIC_0025460.jpg,0,0,0
7241,7241,train/ISIC_0033479.jpg,1,0,0
7242,7242,train/ISIC_0030725.jpg,0,0,0
7243,7243,train/ISIC_0032534.jpg,0,0,0
7244,7244,train/ISIC_0025752.jpg,0,0,1
7245,7245,train/ISIC_0026237.jpg,0,0,0
7246,7246,train/ISIC_0027274.jpg,0,0,0
7247,7247,train/ISIC_0032475.jpg,0,0,0
7248,7248,train/ISIC_0029685.jpg,0,0,0
7249,7249,train/ISIC_0027531.jpg,0,0,1
7250,7250,train/ISIC_0027196.jpg,0,0,0
7251,7251,train/ISIC_0025137.jpg,0,0,0
7252,7252,train/ISIC_0027567.jpg,0,0,0
7253,7253,train/ISIC_0031336.jpg,0,0,0
7254,7254,train/ISIC_0028252.jpg,0,0,0
7255,7255,train/ISIC_0025799.jpg,0,0,1
7256,7256,train/ISIC_0028696.jpg,1,0,1
7257,7257,train/ISIC_0032793.jpg,0,0,0
7258,7258,train/ISIC_0034211.jpg,1,0,0
7259,7259,train/ISIC_0027645.jpg,0,0,0
7260,7260,train/ISIC_0030136.jpg,0,0,0
7261,7261,train/ISIC_0026588.jpg,0,0,0
7262,7262,train/ISIC_0025281.jpg,0,0,0
7263,7263,train/ISIC_0026826.jpg,0,0,0
7264,7264,train/ISIC_0027654.jpg,0,0,0
7265,7265,train/ISIC_0027002.jpg,0,0,0
7266,7266,train/ISIC_0029958.jpg,1,0,1
7267,7267,train/ISIC_0030198.jpg,0,0,0
7268,7268,train/ISIC_0029326.jpg,0,0,0
7269,7269,train/ISIC_0025279.jpg,0,0,0
7270,7270,train/ISIC_0029080.jpg,0,0,1
7271,7271,train/ISIC_0027696.jpg,0,0,0
7272,7272,train/ISIC_0033980.jpg,1,0,0
7273,7273,train/ISIC_0032559.jpg,1,0,0
7274,7274,train/ISIC_0024657.jpg,0,0,0
7275,7275,train/ISIC_0027186.jpg,0,0,0
7276,7276,train/ISIC_0030615.jpg,0,0,0
7277,7277,train/ISIC_0032747.jpg,0,0,1
7278,7278,train/ISIC_0025350.jpg,1,0,1
7279,7279,train/ISIC_0027187.jpg,1,0,1
7280,7280,train/ISIC_0026452.jpg,0,0,0
7281,7281,train/ISIC_0032961.jpg,0,0,0
7282,7282,train/ISIC_0031314.jpg,0,0,0
7283,7283,train/ISIC_0029361.jpg,0,0,0
7284,7284,train/ISIC_0027157.jpg,0,0,0
7285,7285,train/ISIC_0030243.jpg,0,0,0
7286,7286,train/ISIC_0027777.jpg,0,0,0
7287,7287,train/ISIC_0024594.jpg,0,0,0
7288,7288,train/ISIC_0029728.jpg,0,0,0
7289,7289,train/ISIC_0025753.jpg,0,0,1
7290,7290,train/ISIC_0034056.jpg,0,0,0
7291,7291,train/ISIC_0033008.jpg,0,0,0
7292,7292,train/ISIC_0027455.jpg,0,0,0
7293,7293,train/ISIC_0032994.jpg,0,0,0
7294,7294,train/ISIC_0031950.jpg,0,0,0
7295,7295,train/ISIC_0032377.jpg,0,0,0
7296,7296,train/ISIC_0025390.jpg,0,0,0
7297,7297,train/ISIC_0028525.jpg,0,0,1
7298,7298,train/ISIC_0032296.jpg,0,0,0
7299,7299,train/ISIC_0030965.jpg,0,0,1
7300,7300,train/ISIC_0025252.jpg,0,0,0
7301,7301,train/ISIC_0024644.jpg,1,0,1
7302,7302,train/ISIC_0033157.jpg,0,0,0
7303,7303,train/ISIC_0031140.jpg,0,0,0
7304,7304,train/ISIC_0032976.jpg,1,0,1
7305,7305,train/ISIC_0032963.jpg,0,0,1
7306,7306,train/ISIC_0031335.jpg,1,0,0
7307,7307,train/ISIC_0028885.jpg,0,0,1
7308,7308,train/ISIC_0028637.jpg,0,0,1
7309,7309,train/ISIC_0025231.jpg,0,0,1
7310,7310,train/ISIC_0031543.jpg,1,0,0
7311,7311,train/ISIC_0025356.jpg,0,0,0
7312,7312,train/ISIC_0029288.jpg,0,0,1
7313,7313,train/ISIC_0031673.jpg,0,0,0
7314,7314,train/ISIC_0026230.jpg,0,0,0
7315,7315,train/ISIC_0032615.jpg,0,0,0
7316,7316,train/ISIC_0033370.jpg,0,0,0
7317,7317,train/ISIC_0028658.jpg,0,0,0
7318,7318,train/ISIC_0026051.jpg,0,0,0
7319,7319,train/ISIC_0027048.jpg,0,0,0
7320,7320,train/ISIC_0032133.jpg,0,0,0
7321,7321,train/ISIC_0033659.jpg,0,0,1
7322,7322,train/ISIC_0030280.jpg,1,0,1
7323,7323,train/ISIC_0026794.jpg,0,0,0
7324,7324,train/ISIC_0025779.jpg,0,0,0
7325,7325,train/ISIC_0029906.jpg,0,0,0
7326,7326,train/ISIC_0026647.jpg,1,0,1
7327,7327,train/ISIC_0029493.jpg,0,0,0
7328,7328,train/ISIC_0027506.jpg,1,0,0
7329,7329,train/ISIC_0024311.jpg,0,0,1
7330,7330,train/ISIC_0030159.jpg,0,0,1
7331,7331,train/ISIC_0025579.jpg,0,0,0
7332,7332,train/ISIC_0031101.jpg,0,0,0
7333,7333,train/ISIC_0025067.jpg,0,0,0
7334,7334,train/ISIC_0032587.jpg,0,0,0
7335,7335,train/ISIC_0033043.jpg,0,0,0
7336,7336,train/ISIC_0025471.jpg,1,0,1
7337,7337,train/ISIC_0030742.jpg,0,0,1
7338,7338,train/ISIC_0030254.jpg,0,0,0
7339,7339,train/ISIC_0029014.jpg,0,0,1
7340,7340,train/ISIC_0029639.jpg,0,0,0
7341,7341,train/ISIC_0031554.jpg,1,0,0
7342,7342,train/ISIC_0030287.jpg,0,0,0
7343,7343,train/ISIC_0032790.jpg,1,0,1
7344,7344,train/ISIC_0027837.jpg,0,0,0
7345,7345,train/ISIC_0028216.jpg,0,0,0
7346,7346,train/ISIC_0033167.jpg,0,0,0
7347,7347,train/ISIC_0025139.jpg,0,0,0
7348,7348,train/ISIC_0026881.jpg,0,0,0
7349,7349,train/ISIC_0031143.jpg,0,0,0
7350,7350,train/ISIC_0027442.jpg,1,0,1
7351,7351,train/ISIC_0024528.jpg,0,0,0
7352,7352,train/ISIC_0025546.jpg,1,0,0
7353,7353,train/ISIC_0028728.jpg,0,0,0
7354,7354,train/ISIC_0025556.jpg,0,0,0
7355,7355,train/ISIC_0030330.jpg,0,0,0
7356,7356,train/ISIC_0027419.jpg,0,0,1
7357,7357,train/ISIC_0028020.jpg,0,0,0
7358,7358,train/ISIC_0033818.jpg,0,0,0
7359,7359,train/ISIC_0028344.jpg,0,0,1
7360,7360,train/ISIC_0032379.jpg,0,0,1
7361,7361,train/ISIC_0032718.jpg,1,0,1
7362,7362,train/ISIC_0030946.jpg,0,0,1
7363,7363,train/ISIC_0032614.jpg,0,0,0
7364,7364,train/ISIC_0033035.jpg,0,0,0
7365,7365,train/ISIC_0026153.jpg,0,0,1
7366,7366,train/ISIC_0030033.jpg,0,0,0
7367,7367,train/ISIC_0032074.jpg,0,0,0
7368,7368,train/ISIC_0028731.jpg,0,0,1
7369,7369,train/ISIC_0031737.jpg,0,0,0
7370,7370,train/ISIC_0025919.jpg,0,0,1
7371,7371,train/ISIC_0030422.jpg,0,0,0
7372,7372,train/ISIC_0026122.jpg,0,0,0
7373,7373,train/ISIC_0025968.jpg,0,0,0
7374,7374,train/ISIC_0026070.jpg,0,0,1
7375,7375,train/ISIC_0031304.jpg,0,0,0
7376,7376,train/ISIC_0033138.jpg,0,0,0
7377,7377,train/ISIC_0027498.jpg,0,0,0
7378,7378,train/ISIC_0030257.jpg,0,0,0
7379,7379,train/ISIC_0028848.jpg,0,0,0
7380,7380,train/ISIC_0028814.jpg,0,0,1
7381,7381,train/ISIC_0029462.jpg,1,0,0
7382,7382,train/ISIC_0025567.jpg,0,0,0
7383,7383,train/ISIC_0024527.jpg,0,0,0
7384,7384,train/ISIC_0025821.jpg,0,0,0
7385,7385,train/ISIC_0024544.jpg,0,0,0
7386,7386,train/ISIC_0027472.jpg,0,0,0
7387,7387,train/ISIC_0027664.jpg,0,0,0
7388,7388,train/ISIC_0027368.jpg,0,0,0
7389,7389,train/ISIC_0028057.jpg,0,0,0
7390,7390,train/ISIC_0027366.jpg,0,0,0
7391,7391,train/ISIC_0025848.jpg,0,0,0
7392,7392,train/ISIC_0027299.jpg,0,0,0
7393,7393,train/ISIC_0028547.jpg,0,0,0
7394,7394,train/ISIC_0028031.jpg,0,0,0
7395,7395,train/ISIC_0028067.jpg,0,0,0
7396,7396,train/ISIC_0029278.jpg,0,0,0
7397,7397,train/ISIC_0032988.jpg,1,0,1
7398,7398,train/ISIC_0027229.jpg,0,0,1
7399,7399,train/ISIC_0027927.jpg,0,0,0
7400,7400,train/ISIC_0024512.jpg,0,0,0
7401,7401,train/ISIC_0025797.jpg,0,0,0
7402,7402,train/ISIC_0032260.jpg,0,0,0
7403,7403,train/ISIC_0030023.jpg,0,0,0
7404,7404,train/ISIC_0026931.jpg,0,0,0
7405,7405,train/ISIC_0029418.jpg,0,0,0
7406,7406,train/ISIC_0034171.jpg,0,0,0
7407,7407,train/ISIC_0028606.jpg,0,0,0
7408,7408,train/ISIC_0026592.jpg,0,0,0
7409,7409,train/ISIC_0025121.jpg,1,0,0
7410,7410,train/ISIC_0032679.jpg,0,0,0
7411,7411,train/ISIC_0027137.jpg,0,0,0
7412,7412,train/ISIC_0033836.jpg,0,0,0
7413,7413,train/ISIC_0026770.jpg,1,0,1
7414,7414,train/ISIC_0030310.jpg,0,0,1
7415,7415,train/ISIC_0031038.jpg,0,0,1
7416,7416,train/ISIC_0033474.jpg,0,0,0
7417,7417,train/ISIC_0033406.jpg,0,0,0
7418,7418,train/ISIC_0026678.jpg,0,0,1
7419,7419,train/ISIC_0026099.jpg,0,0,1
7420,7420,train/ISIC_0031963.jpg,0,0,1
7421,7421,train/ISIC_0027091.jpg,0,0,0
7422,7422,train/ISIC_0025485.jpg,0,0,1
7423,7423,train/ISIC_0032112.jpg,0,0,0
7424,7424,train/ISIC_0027255.jpg,0,0,0
7425,7425,train/ISIC_0033137.jpg,0,0,0
7426,7426,train/ISIC_0026268.jpg,1,0,1
7427,7427,train/ISIC_0029512.jpg,1,0,0
7428,7428,train/ISIC_0032507.jpg,0,0,0
7429,7429,train/ISIC_0030994.jpg,0,0,0
7430,7430,train/ISIC_0026159.jpg,0,0,0
7431,7431,train/ISIC_0030000.jpg,0,0,0
7432,7432,train/ISIC_0024767.jpg,1,0,1
7433,7433,train/ISIC_0027641.jpg,0,0,1
7434,7434,train/ISIC_0030670.jpg,0,0,1
7435,7435,train/ISIC_0028976.jpg,0,0,1
7436,7436,train/ISIC_0027890.jpg,0,0,0
7437,7437,train/ISIC_0026565.jpg,0,0,0
7438,7438,train/ISIC_0028761.jpg,0,0,0
7439,7439,train/ISIC_0030709.jpg,0,0,1
7440,7440,train/ISIC_0030113.jpg,0,0,0
7441,7441,train/ISIC_0026674.jpg,0,0,0
7442,7442,train/ISIC_0031938.jpg,0,0,0
7443,7443,train/ISIC_0029155.jpg,0,0,0
7444,7444,train/ISIC_0033546.jpg,1,0,0
7445,7445,train/ISIC_0027755.jpg,0,0,0
7446,7446,train/ISIC_0027316.jpg,0,0,0
7447,7447,train/ISIC_0024519.jpg,0,0,0
7448,7448,train/ISIC_0028297.jpg,0,0,1
7449,7449,train/ISIC_0029700.jpg,0,0,0
7450,7450,train/ISIC_0027174.jpg,1,0,0
7451,7451,train/ISIC_0029395.jpg,0,0,1
7452,7452,train/ISIC_0025033.jpg,0,0,0
7453,7453,train/ISIC_0031959.jpg,0,0,0
7454,7454,train/ISIC_0028825.jpg,0,0,0
7455,7455,train/ISIC_0026039.jpg,0,0,0
7456,7456,train/ISIC_0028789.jpg,0,0,0
7457,7457,train/ISIC_0028091.jpg,0,0,0
7458,7458,train/ISIC_0026720.jpg,1,0,1
7459,7459,train/ISIC_0032256.jpg,0,0,0
7460,7460,train/ISIC_0030311.jpg,0,0,0
7461,7461,train/ISIC_0026864.jpg,0,0,0
7462,7462,train/ISIC_0025876.jpg,0,0,1
7463,7463,train/ISIC_0027047.jpg,1,0,1
7464,7464,train/ISIC_0030120.jpg,0,0,0
7465,7465,train/ISIC_0025123.jpg,0,0,0
7466,7466,train/ISIC_0027935.jpg,0,0,0
7467,7467,train/ISIC_0027942.jpg,0,0,0
7468,7468,train/ISIC_0030458.jpg,0,0,0
7469,7469,train/ISIC_0030624.jpg,0,0,0
7470,7470,train/ISIC_0032010.jpg,0,0,0
7471,7471,train/ISIC_0028516.jpg,0,0,1
7472,7472,train/ISIC_0026529.jpg,0,0,0
7473,7473,train/ISIC_0028464.jpg,0,0,0
7474,7474,train/ISIC_0033599.jpg,0,0,1
7475,7475,train/ISIC_0033545.jpg,1,0,0
7476,7476,train/ISIC_0034041.jpg,0,0,0
7477,7477,train/ISIC_0027124.jpg,0,0,0
7478,7478,train/ISIC_0028385.jpg,0,0,0
7479,7479,train/ISIC_0028017.jpg,1,0,0
7480,7480,train/ISIC_0025017.jpg,0,0,1
7481,7481,train/ISIC_0032546.jpg,0,0,0
7482,7482,train/ISIC_0027915.jpg,0,0,1
7483,7483,train/ISIC_0031108.jpg,1,0,0
7484,7484,train/ISIC_0034146.jpg,0,0,0
7485,7485,train/ISIC_0029174.jpg,0,0,1
7486,7486,train/ISIC_0025980.jpg,0,0,0
7487,7487,train/ISIC_0032055.jpg,0,0,0
7488,7488,train/ISIC_0030256.jpg,0,0,0
7489,7489,train/ISIC_0027961.jpg,0,0,0
7490,7490,train/ISIC_0031203.jpg,1,0,1
7491,7491,train/ISIC_0027992.jpg,0,0,0
7492,7492,train/ISIC_0031602.jpg,0,0,1
7493,7493,train/ISIC_0031875.jpg,0,0,0
7494,7494,train/ISIC_0030461.jpg,0,0,0
7495,7495,train/ISIC_0029019.jpg,0,0,0
7496,7496,train/ISIC_0024501.jpg,0,0,0
7497,7497,train/ISIC_0032621.jpg,0,0,0
7498,7498,train/ISIC_0024363.jpg,0,0,0
7499,7499,train/ISIC_0029661.jpg,0,0,1
7500,7500,train/ISIC_0033273.jpg,0,0,0
7501,7501,train/ISIC_0027135.jpg,0,0,0
7502,7502,train/ISIC_0029516.jpg,0,0,0
7503,7503,train/ISIC_0033615.jpg,0,0,0
7504,7504,train/ISIC_0027639.jpg,0,0,0
7505,7505,train/ISIC_0025013.jpg,0,0,0
7506,7506,train/ISIC_0032009.jpg,0,0,0
7507,7507,train/ISIC_0025441.jpg,0,0,0
7508,7508,train/ISIC_0031318.jpg,0,0,1
7509,7509,train/ISIC_0026232.jpg,0,0,0
7510,7510,train/ISIC_0027460.jpg,0,0,0
7511,7511,train/ISIC_0026583.jpg,0,0,0
7512,7512,train/ISIC_0028172.jpg,0,0,0
7513,7513,train/ISIC_0026004.jpg,0,0,0
7514,7514,train/ISIC_0033935.jpg,0,0,0
7515,7515,train/ISIC_0025595.jpg,0,0,0
7516,7516,train/ISIC_0030861.jpg,0,0,1
7517,7517,train/ISIC_0024852.jpg,0,0,1
7518,7518,train/ISIC_0028769.jpg,0,0,1
7519,7519,train/ISIC_0030483.jpg,0,0,0
7520,7520,train/ISIC_0032093.jpg,0,0,0
7521,7521,train/ISIC_0029488.jpg,0,0,1
7522,7522,train/ISIC_0033568.jpg,1,0,0
7523,7523,train/ISIC_0028889.jpg,0,0,1
7524,7524,train/ISIC_0026053.jpg,0,0,1
7525,7525,train/ISIC_0033603.jpg,1,0,0
7526,7526,train/ISIC_0030170.jpg,0,0,0
7527,7527,train/ISIC_0026012.jpg,0,0,0
7528,7528,train/ISIC_0029903.jpg,0,0,0
7529,7529,train/ISIC_0031107.jpg,0,0,0
7530,7530,train/ISIC_0032742.jpg,0,0,0
7531,7531,train/ISIC_0033194.jpg,0,0,0
7532,7532,train/ISIC_0028388.jpg,0,0,0
7533,7533,train/ISIC_0026145.jpg,0,0,0
7534,7534,train/ISIC_0032348.jpg,0,0,1
7535,7535,train/ISIC_0031524.jpg,0,0,0
7536,7536,train/ISIC_0025845.jpg,0,0,1
7537,7537,train/ISIC_0024676.jpg,0,0,1
7538,7538,train/ISIC_0031523.jpg,0,0,1
7539,7539,train/ISIC_0026321.jpg,0,0,1
7540,7540,train/ISIC_0028774.jpg,0,0,1
7541,7541,train/ISIC_0027836.jpg,0,0,0
7542,7542,train/ISIC_0031705.jpg,0,0,0
7543,7543,train/ISIC_0024382.jpg,0,0,1
7544,7544,train/ISIC_0031782.jpg,0,0,0
7545,7545,train/ISIC_0030424.jpg,0,0,0
7546,7546,train/ISIC_0026334.jpg,0,0,0
7547,7547,train/ISIC_0032289.jpg,0,0,0
7548,7548,train/ISIC_0031660.jpg,0,0,0
7549,7549,train/ISIC_0028534.jpg,0,0,0
7550,7550,train/ISIC_0028998.jpg,0,0,0
7551,7551,train/ISIC_0027631.jpg,0,0,1
7552,7552,train/ISIC_0025600.jpg,0,0,1
7553,7553,train/ISIC_0025068.jpg,0,0,1
7554,7554,train/ISIC_0032560.jpg,0,0,0
7555,7555,train/ISIC_0024658.jpg,0,0,0
7556,7556,train/ISIC_0033193.jpg,1,0,1
7557,7557,train/ISIC_0034241.jpg,0,0,0
7558,7558,train/ISIC_0025145.jpg,1,0,1
7559,7559,train/ISIC_0031735.jpg,0,0,1
7560,7560,train/ISIC_0025089.jpg,1,0,1
7561,7561,train/ISIC_0027832.jpg,1,0,1
7562,7562,train/ISIC_0029718.jpg,0,0,1
7563,7563,train/ISIC_0026786.jpg,0,0,0
7564,7564,train/ISIC_0033873.jpg,0,0,0
7565,7565,train/ISIC_0030112.jpg,0,0,0
7566,7566,train/ISIC_0030041.jpg,0,0,0
7567,7567,train/ISIC_0033943.jpg,0,0,1
7568,7568,train/ISIC_0033444.jpg,1,0,0
7569,7569,train/ISIC_0030299.jpg,0,0,0
7570,7570,train/ISIC_0030139.jpg,0,0,0
7571,7571,train/ISIC_0028929.jpg,1,0,1
7572,7572,train/ISIC_0031522.jpg,0,0,1
7573,7573,train/ISIC_0033872.jpg,1,0,1
7574,7574,train/ISIC_0031659.jpg,1,0,0
7575,7575,train/ISIC_0025524.jpg,1,0,0
7576,7576,train/ISIC_0031525.jpg,0,0,0
7577,7577,train/ISIC_0031261.jpg,0,0,1
7578,7578,train/ISIC_0029711.jpg,0,0,0
7579,7579,train/ISIC_0029357.jpg,0,0,0
7580,7580,train/ISIC_0033544.jpg,0,0,0
7581,7581,train/ISIC_0032252.jpg,0,0,0
7582,7582,train/ISIC_0025789.jpg,0,0,1
7583,7583,train/ISIC_0024878.jpg,0,0,1
7584,7584,train/ISIC_0025036.jpg,0,0,0
7585,7585,train/ISIC_0024466.jpg,0,0,0
7586,7586,train/ISIC_0026298.jpg,0,0,0
7587,7587,train/ISIC_0026330.jpg,0,0,1
7588,7588,train/ISIC_0025494.jpg,0,0,0
7589,7589,train/ISIC_0033915.jpg,0,0,0
7590,7590,train/ISIC_0029706.jpg,0,0,0
7591,7591,train/ISIC_0030803.jpg,1,0,1
7592,7592,train/ISIC_0033984.jpg,0,0,0
7593,7593,train/ISIC_0025427.jpg,1,0,1
7594,7594,train/ISIC_0030948.jpg,0,0,0
7595,7595,train/ISIC_0025085.jpg,1,0,1
7596,7596,train/ISIC_0033314.jpg,0,0,0
7597,7597,train/ISIC_0024348.jpg,0,0,0
7598,7598,train/ISIC_0027383.jpg,0,0,1
7599,7599,train/ISIC_0027256.jpg,0,0,0
7600,7600,train/ISIC_0030233.jpg,0,0,1
7601,7601,train/ISIC_0026659.jpg,0,0,0
7602,7602,train/ISIC_0029647.jpg,0,0,1
7603,7603,train/ISIC_0024957.jpg,0,0,1
7604,7604,train/ISIC_0024559.jpg,0,0,1
7605,7605,train/ISIC_0031008.jpg,0,0,1
7606,7606,train/ISIC_0028467.jpg,1,0,1
7607,7607,train/ISIC_0025272.jpg,0,0,0
7608,7608,train/ISIC_0031200.jpg,0,0,0
7609,7609,train/ISIC_0029819.jpg,1,0,1
7610,7610,train/ISIC_0028607.jpg,0,0,1
7611,7611,train/ISIC_0025338.jpg,0,0,0
7612,7612,train/ISIC_0029154.jpg,0,0,0
7613,7613,train/ISIC_0027194.jpg,0,0,1
7614,7614,train/ISIC_0030290.jpg,0,0,0
7615,7615,train/ISIC_0028580.jpg,0,0,0
7616,7616,train/ISIC_0026161.jpg,0,0,0
7617,7617,train/ISIC_0028960.jpg,0,0,0
7618,7618,train/ISIC_0028137.jpg,0,0,0
7619,7619,train/ISIC_0031613.jpg,0,0,1
7620,7620,train/ISIC_0031053.jpg,0,0,0
7621,7621,train/ISIC_0026905.jpg,1,0,1
7622,7622,train/ISIC_0027605.jpg,0,0,0
7623,7623,train/ISIC_0029930.jpg,1,0,1
7624,7624,train/ISIC_0025653.jpg,0,0,0
7625,7625,train/ISIC_0029872.jpg,0,0,1
7626,7626,train/ISIC_0031609.jpg,1,0,0
7627,7627,train/ISIC_0027427.jpg,0,0,1
7628,7628,train/ISIC_0028924.jpg,0,0,0
7629,7629,train/ISIC_0031225.jpg,0,0,0
7630,7630,train/ISIC_0030228.jpg,0,0,0
7631,7631,train/ISIC_0029392.jpg,0,0,1
7632,7632,train/ISIC_0026920.jpg,0,0,0
7633,7633,train/ISIC_0029818.jpg,0,0,1
7634,7634,train/ISIC_0032285.jpg,0,0,0
7635,7635,train/ISIC_0031125.jpg,0,0,0
7636,7636,train/ISIC_0032704.jpg,0,0,0
7637,7637,train/ISIC_0030093.jpg,0,0,1
7638,7638,train/ISIC_0033718.jpg,0,0,0
7639,7639,train/ISIC_0025574.jpg,0,0,0
7640,7640,train/ISIC_0033458.jpg,0,0,0
7641,7641,train/ISIC_0031569.jpg,0,0,0
7642,7642,train/ISIC_0025758.jpg,0,0,0
7643,7643,train/ISIC_0026615.jpg,0,0,1
7644,7644,train/ISIC_0024331.jpg,0,0,1
7645,7645,train/ISIC_0030174.jpg,0,0,0
7646,7646,train/ISIC_0028045.jpg,0,0,0
7647,7647,train/ISIC_0028302.jpg,0,0,0
7648,7648,train/ISIC_0032435.jpg,0,0,0
7649,7649,train/ISIC_0033838.jpg,0,0,0
7650,7650,train/ISIC_0033909.jpg,0,0,0
7651,7651,train/ISIC_0025217.jpg,0,0,0
7652,7652,train/ISIC_0033463.jpg,0,0,0
7653,7653,train/ISIC_0031049.jpg,0,0,0
7654,7654,train/ISIC_0024498.jpg,0,0,1
7655,7655,train/ISIC_0027130.jpg,1,0,1
7656,7656,train/ISIC_0030570.jpg,0,0,0
7657,7657,train/ISIC_0028951.jpg,0,0,0
7658,7658,train/ISIC_0028520.jpg,1,0,1
7659,7659,train/ISIC_0033226.jpg,1,0,1
7660,7660,train/ISIC_0026810.jpg,0,0,0
7661,7661,train/ISIC_0031823.jpg,1,0,1
7662,7662,train/ISIC_0032763.jpg,0,0,1
7663,7663,train/ISIC_0032198.jpg,0,0,1
7664,7664,train/ISIC_0028898.jpg,1,0,0
7665,7665,train/ISIC_0024925.jpg,1,0,1
7666,7666,train/ISIC_0028458.jpg,0,0,0
7667,7667,train/ISIC_0025902.jpg,0,0,1
7668,7668,train/ISIC_0032843.jpg,0,0,1
7669,7669,train/ISIC_0027244.jpg,0,0,0
7670,7670,train/ISIC_0027041.jpg,0,0,1
7671,7671,train/ISIC_0034170.jpg,1,0,1
7672,7672,train/ISIC_0030711.jpg,0,0,0
7673,7673,train/ISIC_0029108.jpg,0,0,0
7674,7674,train/ISIC_0028171.jpg,0,0,1
7675,7675,train/ISIC_0028398.jpg,0,0,0
7676,7676,train/ISIC_0028913.jpg,0,0,1
7677,7677,train/ISIC_0033897.jpg,0,0,0
7678,7678,train/ISIC_0026204.jpg,0,0,0
7679,7679,train/ISIC_0029126.jpg,0,0,0
7680,7680,train/ISIC_0031536.jpg,0,0,0
7681,7681,train/ISIC_0031763.jpg,0,0,0
7682,7682,train/ISIC_0029350.jpg,0,0,0
7683,7683,train/ISIC_0027523.jpg,0,0,0
7684,7684,train/ISIC_0026284.jpg,0,0,0
7685,7685,train/ISIC_0031993.jpg,1,0,0
7686,7686,train/ISIC_0027448.jpg,0,0,0
7687,7687,train/ISIC_0026887.jpg,0,0,0
7688,7688,train/ISIC_0025719.jpg,0,0,0
7689,7689,train/ISIC_0024420.jpg,0,0,0
7690,7690,train/ISIC_0031783.jpg,0,0,1
7691,7691,train/ISIC_0028509.jpg,0,0,1
7692,7692,train/ISIC_0029076.jpg,0,0,1
7693,7693,train/ISIC_0025615.jpg,0,0,0
7694,7694,train/ISIC_0034025.jpg,0,0,0
7695,7695,train/ISIC_0032923.jpg,0,0,0
7696,7696,train/ISIC_0029762.jpg,0,0,0
7697,7697,train/ISIC_0033683.jpg,0,0,0
7698,7698,train/ISIC_0024862.jpg,0,0,1
7699,7699,train/ISIC_0025189.jpg,0,0,1
7700,7700,train/ISIC_0029329.jpg,0,0,1
7701,7701,train/ISIC_0025110.jpg,0,0,0
7702,7702,train/ISIC_0030685.jpg,0,0,0
7703,7703,train/ISIC_0029149.jpg,0,0,0
7704,7704,train/ISIC_0026480.jpg,0,0,0
7705,7705,train/ISIC_0027632.jpg,0,0,0
7706,7706,train/ISIC_0025408.jpg,0,0,0
7707,7707,train/ISIC_0026870.jpg,1,0,1
7708,7708,train/ISIC_0030654.jpg,0,0,0
7709,7709,train/ISIC_0029035.jpg,0,0,1
7710,7710,train/ISIC_0028379.jpg,0,0,0
7711,7711,train/ISIC_0030176.jpg,0,0,0
7712,7712,train/ISIC_0032800.jpg,0,0,0
7713,7713,train/ISIC_0032880.jpg,0,0,0
7714,7714,train/ISIC_0027450.jpg,0,0,0
7715,7715,train/ISIC_0025442.jpg,0,0,0
7716,7716,train/ISIC_0032561.jpg,0,0,0
7717,7717,train/ISIC_0028355.jpg,0,0,0
7718,7718,train/ISIC_0031984.jpg,0,0,0
7719,7719,train/ISIC_0028726.jpg,0,0,0
7720,7720,train/ISIC_0027275.jpg,0,0,0
7721,7721,train/ISIC_0030455.jpg,0,0,0
7722,7722,train/ISIC_0032399.jpg,0,0,0
7723,7723,train/ISIC_0027235.jpg,0,0,0
7724,7724,train/ISIC_0024428.jpg,0,0,0
7725,7725,train/ISIC_0029305.jpg,0,0,0
7726,7726,train/ISIC_0032168.jpg,0,0,0
7727,7727,train/ISIC_0024504.jpg,0,0,1
7728,7728,train/ISIC_0031013.jpg,1,0,1
7729,7729,train/ISIC_0027520.jpg,0,0,0
7730,7730,train/ISIC_0031591.jpg,0,0,0
7731,7731,train/ISIC_0027923.jpg,0,0,0
7732,7732,train/ISIC_0027728.jpg,0,0,0
7733,7733,train/ISIC_0027578.jpg,0,0,1
7734,7734,train/ISIC_0031854.jpg,0,0,0
7735,7735,train/ISIC_0034151.jpg,0,0,0
7736,7736,train/ISIC_0028401.jpg,0,0,0
7737,7737,train/ISIC_0032006.jpg,0,0,1
7738,7738,train/ISIC_0026962.jpg,0,0,0
7739,7739,train/ISIC_0028778.jpg,0,0,0
7740,7740,train/ISIC_0027798.jpg,0,0,0
7741,7741,train/ISIC_0028286.jpg,0,0,0
7742,7742,train/ISIC_0030010.jpg,0,0,1
7743,7743,train/ISIC_0027013.jpg,0,0,0
7744,7744,train/ISIC_0025147.jpg,0,0,0
7745,7745,train/ISIC_0027864.jpg,0,0,1
7746,7746,train/ISIC_0031340.jpg,0,0,1
7747,7747,train/ISIC_0029822.jpg,0,0,0
7748,7748,train/ISIC_0032552.jpg,1,0,0
7749,7749,train/ISIC_0031994.jpg,0,0,0
7750,7750,train/ISIC_0029376.jpg,0,0,0
7751,7751,train/ISIC_0025365.jpg,0,0,0
7752,7752,train/ISIC_0031710.jpg,0,0,1
7753,7753,train/ISIC_0030537.jpg,0,0,0
7754,7754,train/ISIC_0029006.jpg,0,0,0
7755,7755,train/ISIC_0029337.jpg,0,0,1
7756,7756,train/ISIC_0030997.jpg,0,0,0
7757,7757,train/ISIC_0033601.jpg,0,0,0
7758,7758,train/ISIC_0027290.jpg,0,0,0
7759,7759,train/ISIC_0031216.jpg,0,0,0
7760,7760,train/ISIC_0026800.jpg,0,0,0
7761,7761,train/ISIC_0033466.jpg,0,0,0
7762,7762,train/ISIC_0032085.jpg,0,0,0
7763,7763,train/ISIC_0027463.jpg,0,0,1
7764,7764,train/ISIC_0027751.jpg,0,0,0
7765,7765,train/ISIC_0033278.jpg,1,0,1
7766,7766,train/ISIC_0032653.jpg,1,0,0
7767,7767,train/ISIC_0026799.jpg,0,0,0
7768,7768,train/ISIC_0032416.jpg,0,0,0
7769,7769,train/ISIC_0027341.jpg,0,0,0
7770,7770,train/ISIC_0028672.jpg,0,0,0
7771,7771,train/ISIC_0031549.jpg,0,0,0
7772,7772,train/ISIC_0030681.jpg,1,0,0
7773,7773,train/ISIC_0033130.jpg,0,0,1
7774,7774,train/ISIC_0032656.jpg,1,0,1
7775,7775,train/ISIC_0026271.jpg,0,0,1
7776,7776,train/ISIC_0030809.jpg,0,0,1
7777,7777,train/ISIC_0027405.jpg,0,0,0
7778,7778,train/ISIC_0031970.jpg,0,0,1
7779,7779,train/ISIC_0026746.jpg,1,0,1
7780,7780,train/ISIC_0025378.jpg,0,0,0
7781,7781,train/ISIC_0026925.jpg,0,0,0
7782,7782,train/ISIC_0028266.jpg,0,0,0
7783,7783,train/ISIC_0029297.jpg,0,0,0
7784,7784,train/ISIC_0029510.jpg,0,0,0
7785,7785,train/ISIC_0032035.jpg,0,0,0
7786,7786,train/ISIC_0031118.jpg,1,0,1
7787,7787,train/ISIC_0027438.jpg,0,0,1
7788,7788,train/ISIC_0024447.jpg,0,0,0
7789,7789,train/ISIC_0026365.jpg,0,0,0
7790,7790,train/ISIC_0033810.jpg,0,0,0
7791,7791,train/ISIC_0026756.jpg,0,0,0
7792,7792,train/ISIC_0033549.jpg,0,0,0
7793,7793,train/ISIC_0033579.jpg,0,0,0
7794,7794,train/ISIC_0028989.jpg,0,0,1
7795,7795,train/ISIC_0028712.jpg,0,0,1
7796,7796,train/ISIC_0024373.jpg,0,0,0
7797,7797,train/ISIC_0030651.jpg,0,0,0
7798,7798,train/ISIC_0033310.jpg,1,0,0
7799,7799,train/ISIC_0031295.jpg,1,0,0
7800,7800,train/ISIC_0033148.jpg,0,0,0
7801,7801,train/ISIC_0030288.jpg,0,0,0
7802,7802,train/ISIC_0025665.jpg,0,0,0
7803,7803,train/ISIC_0028167.jpg,0,0,1
7804,7804,train/ISIC_0026899.jpg,0,0,0
7805,7805,train/ISIC_0027220.jpg,0,0,0
7806,7806,train/ISIC_0025183.jpg,0,0,1
7807,7807,train/ISIC_0033828.jpg,0,0,0
7808,7808,train/ISIC_0025578.jpg,0,0,0
7809,7809,train/ISIC_0032353.jpg,0,0,0
7810,7810,train/ISIC_0030319.jpg,0,0,1
7811,7811,train/ISIC_0025270.jpg,0,0,0
7812,7812,train/ISIC_0033171.jpg,1,0,0
7813,7813,train/ISIC_0034000.jpg,1,0,1
7814,7814,train/ISIC_0027181.jpg,0,0,1
7815,7815,train/ISIC_0032230.jpg,0,0,1
7816,7816,train/ISIC_0030627.jpg,0,0,0
7817,7817,train/ISIC_0030889.jpg,0,0,0
7818,7818,train/ISIC_0030009.jpg,0,0,0
7819,7819,train/ISIC_0033022.jpg,0,0,1
7820,7820,train/ISIC_0025046.jpg,0,0,1
7821,7821,train/ISIC_0026411.jpg,1,0,1
7822,7822,train/ISIC_0027675.jpg,0,0,1
7823,7823,train/ISIC_0032870.jpg,1,0,1
7824,7824,train/ISIC_0033307.jpg,0,0,1
7825,7825,train/ISIC_0029067.jpg,1,0,1
7826,7826,train/ISIC_0027828.jpg,0,0,0
7827,7827,train/ISIC_0026789.jpg,0,0,1
7828,7828,train/ISIC_0027059.jpg,0,0,0
7829,7829,train/ISIC_0024980.jpg,0,0,0
7830,7830,train/ISIC_0030375.jpg,1,0,1
7831,7831,train/ISIC_0027603.jpg,0,0,0
7832,7832,train/ISIC_0026090.jpg,0,0,1
7833,7833,train/ISIC_0026021.jpg,0,0,0
7834,7834,train/ISIC_0030939.jpg,0,0,0
7835,7835,train/ISIC_0032298.jpg,0,0,1
7836,7836,train/ISIC_0027623.jpg,0,0,0
7837,7837,train/ISIC_0033390.jpg,0,0,0
7838,7838,train/ISIC_0025397.jpg,0,0,0
7839,7839,train/ISIC_0034166.jpg,0,0,0
7840,7840,train/ISIC_0033870.jpg,0,0,0
7841,7841,train/ISIC_0027364.jpg,0,0,0
7842,7842,train/ISIC_0028321.jpg,0,0,0
7843,7843,train/ISIC_0029821.jpg,0,0,0
7844,7844,train/ISIC_0027260.jpg,1,0,1
7845,7845,train/ISIC_0026696.jpg,0,0,0
7846,7846,train/ISIC_0027000.jpg,0,0,0
7847,7847,train/ISIC_0033254.jpg,0,0,0
7848,7848,train/ISIC_0025385.jpg,0,0,0
7849,7849,train/ISIC_0024355.jpg,0,0,0
7850,7850,train/ISIC_0029927.jpg,0,0,1
7851,7851,train/ISIC_0032109.jpg,0,0,0
7852,7852,train/ISIC_0029747.jpg,0,0,1
7853,7853,train/ISIC_0026120.jpg,1,0,0
7854,7854,train/ISIC_0030267.jpg,0,0,0
7855,7855,train/ISIC_0025657.jpg,0,0,0
7856,7856,train/ISIC_0032150.jpg,0,0,0
7857,7857,train/ISIC_0027188.jpg,0,0,0
7858,7858,train/ISIC_0025802.jpg,0,0,0
7859,7859,train/ISIC_0024581.jpg,0,0,0
7860,7860,train/ISIC_0027799.jpg,0,0,0
7861,7861,train/ISIC_0030793.jpg,0,0,0
7862,7862,train/ISIC_0033759.jpg,0,0,0
7863,7863,train/ISIC_0027410.jpg,0,0,1
7864,7864,train/ISIC_0032012.jpg,0,0,0
7865,7865,train/ISIC_0033218.jpg,0,0,0
7866,7866,train/ISIC_0031964.jpg,0,0,0
7867,7867,train/ISIC_0033610.jpg,0,0,0
7868,7868,train/ISIC_0024799.jpg,0,0,0
7869,7869,train/ISIC_0027640.jpg,0,0,0
7870,7870,train/ISIC_0030978.jpg,0,0,1
7871,7871,train/ISIC_0032819.jpg,0,0,0
7872,7872,train/ISIC_0024894.jpg,0,0,0
7873,7873,train/ISIC_0027222.jpg,0,0,0
7874,7874,train/ISIC_0031962.jpg,0,0,0
7875,7875,train/ISIC_0032326.jpg,0,0,0
7876,7876,train/ISIC_0031534.jpg,0,0,0
7877,7877,train/ISIC_0024662.jpg,0,0,1
7878,7878,train/ISIC_0030127.jpg,0,0,0
7879,7879,train/ISIC_0027191.jpg,0,0,0
7880,7880,train/ISIC_0032330.jpg,0,0,1
7881,7881,train/ISIC_0032603.jpg,1,0,0
7882,7882,train/ISIC_0026713.jpg,0,0,0
7883,7883,train/ISIC_0025571.jpg,0,0,0
7884,7884,train/ISIC_0030538.jpg,0,0,1
7885,7885,train/ISIC_0027267.jpg,0,0,0
7886,7886,train/ISIC_0032141.jpg,0,0,0
7887,7887,train/ISIC_0032785.jpg,0,0,0
7888,7888,train/ISIC_0025001.jpg,0,0,0
7889,7889,train/ISIC_0033500.jpg,1,0,1
7890,7890,train/ISIC_0030558.jpg,0,0,0
7891,7891,train/ISIC_0031381.jpg,1,0,1
7892,7892,train/ISIC_0032107.jpg,0,0,1
7893,7893,train/ISIC_0030867.jpg,0,0,0
7894,7894,train/ISIC_0031971.jpg,0,0,1
7895,7895,train/ISIC_0033859.jpg,0,0,0
7896,7896,train/ISIC_0033624.jpg,1,0,1
7897,7897,train/ISIC_0032020.jpg,0,0,0
7898,7898,train/ISIC_0025551.jpg,0,0,0
7899,7899,train/ISIC_0032912.jpg,0,0,0
7900,7900,train/ISIC_0031674.jpg,0,0,0
7901,7901,train/ISIC_0029494.jpg,0,0,0
7902,7902,train/ISIC_0026941.jpg,0,0,1
7903,7903,train/ISIC_0032540.jpg,0,0,0
7904,7904,train/ISIC_0024568.jpg,0,0,0
7905,7905,train/ISIC_0031368.jpg,1,0,0
7906,7906,train/ISIC_0032061.jpg,0,0,1
7907,7907,train/ISIC_0026014.jpg,1,0,1
7908,7908,train/ISIC_0026350.jpg,0,0,0
7909,7909,train/ISIC_0025614.jpg,0,0,0
7910,7910,train/ISIC_0029902.jpg,0,0,0
7911,7911,train/ISIC_0031451.jpg,0,0,0
7912,7912,train/ISIC_0030613.jpg,0,0,0
7913,7913,train/ISIC_0027993.jpg,0,0,0
7914,7914,train/ISIC_0033038.jpg,1,0,1
7915,7915,train/ISIC_0032140.jpg,0,0,0
7916,7916,train/ISIC_0028337.jpg,0,0,0
7917,7917,train/ISIC_0031313.jpg,0,0,0
7918,7918,train/ISIC_0025042.jpg,0,0,0
7919,7919,train/ISIC_0032664.jpg,0,0,0
7920,7920,train/ISIC_0027908.jpg,0,0,0
7921,7921,train/ISIC_0028078.jpg,0,0,0
7922,7922,train/ISIC_0026993.jpg,1,0,0
7923,7923,train/ISIC_0027514.jpg,0,0,1
7924,7924,train/ISIC_0030929.jpg,1,0,0
7925,7925,train/ISIC_0031980.jpg,0,0,1
7926,7926,train/ISIC_0026730.jpg,0,0,0
7927,7927,train/ISIC_0030425.jpg,0,0,0
7928,7928,train/ISIC_0026155.jpg,0,0,0
7929,7929,train/ISIC_0025940.jpg,0,0,0
7930,7930,train/ISIC_0025255.jpg,0,0,0
7931,7931,train/ISIC_0033510.jpg,0,0,0
7932,7932,train/ISIC_0028186.jpg,0,0,1
7933,7933,train/ISIC_0027429.jpg,0,0,0
7934,7934,train/ISIC_0027681.jpg,0,0,1
7935,7935,train/ISIC_0026249.jpg,0,0,1
7936,7936,train/ISIC_0027388.jpg,0,0,1
7937,7937,train/ISIC_0024394.jpg,0,0,0
7938,7938,train/ISIC_0031943.jpg,0,0,0
7939,7939,train/ISIC_0034158.jpg,0,0,0
7940,7940,train/ISIC_0033533.jpg,1,0,1
7941,7941,train/ISIC_0027328.jpg,1,0,1
7942,7942,train/ISIC_0034245.jpg,0,0,0
7943,7943,train/ISIC_0029868.jpg,0,0,1
7944,7944,train/ISIC_0029692.jpg,0,0,0
7945,7945,train/ISIC_0028227.jpg,1,0,0
7946,7946,train/ISIC_0028064.jpg,0,0,0
7947,7947,train/ISIC_0030460.jpg,0,0,1
7948,7948,train/ISIC_0030886.jpg,0,0,0
7949,7949,train/ISIC_0025973.jpg,0,0,1
7950,7950,train/ISIC_0028763.jpg,1,0,1
7951,7951,train/ISIC_0028419.jpg,0,0,0
7952,7952,train/ISIC_0033116.jpg,0,0,0
7953,7953,train/ISIC_0031821.jpg,1,0,1
7954,7954,train/ISIC_0033354.jpg,0,0,1
7955,7955,train/ISIC_0026576.jpg,0,0,1
7956,7956,train/ISIC_0026366.jpg,0,0,0
7957,7957,train/ISIC_0031563.jpg,0,0,0
7958,7958,train/ISIC_0028922.jpg,0,0,1
7959,7959,train/ISIC_0028674.jpg,0,0,0
7960,7960,train/ISIC_0033880.jpg,0,0,0
7961,7961,train/ISIC_0024752.jpg,0,0,0
7962,7962,train/ISIC_0031992.jpg,0,0,1
7963,7963,train/ISIC_0031185.jpg,0,0,0
7964,7964,train/ISIC_0025029.jpg,1,0,1
7965,7965,train/ISIC_0024403.jpg,0,0,1
7966,7966,train/ISIC_0032924.jpg,0,1,0
7967,7967,train/ISIC_0027333.jpg,0,1,0
7968,7968,train/ISIC_0033551.jpg,0,1,0
7969,7969,train/ISIC_0032088.jpg,0,1,0
7970,7970,train/ISIC_0034117.jpg,1,1,1
7971,7971,train/ISIC_0027679.jpg,0,1,0
7972,7972,train/ISIC_0026425.jpg,0,1,0
7973,7973,train/ISIC_0030733.jpg,0,1,0
7974,7974,train/ISIC_0032968.jpg,1,1,1
7975,7975,train/ISIC_0030586.jpg,1,1,1
7976,7976,train/ISIC_0024723.jpg,0,1,0
7977,7977,train/ISIC_0034215.jpg,0,1,0
7978,7978,train/ISIC_0032752.jpg,0,1,0
7979,7979,train/ISIC_0033594.jpg,1,1,0
7980,7980,train/ISIC_0032347.jpg,0,1,0
7981,7981,train/ISIC_0032363.jpg,0,1,0
7982,7982,train/ISIC_0032191.jpg,0,1,1
7983,7983,train/ISIC_0028945.jpg,0,1,1
7984,7984,train/ISIC_0031678.jpg,0,1,0
7985,7985,train/ISIC_0034231.jpg,0,1,0
7986,7986,train/ISIC_0027353.jpg,0,1,0
7987,7987,train/ISIC_0027200.jpg,0,1,0
7988,7988,train/ISIC_0028636.jpg,0,1,0
7989,7989,train/ISIC_0027430.jpg,0,1,0
7990,7990,train/ISIC_0033426.jpg,1,1,0
7991,7991,train/ISIC_0026947.jpg,0,1,0
7992,7992,train/ISIC_0026022.jpg,0,1,0
7993,7993,train/ISIC_0025048.jpg,0,1,0
7994,7994,train/ISIC_0033153.jpg,0,1,0
7995,7995,train/ISIC_0033394.jpg,1,1,0
7996,7996,train/ISIC_0026702.jpg,1,1,1
7997,7997,train/ISIC_0030559.jpg,0,1,1
7998,7998,train/ISIC_0027020.jpg,0,1,0
7999,7999,train/ISIC_0032187.jpg,1,1,1
8000,8000,train/ISIC_0027613.jpg,0,1,1
8001,8001,train/ISIC_0024936.jpg,0,1,0
8002,8002,train/ISIC_0029371.jpg,1,1,0
8003,8003,train/ISIC_0025463.jpg,0,1,0
8004,8004,train/ISIC_0029263.jpg,0,1,0
8005,8005,train/ISIC_0025210.jpg,0,1,0
8006,8006,train/ISIC_0027729.jpg,0,1,0
8007,8007,train/ISIC_0033452.jpg,1,1,1
8008,8008,train/ISIC_0032219.jpg,1,1,1
8009,8009,train/ISIC_0031877.jpg,0,1,0
8010,8010,train/ISIC_0028735.jpg,0,1,0
8011,8011,train/ISIC_0032530.jpg,0,1,0
8012,8012,train/ISIC_0031486.jpg,0,1,0
8013,8013,train/ISIC_0028875.jpg,0,1,1
8014,8014,train/ISIC_0027775.jpg,0,1,1
8015,8015,train/ISIC_0030798.jpg,1,1,1
8016,8016,train/ISIC_0025019.jpg,0,1,1
8017,8017,train/ISIC_0024359.jpg,0,1,0
8018,8018,train/ISIC_0024731.jpg,0,1,0
8019,8019,train/ISIC_0029737.jpg,0,1,0
8020,8020,train/ISIC_0026679.jpg,0,1,1
8021,8021,train/ISIC_0028088.jpg,0,1,1
8022,8022,train/ISIC_0029774.jpg,0,1,0
8023,8023,train/ISIC_0029547.jpg,1,1,1
8024,8024,train/ISIC_0034028.jpg,1,1,0
8025,8025,train/ISIC_0024633.jpg,0,1,0
8026,8026,train/ISIC_0027153.jpg,0,1,0
8027,8027,train/ISIC_0033794.jpg,0,1,0
8028,8028,train/ISIC_0026568.jpg,0,1,0
8029,8029,train/ISIC_0025073.jpg,0,1,0
8030,8030,train/ISIC_0026444.jpg,0,1,1
8031,8031,train/ISIC_0027636.jpg,0,1,0
8032,8032,train/ISIC_0028277.jpg,0,1,0
8033,8033,train/ISIC_0028032.jpg,0,1,1
8034,8034,train/ISIC_0025415.jpg,0,1,0
8035,8035,train/ISIC_0032668.jpg,0,1,0
8036,8036,train/ISIC_0025212.jpg,0,1,0
8037,8037,train/ISIC_0027745.jpg,0,1,0
8038,8038,train/ISIC_0033296.jpg,0,1,0
8039,8039,train/ISIC_0028323.jpg,0,1,1
8040,8040,train/ISIC_0025602.jpg,0,1,0
8041,8041,train/ISIC_0033227.jpg,0,1,0
8042,8042,train/ISIC_0030392.jpg,0,1,0
8043,8043,train/ISIC_0032716.jpg,1,1,0
8044,8044,train/ISIC_0030063.jpg,0,1,0
8045,8045,train/ISIC_0029953.jpg,0,1,0
8046,8046,train/ISIC_0028797.jpg,0,1,1
8047,8047,train/ISIC_0033364.jpg,0,1,0
8048,8048,train/ISIC_0025481.jpg,0,1,0
8049,8049,train/ISIC_0033392.jpg,1,1,1
8050,8050,train/ISIC_0030252.jpg,0,1,0
8051,8051,train/ISIC_0032287.jpg,1,1,1
8052,8052,train/ISIC_0028038.jpg,0,1,0
8053,8053,train/ISIC_0031391.jpg,0,1,0
8054,8054,train/ISIC_0032407.jpg,0,1,0
8055,8055,train/ISIC_0031918.jpg,1,1,1
8056,8056,train/ISIC_0027548.jpg,0,1,0
8057,8057,train/ISIC_0028019.jpg,0,1,0
8058,8058,train/ISIC_0029581.jpg,0,1,0
8059,8059,train/ISIC_0025818.jpg,0,1,1
8060,8060,train/ISIC_0028243.jpg,0,1,0
8061,8061,train/ISIC_0029250.jpg,0,1,0
8062,8062,train/ISIC_0031120.jpg,0,1,0
8063,8063,train/ISIC_0026878.jpg,0,1,0
8064,8064,train/ISIC_0031094.jpg,0,1,0
8065,8065,train/ISIC_0025731.jpg,0,1,1
8066,8066,train/ISIC_0033468.jpg,0,1,1
8067,8067,train/ISIC_0033526.jpg,1,1,1
8068,8068,train/ISIC_0032829.jpg,0,1,0
8069,8069,train/ISIC_0027717.jpg,0,1,0
8070,8070,train/ISIC_0026626.jpg,1,1,1
8071,8071,train/ISIC_0027126.jpg,1,1,1
8072,8072,train/ISIC_0030919.jpg,0,1,0
8073,8073,train/ISIC_0033541.jpg,0,1,0
8074,8074,train/ISIC_0028148.jpg,1,1,1
8075,8075,train/ISIC_0029129.jpg,0,1,1
8076,8076,train/ISIC_0029795.jpg,0,1,0
8077,8077,train/ISIC_0032352.jpg,0,1,0
8078,8078,train/ISIC_0025977.jpg,0,1,0
8079,8079,train/ISIC_0030973.jpg,0,1,0
8080,8080,train/ISIC_0028737.jpg,0,1,1
8081,8081,train/ISIC_0028179.jpg,0,1,0
8082,8082,train/ISIC_0029394.jpg,0,1,0
8083,8083,train/ISIC_0032654.jpg,0,1,1
8084,8084,train/ISIC_0027395.jpg,0,1,0
8085,8085,train/ISIC_0030675.jpg,0,1,0
8086,8086,train/ISIC_0028122.jpg,0,1,1
8087,8087,train/ISIC_0028010.jpg,0,1,0
8088,8088,train/ISIC_0025884.jpg,0,1,0
8089,8089,train/ISIC_0027465.jpg,0,1,1
8090,8090,train/ISIC_0029873.jpg,0,1,0
8091,8091,train/ISIC_0027264.jpg,0,1,0
8092,8092,train/ISIC_0028154.jpg,0,1,1
8093,8093,train/ISIC_0024358.jpg,0,1,0
8094,8094,train/ISIC_0031539.jpg,0,1,1
8095,8095,train/ISIC_0033362.jpg,1,1,1
8096,8096,train/ISIC_0031232.jpg,0,1,0
8097,8097,train/ISIC_0032659.jpg,0,1,0
8098,8098,train/ISIC_0029408.jpg,0,1,0
8099,8099,train/ISIC_0026916.jpg,1,1,0
8100,8100,train/ISIC_0030186.jpg,0,1,0
8101,8101,train/ISIC_0028151.jpg,0,1,0
8102,8102,train/ISIC_0031244.jpg,0,1,0
8103,8103,train/ISIC_0030313.jpg,0,1,0
8104,8104,train/ISIC_0027883.jpg,0,1,1
8105,8105,train/ISIC_0025317.jpg,1,1,1
8106,8106,train/ISIC_0027884.jpg,1,1,0
8107,8107,train/ISIC_0029827.jpg,1,1,0
8108,8108,train/ISIC_0033049.jpg,0,1,0
8109,8109,train/ISIC_0027871.jpg,0,1,0
8110,8110,train/ISIC_0025604.jpg,0,1,0
8111,8111,train/ISIC_0024407.jpg,0,1,0
8112,8112,train/ISIC_0025988.jpg,0,1,0
8113,8113,train/ISIC_0031902.jpg,0,1,0
8114,8114,train/ISIC_0026071.jpg,0,1,1
8115,8115,train/ISIC_0027212.jpg,0,1,0
8116,8116,train/ISIC_0028823.jpg,0,1,0
8117,8117,train/ISIC_0026133.jpg,0,1,1
8118,8118,train/ISIC_0026035.jpg,0,1,0
8119,8119,train/ISIC_0029937.jpg,1,1,0
8120,8120,train/ISIC_0025114.jpg,0,1,0
8121,8121,train/ISIC_0031052.jpg,0,1,0
8122,8122,train/ISIC_0024675.jpg,1,1,1
8123,8123,train/ISIC_0026187.jpg,0,1,0
8124,8124,train/ISIC_0031116.jpg,0,1,0
8125,8125,train/ISIC_0025020.jpg,0,1,0
8126,8126,train/ISIC_0030950.jpg,1,1,1
8127,8127,train/ISIC_0030096.jpg,0,1,1
8128,8128,train/ISIC_0025469.jpg,0,1,1
8129,8129,train/ISIC_0032036.jpg,1,1,1
8130,8130,train/ISIC_0034287.jpg,1,1,1
8131,8131,train/ISIC_0029839.jpg,1,1,1
8132,8132,train/ISIC_0026718.jpg,0,1,0
8133,8133,train/ISIC_0026885.jpg,0,1,1
8134,8134,train/ISIC_0029197.jpg,0,1,0
8135,8135,train/ISIC_0025948.jpg,1,1,1
8136,8136,train/ISIC_0024648.jpg,0,1,0
8137,8137,train/ISIC_0031331.jpg,0,1,0
8138,8138,train/ISIC_0028785.jpg,0,1,0
8139,8139,train/ISIC_0033248.jpg,0,1,1
8140,8140,train/ISIC_0026673.jpg,0,1,1
8141,8141,train/ISIC_0024939.jpg,0,1,0
8142,8142,train/ISIC_0027676.jpg,0,1,0
8143,8143,train/ISIC_0031376.jpg,0,1,1
8144,8144,train/ISIC_0026205.jpg,0,1,0
8145,8145,train/ISIC_0028946.jpg,0,1,0
8146,8146,train/ISIC_0029432.jpg,0,1,1
8147,8147,train/ISIC_0030492.jpg,0,1,1
8148,8148,train/ISIC_0032936.jpg,1,1,0
8149,8149,train/ISIC_0032390.jpg,0,1,0
8150,8150,train/ISIC_0025199.jpg,0,1,0
8151,8151,train/ISIC_0029655.jpg,0,1,1
8152,8152,train/ISIC_0028208.jpg,0,1,1
8153,8153,train/ISIC_0026614.jpg,0,1,0
8154,8154,train/ISIC_0031307.jpg,0,1,1
8155,8155,train/ISIC_0033030.jpg,0,1,0
8156,8156,train/ISIC_0033970.jpg,0,1,0
8157,8157,train/ISIC_0030556.jpg,0,1,0
8158,8158,train/ISIC_0027462.jpg,0,1,1
8159,8159,train/ISIC_0027413.jpg,0,1,0
8160,8160,train/ISIC_0028118.jpg,0,1,1
8161,8161,train/ISIC_0027950.jpg,1,1,0
8162,8162,train/ISIC_0033817.jpg,0,1,1
8163,8163,train/ISIC_0025768.jpg,0,1,0
8164,8164,train/ISIC_0032273.jpg,0,1,0
8165,8165,train/ISIC_0026294.jpg,0,1,0
8166,8166,train/ISIC_0031537.jpg,0,1,0
8167,8167,train/ISIC_0026556.jpg,0,1,1
8168,8168,train/ISIC_0029708.jpg,0,1,1
8169,8169,train/ISIC_0024670.jpg,0,1,0
8170,8170,train/ISIC_0026704.jpg,0,1,1
8171,8171,train/ISIC_0028271.jpg,0,1,0
8172,8172,train/ISIC_0026043.jpg,0,1,0
8173,8173,train/ISIC_0029175.jpg,0,1,0
8174,8174,train/ISIC_0028641.jpg,0,1,0
8175,8175,train/ISIC_0030841.jpg,0,1,0
8176,8176,train/ISIC_0025057.jpg,0,1,0
8177,8177,train/ISIC_0027394.jpg,0,1,1
8178,8178,train/ISIC_0032438.jpg,0,1,0
8179,8179,train/ISIC_0030773.jpg,0,1,0
8180,8180,train/ISIC_0025710.jpg,0,1,1
8181,8181,train/ISIC_0031026.jpg,0,1,1
8182,8182,train/ISIC_0032918.jpg,1,1,0
8183,8183,train/ISIC_0029479.jpg,0,1,0
8184,8184,train/ISIC_0033715.jpg,0,1,0
8185,8185,train/ISIC_0025163.jpg,0,1,0
8186,8186,train/ISIC_0033359.jpg,0,1,0
8187,8187,train/ISIC_0024479.jpg,0,1,0
8188,8188,train/ISIC_0027138.jpg,0,1,0
8189,8189,train/ISIC_0030216.jpg,0,1,1
8190,8190,train/ISIC_0033576.jpg,0,1,1
8191,8191,train/ISIC_0027594.jpg,0,1,0
8192,8192,train/ISIC_0029287.jpg,0,1,0
8193,8193,train/ISIC_0029898.jpg,0,1,1
8194,8194,train/ISIC_0028715.jpg,0,1,0
8195,8195,train/ISIC_0025227.jpg,0,1,0
8196,8196,train/ISIC_0031145.jpg,0,1,0
8197,8197,train/ISIC_0033792.jpg,0,1,1
8198,8198,train/ISIC_0033231.jpg,0,1,0
8199,8199,train/ISIC_0028251.jpg,0,1,0
8200,8200,train/ISIC_0030356.jpg,1,1,0
8201,8201,train/ISIC_0025706.jpg,0,1,0
8202,8202,train/ISIC_0033358.jpg,1,1,1
8203,8203,train/ISIC_0027537.jpg,0,1,0
8204,8204,train/ISIC_0031169.jpg,0,1,1
8205,8205,train/ISIC_0027990.jpg,0,1,0
8206,8206,train/ISIC_0029603.jpg,0,1,1
8207,8207,train/ISIC_0024343.jpg,0,1,0
8208,8208,train/ISIC_0026220.jpg,0,1,0
8209,8209,train/ISIC_0032202.jpg,0,1,0
8210,8210,train/ISIC_0028983.jpg,0,1,0
8211,8211,train/ISIC_0030142.jpg,1,1,0
8212,8212,train/ISIC_0032176.jpg,0,1,1
8213,8213,train/ISIC_0028437.jpg,0,1,1
8214,8214,train/ISIC_0027756.jpg,0,1,0
8215,8215,train/ISIC_0026768.jpg,0,1,0
8216,8216,train/ISIC_0026921.jpg,0,1,1
8217,8217,train/ISIC_0024813.jpg,0,1,0
8218,8218,train/ISIC_0033486.jpg,0,1,1
8219,8219,train/ISIC_0026270.jpg,0,1,0
8220,8220,train/ISIC_0028130.jpg,0,1,0
8221,8221,train/ISIC_0026748.jpg,0,1,1
8222,8222,train/ISIC_0030030.jpg,0,1,0
8223,8223,train/ISIC_0032766.jpg,1,1,0
8224,8224,train/ISIC_0027855.jpg,0,1,0
8225,8225,train/ISIC_0026636.jpg,0,1,1
8226,8226,train/ISIC_0025899.jpg,0,1,0
8227,8227,train/ISIC_0024950.jpg,0,1,0
8228,8228,train/ISIC_0028682.jpg,0,1,0
8229,8229,train/ISIC_0026005.jpg,0,1,0
8230,8230,train/ISIC_0027962.jpg,0,1,0
8231,8231,train/ISIC_0030754.jpg,1,1,0
8232,8232,train/ISIC_0026504.jpg,0,1,0
8233,8233,train/ISIC_0024503.jpg,0,1,0
8234,8234,train/ISIC_0032143.jpg,0,1,0
8235,8235,train/ISIC_0025081.jpg,1,1,0
8236,8236,train/ISIC_0025913.jpg,0,1,0
8237,8237,train/ISIC_0026245.jpg,0,1,0
8238,8238,train/ISIC_0032344.jpg,0,1,0
8239,8239,train/ISIC_0031378.jpg,0,1,0
8240,8240,train/ISIC_0026617.jpg,0,1,0
8241,8241,train/ISIC_0026317.jpg,0,1,0
8242,8242,train/ISIC_0026722.jpg,0,1,1
8243,8243,train/ISIC_0029101.jpg,0,1,0
8244,8244,train/ISIC_0031040.jpg,1,1,1
8245,8245,train/ISIC_0024505.jpg,0,1,0
8246,8246,train/ISIC_0032642.jpg,0,1,0
8247,8247,train/ISIC_0028046.jpg,0,1,0
8248,8248,train/ISIC_0026548.jpg,0,1,1
8249,8249,train/ISIC_0026188.jpg,1,1,1
8250,8250,train/ISIC_0024425.jpg,0,1,0
8251,8251,train/ISIC_0024705.jpg,0,1,0
8252,8252,train/ISIC_0026419.jpg,0,1,0
8253,8253,train/ISIC_0032697.jpg,0,1,1
8254,8254,train/ISIC_0025241.jpg,0,1,1
8255,8255,train/ISIC_0030584.jpg,0,1,0
8256,8256,train/ISIC_0030396.jpg,0,1,0
8257,8257,train/ISIC_0033060.jpg,0,1,1
8258,8258,train/ISIC_0030544.jpg,0,1,0
8259,8259,train/ISIC_0031260.jpg,0,1,1
8260,8260,train/ISIC_0025576.jpg,0,1,0
8261,8261,train/ISIC_0032922.jpg,1,1,1
8262,8262,train/ISIC_0029929.jpg,0,1,1
8263,8263,train/ISIC_0024398.jpg,0,1,1
8264,8264,train/ISIC_0032997.jpg,0,1,1
8265,8265,train/ISIC_0025092.jpg,0,1,0
8266,8266,train/ISIC_0031518.jpg,0,1,1
8267,8267,train/ISIC_0031010.jpg,0,1,0
8268,8268,train/ISIC_0024844.jpg,0,1,0
8269,8269,train/ISIC_0024770.jpg,0,1,0
8270,8270,train/ISIC_0024511.jpg,1,1,0
8271,8271,train/ISIC_0033091.jpg,0,1,0
8272,8272,train/ISIC_0031757.jpg,0,1,0
8273,8273,train/ISIC_0028777.jpg,1,1,0
8274,8274,train/ISIC_0025462.jpg,0,1,0
8275,8275,train/ISIC_0033674.jpg,0,1,0
8276,8276,train/ISIC_0028531.jpg,0,1,0
8277,8277,train/ISIC_0024318.jpg,0,1,1
8278,8278,train/ISIC_0033835.jpg,0,1,0
8279,8279,train/ISIC_0027382.jpg,0,1,0
8280,8280,train/ISIC_0026152.jpg,1,1,1
8281,8281,train/ISIC_0028369.jpg,0,1,0
8282,8282,train/ISIC_0031721.jpg,0,1,1
8283,8283,train/ISIC_0032809.jpg,0,1,0
8284,8284,train/ISIC_0028268.jpg,0,1,0
8285,8285,train/ISIC_0034113.jpg,0,1,1
8286,8286,train/ISIC_0033939.jpg,0,1,0
8287,8287,train/ISIC_0025314.jpg,0,1,0
8288,8288,train/ISIC_0032201.jpg,0,1,0
8289,8289,train/ISIC_0030412.jpg,0,1,0
8290,8290,train/ISIC_0030003.jpg,0,1,0
8291,8291,train/ISIC_0031276.jpg,0,1,1
8292,8292,train/ISIC_0030908.jpg,0,1,0
8293,8293,train/ISIC_0028410.jpg,1,1,0
8294,8294,train/ISIC_0027839.jpg,0,1,0
8295,8295,train/ISIC_0030215.jpg,0,1,0
8296,8296,train/ISIC_0030103.jpg,0,1,0
8297,8297,train/ISIC_0032914.jpg,0,1,1
8298,8298,train/ISIC_0031480.jpg,0,1,0
8299,8299,train/ISIC_0033849.jpg,0,1,0
8300,8300,train/ISIC_0030275.jpg,0,1,0
8301,8301,train/ISIC_0033164.jpg,0,1,0
8302,8302,train/ISIC_0033926.jpg,0,1,1
8303,8303,train/ISIC_0032519.jpg,0,1,1
8304,8304,train/ISIC_0032592.jpg,1,1,1
8305,8305,train/ISIC_0030969.jpg,0,1,0
8306,8306,train/ISIC_0031616.jpg,0,1,0
8307,8307,train/ISIC_0026754.jpg,1,1,1
8308,8308,train/ISIC_0024432.jpg,0,1,1
8309,8309,train/ISIC_0029589.jpg,0,1,1
8310,8310,train/ISIC_0026304.jpg,0,1,0
8311,8311,train/ISIC_0030210.jpg,0,1,0
8312,8312,train/ISIC_0028157.jpg,0,1,1
8313,8313,train/ISIC_0029698.jpg,1,1,1
8314,8314,train/ISIC_0032405.jpg,0,1,0
8315,8315,train/ISIC_0029954.jpg,0,1,0
8316,8316,train/ISIC_0030409.jpg,0,1,0
8317,8317,train/ISIC_0034088.jpg,0,1,0
8318,8318,train/ISIC_0024434.jpg,0,1,0
8319,8319,train/ISIC_0033256.jpg,0,1,0
8320,8320,train/ISIC_0025308.jpg,0,1,0
8321,8321,train/ISIC_0032538.jpg,0,1,1
8322,8322,train/ISIC_0030910.jpg,1,1,1
8323,8323,train/ISIC_0029151.jpg,0,1,0
8324,8324,train/ISIC_0028023.jpg,0,1,0
8325,8325,train/ISIC_0025209.jpg,0,1,1
8326,8326,train/ISIC_0026578.jpg,0,1,0
8327,8327,train/ISIC_0026642.jpg,0,1,0
8328,8328,train/ISIC_0025535.jpg,0,1,0
8329,8329,train/ISIC_0027750.jpg,0,1,0
8330,8330,train/ISIC_0027562.jpg,1,1,0
8331,8331,train/ISIC_0027469.jpg,0,1,0
8332,8332,train/ISIC_0030098.jpg,0,1,0
8333,8333,train/ISIC_0024525.jpg,1,1,1
8334,8334,train/ISIC_0026922.jpg,0,1,0
8335,8335,train/ISIC_0030315.jpg,0,1,0
8336,8336,train/ISIC_0032548.jpg,0,1,0
8337,8337,train/ISIC_0025361.jpg,0,1,0
8338,8338,train/ISIC_0034189.jpg,0,1,1
8339,8339,train/ISIC_0024781.jpg,0,1,0
8340,8340,train/ISIC_0028224.jpg,1,1,0
8341,8341,train/ISIC_0029840.jpg,1,1,0
8342,8342,train/ISIC_0028880.jpg,0,1,0
8343,8343,train/ISIC_0033744.jpg,0,1,1
8344,8344,train/ISIC_0028044.jpg,0,1,0
8345,8345,train/ISIC_0033488.jpg,0,1,0
8346,8346,train/ISIC_0029219.jpg,0,1,1
8347,8347,train/ISIC_0028330.jpg,0,1,0
8348,8348,train/ISIC_0031974.jpg,0,1,0
8349,8349,train/ISIC_0031594.jpg,0,1,1
8350,8350,train/ISIC_0029894.jpg,0,1,1
8351,8351,train/ISIC_0029183.jpg,0,1,1
8352,8352,train/ISIC_0024749.jpg,0,1,1
8353,8353,train/ISIC_0026273.jpg,0,1,0
8354,8354,train/ISIC_0030776.jpg,0,1,0
8355,8355,train/ISIC_0034011.jpg,0,1,0
8356,8356,train/ISIC_0033384.jpg,0,1,0
8357,8357,train/ISIC_0031191.jpg,1,1,0
8358,8358,train/ISIC_0025495.jpg,0,1,0
8359,8359,train/ISIC_0027169.jpg,0,1,0
8360,8360,train/ISIC_0030732.jpg,0,1,1
8361,8361,train/ISIC_0034134.jpg,1,1,1
8362,8362,train/ISIC_0031889.jpg,0,1,0
8363,8363,train/ISIC_0032195.jpg,0,1,0
8364,8364,train/ISIC_0031827.jpg,0,1,0
8365,8365,train/ISIC_0030562.jpg,0,1,0
8366,8366,train/ISIC_0029716.jpg,0,1,0
8367,8367,train/ISIC_0025153.jpg,1,1,0
8368,8368,train/ISIC_0033195.jpg,0,1,0
8369,8369,train/ISIC_0032008.jpg,0,1,0
8370,8370,train/ISIC_0032581.jpg,0,1,0
8371,8371,train/ISIC_0030029.jpg,0,1,0
8372,8372,train/ISIC_0033290.jpg,0,1,0
8373,8373,train/ISIC_0026648.jpg,0,1,0
8374,8374,train/ISIC_0031491.jpg,0,1,1
8375,8375,train/ISIC_0029004.jpg,0,1,1
8376,8376,train/ISIC_0033823.jpg,0,1,0
8377,8377,train/ISIC_0031752.jpg,0,1,0
8378,8378,train/ISIC_0029458.jpg,0,1,0
8379,8379,train/ISIC_0034118.jpg,1,1,0
8380,8380,train/ISIC_0026765.jpg,1,1,0
8381,8381,train/ISIC_0024375.jpg,0,1,1
8382,8382,train/ISIC_0027435.jpg,0,1,1
8383,8383,train/ISIC_0026056.jpg,0,1,1
8384,8384,train/ISIC_0029874.jpg,0,1,0
8385,8385,train/ISIC_0033582.jpg,0,1,1
8386,8386,train/ISIC_0029484.jpg,0,1,0
8387,8387,train/ISIC_0029435.jpg,0,1,0
8388,8388,train/ISIC_0028175.jpg,0,1,0
8389,8389,train/ISIC_0032409.jpg,0,1,1
8390,8390,train/ISIC_0025613.jpg,0,1,0
8391,8391,train/ISIC_0027459.jpg,0,1,0
8392,8392,train/ISIC_0027642.jpg,0,1,0
8393,8393,train/ISIC_0028481.jpg,1,1,1
8394,8394,train/ISIC_0026202.jpg,0,1,0
8395,8395,train/ISIC_0032594.jpg,0,1,0
8396,8396,train/ISIC_0034239.jpg,1,1,1
8397,8397,train/ISIC_0027076.jpg,1,1,1
8398,8398,train/ISIC_0027917.jpg,0,1,0
8399,8399,train/ISIC_0030633.jpg,0,1,0
8400,8400,train/ISIC_0032349.jpg,1,1,0
8401,8401,train/ISIC_0024522.jpg,1,1,1
8402,8402,train/ISIC_0024484.jpg,0,1,0
8403,8403,train/ISIC_0026068.jpg,0,1,0
8404,8404,train/ISIC_0032816.jpg,0,1,1
8405,8405,train/ISIC_0031458.jpg,0,1,0
8406,8406,train/ISIC_0030777.jpg,0,1,0
8407,8407,train/ISIC_0031987.jpg,0,1,0
8408,8408,train/ISIC_0027806.jpg,0,1,1
8409,8409,train/ISIC_0032111.jpg,0,1,1
8410,8410,train/ISIC_0033313.jpg,0,1,0
8411,8411,train/ISIC_0025457.jpg,0,1,0
8412,8412,train/ISIC_0032274.jpg,0,1,0
8413,8413,train/ISIC_0024647.jpg,1,1,1
8414,8414,train/ISIC_0029793.jpg,0,1,1
8415,8415,train/ISIC_0028143.jpg,0,1,0
8416,8416,train/ISIC_0029471.jpg,0,1,0
8417,8417,train/ISIC_0034006.jpg,1,1,0
8418,8418,train/ISIC_0034071.jpg,1,1,0
8419,8419,train/ISIC_0024673.jpg,0,1,1
8420,8420,train/ISIC_0033585.jpg,0,1,0
8421,8421,train/ISIC_0030406.jpg,0,1,0
8422,8422,train/ISIC_0026910.jpg,0,1,0
8423,8423,train/ISIC_0024371.jpg,0,1,1
8424,8424,train/ISIC_0034274.jpg,0,1,0
8425,8425,train/ISIC_0024546.jpg,1,1,1
8426,8426,train/ISIC_0029808.jpg,0,1,1
8427,8427,train/ISIC_0031041.jpg,0,1,1
8428,8428,train/ISIC_0028053.jpg,0,1,0
8429,8429,train/ISIC_0027754.jpg,0,1,0
8430,8430,train/ISIC_0032743.jpg,0,1,0
8431,8431,train/ISIC_0028862.jpg,0,1,0
8432,8432,train/ISIC_0028869.jpg,0,1,0
8433,8433,train/ISIC_0028483.jpg,0,1,0
8434,8434,train/ISIC_0029928.jpg,0,1,0
8435,8435,train/ISIC_0025949.jpg,0,1,0
8436,8436,train/ISIC_0027804.jpg,0,1,0
8437,8437,train/ISIC_0032394.jpg,0,1,0
8438,8438,train/ISIC_0027198.jpg,0,1,0
8439,8439,train/ISIC_0025287.jpg,0,1,0
8440,8440,train/ISIC_0028949.jpg,0,1,0
8441,8441,train/ISIC_0028215.jpg,1,1,1
8442,8442,train/ISIC_0025618.jpg,0,1,0
8443,8443,train/ISIC_0027705.jpg,0,1,0
8444,8444,train/ISIC_0028831.jpg,0,1,0
8445,8445,train/ISIC_0029921.jpg,0,1,0
8446,8446,train/ISIC_0024952.jpg,1,1,0
8447,8447,train/ISIC_0030244.jpg,0,1,0
8448,8448,train/ISIC_0028680.jpg,0,1,0
8449,8449,train/ISIC_0024351.jpg,1,1,1
8450,8450,train/ISIC_0031652.jpg,0,1,0
8451,8451,train/ISIC_0026657.jpg,0,1,0
8452,8452,train/ISIC_0030259.jpg,0,1,0
8453,8453,train/ISIC_0031681.jpg,0,1,0
8454,8454,train/ISIC_0030951.jpg,1,1,1
8455,8455,train/ISIC_0032768.jpg,0,1,0
8456,8456,train/ISIC_0027945.jpg,0,1,0
8457,8457,train/ISIC_0027189.jpg,0,1,1
8458,8458,train/ISIC_0027694.jpg,0,1,0
8459,8459,train/ISIC_0031136.jpg,0,1,0
8460,8460,train/ISIC_0033808.jpg,0,1,0
8461,8461,train/ISIC_0031129.jpg,0,1,0
8462,8462,train/ISIC_0025774.jpg,0,1,0
8463,8463,train/ISIC_0027963.jpg,0,1,0
8464,8464,train/ISIC_0026540.jpg,0,1,0
8465,8465,train/ISIC_0033571.jpg,0,1,0
8466,8466,train/ISIC_0030366.jpg,1,1,0
8467,8467,train/ISIC_0031417.jpg,1,1,0
8468,8468,train/ISIC_0032135.jpg,1,1,1
8469,8469,train/ISIC_0030087.jpg,0,1,0
8470,8470,train/ISIC_0031464.jpg,0,1,1
8471,8471,train/ISIC_0030297.jpg,1,1,1
8472,8472,train/ISIC_0033797.jpg,0,1,0
8473,8473,train/ISIC_0029166.jpg,0,1,0
8474,8474,train/ISIC_0028646.jpg,0,1,1
8475,8475,train/ISIC_0033671.jpg,0,1,0
8476,8476,train/ISIC_0031560.jpg,0,1,0
8477,8477,train/ISIC_0029261.jpg,0,1,0
8478,8478,train/ISIC_0028920.jpg,0,1,1
8479,8479,train/ISIC_0025235.jpg,1,1,0
8480,8480,train/ISIC_0031198.jpg,1,1,0
8481,8481,train/ISIC_0032117.jpg,0,1,0
8482,8482,train/ISIC_0032432.jpg,0,1,0
8483,8483,train/ISIC_0025838.jpg,0,1,1
8484,8484,train/ISIC_0032408.jpg,1,1,0
8485,8485,train/ISIC_0032370.jpg,0,1,0
8486,8486,train/ISIC_0033350.jpg,0,1,0
8487,8487,train/ISIC_0025424.jpg,0,1,0
8488,8488,train/ISIC_0024491.jpg,0,1,1
8489,8489,train/ISIC_0027847.jpg,0,1,1
8490,8490,train/ISIC_0029406.jpg,0,1,1
8491,8491,train/ISIC_0033007.jpg,0,1,0
8492,8492,train/ISIC_0031623.jpg,0,1,0
8493,8493,train/ISIC_0030091.jpg,0,1,0
8494,8494,train/ISIC_0030589.jpg,0,1,0
8495,8495,train/ISIC_0028961.jpg,0,1,0
8496,8496,train/ISIC_0033258.jpg,1,1,1
8497,8497,train/ISIC_0028594.jpg,0,1,0
8498,8498,train/ISIC_0029103.jpg,0,1,0
8499,8499,train/ISIC_0030372.jpg,0,1,1
8500,8500,train/ISIC_0031473.jpg,0,1,1
8501,8501,train/ISIC_0030466.jpg,0,1,0
8502,8502,train/ISIC_0029556.jpg,0,1,0
8503,8503,train/ISIC_0030641.jpg,0,1,0
8504,8504,train/ISIC_0029383.jpg,0,1,0
8505,8505,train/ISIC_0029559.jpg,0,1,1
8506,8506,train/ISIC_0028202.jpg,0,1,1
8507,8507,train/ISIC_0027870.jpg,0,1,0
8508,8508,train/ISIC_0032959.jpg,0,1,0
8509,8509,train/ISIC_0026973.jpg,0,1,1
8510,8510,train/ISIC_0025725.jpg,0,1,0
8511,8511,train/ISIC_0027004.jpg,0,1,1
8512,8512,train/ISIC_0027638.jpg,0,1,0
8513,8513,train/ISIC_0034318.jpg,0,1,0
8514,8514,train/ISIC_0030735.jpg,0,1,0
8515,8515,train/ISIC_0032179.jpg,0,1,1
8516,8516,train/ISIC_0026876.jpg,0,1,0
8517,8517,train/ISIC_0025160.jpg,0,1,0
8518,8518,train/ISIC_0024538.jpg,0,1,0
8519,8519,train/ISIC_0031915.jpg,1,1,0
8520,8520,train/ISIC_0030833.jpg,0,1,0
8521,8521,train/ISIC_0033512.jpg,0,1,0
8522,8522,train/ISIC_0033423.jpg,0,1,0
8523,8523,train/ISIC_0032152.jpg,1,1,0
8524,8524,train/ISIC_0025025.jpg,0,1,0
8525,8525,train/ISIC_0028868.jpg,0,1,0
8526,8526,train/ISIC_0028975.jpg,0,1,0
8527,8527,train/ISIC_0030972.jpg,0,1,1
8528,8528,train/ISIC_0024490.jpg,0,1,1
8529,8529,train/ISIC_0028942.jpg,0,1,0
8530,8530,train/ISIC_0026290.jpg,0,1,1
8531,8531,train/ISIC_0032299.jpg,0,1,0
8532,8532,train/ISIC_0030594.jpg,0,1,1
8533,8533,train/ISIC_0033969.jpg,0,1,0
8534,8534,train/ISIC_0029348.jpg,0,1,1
8535,8535,train/ISIC_0024395.jpg,0,1,0
8536,8536,train/ISIC_0031346.jpg,0,1,1
8537,8537,train/ISIC_0029386.jpg,0,1,0
8538,8538,train/ISIC_0033166.jpg,1,1,0
8539,8539,train/ISIC_0032842.jpg,0,1,0
8540,8540,train/ISIC_0029553.jpg,0,1,0
8541,8541,train/ISIC_0027964.jpg,1,1,0
8542,8542,train/ISIC_0029742.jpg,0,1,0
8543,8543,train/ISIC_0033352.jpg,0,1,0
8544,8544,train/ISIC_0027440.jpg,0,1,0
8545,8545,train/ISIC_0024833.jpg,0,1,1
8546,8546,train/ISIC_0034150.jpg,1,1,1
8547,8547,train/ISIC_0029658.jpg,0,1,0
8548,8548,train/ISIC_0025761.jpg,0,1,1
8549,8549,train/ISIC_0027786.jpg,0,1,0
8550,8550,train/ISIC_0032703.jpg,0,1,1
8551,8551,train/ISIC_0028793.jpg,0,1,0
8552,8552,train/ISIC_0030792.jpg,0,1,1
8553,8553,train/ISIC_0030434.jpg,0,1,0
8554,8554,train/ISIC_0030672.jpg,0,1,0
8555,8555,train/ISIC_0034106.jpg,1,1,1
8556,8556,train/ISIC_0029034.jpg,0,1,1
8557,8557,train/ISIC_0026020.jpg,0,1,0
8558,8558,train/ISIC_0032428.jpg,0,1,0
8559,8559,train/ISIC_0031550.jpg,1,1,1
8560,8560,train/ISIC_0031279.jpg,0,1,0
8561,8561,train/ISIC_0027147.jpg,0,1,1
8562,8562,train/ISIC_0033351.jpg,0,1,1
8563,8563,train/ISIC_0029702.jpg,0,1,0
8564,8564,train/ISIC_0030999.jpg,0,1,0
8565,8565,train/ISIC_0030200.jpg,0,1,0
8566,8566,train/ISIC_0029687.jpg,0,1,0
8567,8567,train/ISIC_0028768.jpg,0,1,1
8568,8568,train/ISIC_0033378.jpg,0,1,1
8569,8569,train/ISIC_0027263.jpg,1,1,1
8570,8570,train/ISIC_0032369.jpg,0,1,0
8571,8571,train/ISIC_0033142.jpg,0,1,1
8572,8572,train/ISIC_0027444.jpg,0,1,1
8573,8573,train/ISIC_0024610.jpg,0,1,0
8574,8574,train/ISIC_0033402.jpg,0,1,0
8575,8575,train/ISIC_0029055.jpg,0,1,0
8576,8576,train/ISIC_0031562.jpg,0,1,0
8577,8577,train/ISIC_0026572.jpg,0,1,0
8578,8578,train/ISIC_0029801.jpg,0,1,1
8579,8579,train/ISIC_0032784.jpg,0,1,0
8580,8580,train/ISIC_0032317.jpg,0,1,0
8581,8581,train/ISIC_0032178.jpg,0,1,1
8582,8582,train/ISIC_0031770.jpg,0,1,0
8583,8583,train/ISIC_0026473.jpg,0,1,1
8584,8584,train/ISIC_0033755.jpg,0,1,0
8585,8585,train/ISIC_0031214.jpg,0,1,1
8586,8586,train/ISIC_0027403.jpg,0,1,0
8587,8587,train/ISIC_0029739.jpg,0,1,0
8588,8588,train/ISIC_0029683.jpg,0,1,1
8589,8589,train/ISIC_0030404.jpg,0,1,0
8590,8590,train/ISIC_0024449.jpg,1,1,0
8591,8591,train/ISIC_0028024.jpg,0,1,0
8592,8592,train/ISIC_0028386.jpg,0,1,0
8593,8593,train/ISIC_0030405.jpg,0,1,0
8594,8594,train/ISIC_0031448.jpg,0,1,0
8595,8595,train/ISIC_0033503.jpg,0,1,1
8596,8596,train/ISIC_0031606.jpg,0,1,0
8597,8597,train/ISIC_0029467.jpg,0,1,0
8598,8598,train/ISIC_0028851.jpg,0,1,0
8599,8599,train/ISIC_0028890.jpg,0,1,1
8600,8600,train/ISIC_0026511.jpg,0,1,0
8601,8601,train/ISIC_0025677.jpg,0,1,0
8602,8602,train/ISIC_0028667.jpg,0,1,0
8603,8603,train/ISIC_0031370.jpg,0,1,0
8604,8604,train/ISIC_0026256.jpg,0,1,0
8605,8605,train/ISIC_0031178.jpg,0,1,0
8606,8606,train/ISIC_0028652.jpg,0,1,1
8607,8607,train/ISIC_0028504.jpg,0,1,0
8608,8608,train/ISIC_0031219.jpg,0,1,0
8609,8609,train/ISIC_0025193.jpg,0,1,0
8610,8610,train/ISIC_0025309.jpg,0,1,0
8611,8611,train/ISIC_0031308.jpg,0,1,0
8612,8612,train/ISIC_0031714.jpg,0,1,1
8613,8613,train/ISIC_0024651.jpg,0,1,0
8614,8614,train/ISIC_0025673.jpg,0,1,0
8615,8615,train/ISIC_0027008.jpg,0,1,1
8616,8616,train/ISIC_0033820.jpg,1,1,1
8617,8617,train/ISIC_0026482.jpg,0,1,1
8618,8618,train/ISIC_0026543.jpg,0,1,1
8619,8619,train/ISIC_0025603.jpg,1,1,1
8620,8620,train/ISIC_0026715.jpg,0,1,0
8621,8621,train/ISIC_0030758.jpg,0,1,1
8622,8622,train/ISIC_0031631.jpg,0,1,0
8623,8623,train/ISIC_0029178.jpg,0,1,0
8624,8624,train/ISIC_0032510.jpg,0,1,0
8625,8625,train/ISIC_0031895.jpg,0,1,0
8626,8626,train/ISIC_0034092.jpg,1,1,1
8627,8627,train/ISIC_0032474.jpg,0,1,0
8628,8628,train/ISIC_0031351.jpg,0,1,1
8629,8629,train/ISIC_0026749.jpg,0,1,0
8630,8630,train/ISIC_0030620.jpg,0,1,0
8631,8631,train/ISIC_0027880.jpg,0,1,1
8632,8632,train/ISIC_0032751.jpg,1,1,0
8633,8633,train/ISIC_0034096.jpg,0,1,0
8634,8634,train/ISIC_0033972.jpg,0,1,0
8635,8635,train/ISIC_0032039.jpg,0,1,0
8636,8636,train/ISIC_0024775.jpg,0,1,0
8637,8637,train/ISIC_0028310.jpg,0,1,0
8638,8638,train/ISIC_0024946.jpg,1,1,0
8639,8639,train/ISIC_0033367.jpg,0,1,0
8640,8640,train/ISIC_0027301.jpg,0,1,0
8641,8641,train/ISIC_0027591.jpg,0,1,0
8642,8642,train/ISIC_0029899.jpg,0,1,0
8643,8643,train/ISIC_0032500.jpg,0,1,0
8644,8644,train/ISIC_0033094.jpg,0,1,0
8645,8645,train/ISIC_0031513.jpg,0,1,0
8646,8646,train/ISIC_0025954.jpg,0,1,0
8647,8647,train/ISIC_0026396.jpg,0,1,0
8648,8648,train/ISIC_0024471.jpg,0,1,0
8649,8649,train/ISIC_0028442.jpg,1,1,1
8650,8650,train/ISIC_0026096.jpg,0,1,0
8651,8651,train/ISIC_0030866.jpg,0,1,0
8652,8652,train/ISIC_0032082.jpg,0,1,0
8653,8653,train/ISIC_0031685.jpg,0,1,0
8654,8654,train/ISIC_0031778.jpg,1,1,1
8655,8655,train/ISIC_0030909.jpg,0,1,0
8656,8656,train/ISIC_0027033.jpg,1,1,1
8657,8657,train/ISIC_0029472.jpg,0,1,1
8658,8658,train/ISIC_0029032.jpg,0,1,1
8659,8659,train/ISIC_0026461.jpg,0,1,0
8660,8660,train/ISIC_0031706.jpg,0,1,0
8661,8661,train/ISIC_0025823.jpg,0,1,0
8662,8662,train/ISIC_0029988.jpg,0,1,0
8663,8663,train/ISIC_0032952.jpg,0,1,0
8664,8664,train/ISIC_0032623.jpg,0,1,0
8665,8665,train/ISIC_0024963.jpg,0,1,0
8666,8666,train/ISIC_0027593.jpg,0,1,1
8667,8667,train/ISIC_0026076.jpg,0,1,0
8668,8668,train/ISIC_0031935.jpg,0,1,0
8669,8669,train/ISIC_0025245.jpg,0,1,0
8670,8670,train/ISIC_0030585.jpg,0,1,0
8671,8671,train/ISIC_0033667.jpg,0,1,1
8672,8672,train/ISIC_0027210.jpg,0,1,0
8673,8673,train/ISIC_0031182.jpg,0,1,0
8674,8674,train/ISIC_0029861.jpg,0,1,0
8675,8675,train/ISIC_0024322.jpg,0,1,1
8676,8676,train/ISIC_0031973.jpg,0,1,0
8677,8677,train/ISIC_0032859.jpg,0,1,0
8678,8678,train/ISIC_0033428.jpg,1,1,1
8679,8679,train/ISIC_0024666.jpg,0,1,1
8680,8680,train/ISIC_0032712.jpg,0,1,0
8681,8681,train/ISIC_0024981.jpg,0,1,1
8682,8682,train/ISIC_0029996.jpg,0,1,0
8683,8683,train/ISIC_0028474.jpg,0,1,0
8684,8684,train/ISIC_0032844.jpg,1,1,0
8685,8685,train/ISIC_0032365.jpg,0,1,0
8686,8686,train/ISIC_0026431.jpg,0,1,0
8687,8687,train/ISIC_0024964.jpg,0,1,0
8688,8688,train/ISIC_0028792.jpg,0,1,1
8689,8689,train/ISIC_0032584.jpg,0,1,0
8690,8690,train/ISIC_0027805.jpg,0,1,0
8691,8691,train/ISIC_0028322.jpg,0,1,0
8692,8692,train/ISIC_0024802.jpg,0,1,1
8693,8693,train/ISIC_0029292.jpg,0,1,0
8694,8694,train/ISIC_0030748.jpg,0,1,1
8695,8695,train/ISIC_0027783.jpg,0,1,0
8696,8696,train/ISIC_0032148.jpg,0,1,0
8697,8697,train/ISIC_0033557.jpg,0,1,0
8698,8698,train/ISIC_0032822.jpg,0,1,0
8699,8699,train/ISIC_0031284.jpg,0,1,1
8700,8700,train/ISIC_0028376.jpg,0,1,1
8701,8701,train/ISIC_0029248.jpg,0,1,0
8702,8702,train/ISIC_0029266.jpg,0,1,0
8703,8703,train/ISIC_0030373.jpg,0,1,0
8704,8704,train/ISIC_0029260.jpg,0,1,1
8705,8705,train/ISIC_0032693.jpg,0,1,0
8706,8706,train/ISIC_0032236.jpg,0,1,0
8707,8707,train/ISIC_0024938.jpg,0,1,1
8708,8708,train/ISIC_0024429.jpg,0,1,0
8709,8709,train/ISIC_0032284.jpg,0,1,0
8710,8710,train/ISIC_0026914.jpg,0,1,0
8711,8711,train/ISIC_0026275.jpg,0,1,1
8712,8712,train/ISIC_0034235.jpg,0,1,1
8713,8713,train/ISIC_0034099.jpg,0,1,0
8714,8714,train/ISIC_0026577.jpg,0,1,1
8715,8715,train/ISIC_0025333.jpg,0,1,0
8716,8716,train/ISIC_0027551.jpg,0,1,1
8717,8717,train/ISIC_0029475.jpg,0,1,1
8718,8718,train/ISIC_0025991.jpg,0,1,0
8719,8719,train/ISIC_0032043.jpg,0,1,0
8720,8720,train/ISIC_0031937.jpg,0,1,0
8721,8721,train/ISIC_0033509.jpg,0,1,1
8722,8722,train/ISIC_0030960.jpg,0,1,0
8723,8723,train/ISIC_0026671.jpg,0,1,0
8724,8724,train/ISIC_0026154.jpg,0,1,1
8725,8725,train/ISIC_0032746.jpg,0,1,1
8726,8726,train/ISIC_0027066.jpg,0,1,1
8727,8727,train/ISIC_0029715.jpg,1,1,1
8728,8728,train/ISIC_0028947.jpg,0,1,0
8729,8729,train/ISIC_0027251.jpg,0,1,0
8730,8730,train/ISIC_0024720.jpg,0,1,0
8731,8731,train/ISIC_0025792.jpg,0,1,0
8732,8732,train/ISIC_0032542.jpg,0,1,0
8733,8733,train/ISIC_0030805.jpg,0,1,0
8734,8734,train/ISIC_0031290.jpg,0,1,0
8735,8735,train/ISIC_0034251.jpg,0,1,1
8736,8736,train/ISIC_0028532.jpg,0,1,0
8737,8737,train/ISIC_0030448.jpg,0,1,0
8738,8738,train/ISIC_0031718.jpg,1,1,1
8739,8739,train/ISIC_0024750.jpg,0,1,0
8740,8740,train/ISIC_0024590.jpg,0,1,1
8741,8741,train/ISIC_0029041.jpg,1,1,1
8742,8742,train/ISIC_0024806.jpg,1,1,1
8743,8743,train/ISIC_0027904.jpg,1,1,0
8744,8744,train/ISIC_0032769.jpg,0,1,0
8745,8745,train/ISIC_0025026.jpg,0,1,0
8746,8746,train/ISIC_0031274.jpg,0,1,1
8747,8747,train/ISIC_0033511.jpg,0,1,0
8748,8748,train/ISIC_0033633.jpg,0,1,0
8749,8749,train/ISIC_0024748.jpg,0,1,0
8750,8750,train/ISIC_0034161.jpg,0,1,0
8751,8751,train/ISIC_0028533.jpg,0,1,0
8752,8752,train/ISIC_0033435.jpg,0,1,0
8753,8753,train/ISIC_0028395.jpg,0,1,0
8754,8754,train/ISIC_0030206.jpg,0,1,0
8755,8755,train/ISIC_0026288.jpg,0,1,0
8756,8756,train/ISIC_0028883.jpg,0,1,0
8757,8757,train/ISIC_0026356.jpg,0,1,0
8758,8758,train/ISIC_0029412.jpg,0,1,1
8759,8759,train/ISIC_0033492.jpg,0,1,0
8760,8760,train/ISIC_0030179.jpg,0,1,0
8761,8761,train/ISIC_0028493.jpg,1,1,1
8762,8762,train/ISIC_0025682.jpg,0,1,0
8763,8763,train/ISIC_0028573.jpg,0,1,1
8764,8764,train/ISIC_0027011.jpg,0,1,1
8765,8765,train/ISIC_0030791.jpg,0,1,0
8766,8766,train/ISIC_0030423.jpg,1,1,1
8767,8767,train/ISIC_0029767.jpg,0,1,0
8768,8768,train/ISIC_0025167.jpg,0,1,0
8769,8769,train/ISIC_0033961.jpg,0,1,0
8770,8770,train/ISIC_0033333.jpg,1,1,0
8771,8771,train/ISIC_0028859.jpg,0,1,0
8772,8772,train/ISIC_0032217.jpg,0,1,0
8773,8773,train/ISIC_0032711.jpg,0,1,0
8774,8774,train/ISIC_0025420.jpg,0,1,0
8775,8775,train/ISIC_0027530.jpg,0,1,0
8776,8776,train/ISIC_0025964.jpg,1,1,0
8777,8777,train/ISIC_0032314.jpg,0,1,1
8778,8778,train/ISIC_0031062.jpg,0,1,1
8779,8779,train/ISIC_0026094.jpg,1,1,0
8780,8780,train/ISIC_0033088.jpg,0,1,0
8781,8781,train/ISIC_0030268.jpg,0,1,0
8782,8782,train/ISIC_0028381.jpg,1,1,0
8783,8783,train/ISIC_0033532.jpg,0,1,0
8784,8784,train/ISIC_0029964.jpg,0,1,0
8785,8785,train/ISIC_0029206.jpg,0,1,1
8786,8786,train/ISIC_0031561.jpg,1,1,0
8787,8787,train/ISIC_0027014.jpg,0,1,0
8788,8788,train/ISIC_0033223.jpg,0,1,0
8789,8789,train/ISIC_0030399.jpg,0,1,0
8790,8790,train/ISIC_0031649.jpg,0,1,0
8791,8791,train/ISIC_0028911.jpg,0,1,0
8792,8792,train/ISIC_0031921.jpg,0,1,0
8793,8793,train/ISIC_0031914.jpg,0,1,0
8794,8794,train/ISIC_0028560.jpg,0,1,1
8795,8795,train/ISIC_0032003.jpg,0,1,0
8796,8796,train/ISIC_0024679.jpg,1,1,0
8797,8797,train/ISIC_0028062.jpg,0,1,0
8798,8798,train/ISIC_0029781.jpg,1,1,1
8799,8799,train/ISIC_0031159.jpg,0,1,0
8800,8800,train/ISIC_0029764.jpg,0,1,1
8801,8801,train/ISIC_0032102.jpg,0,1,0
8802,8802,train/ISIC_0031091.jpg,0,1,0
8803,8803,train/ISIC_0034132.jpg,1,1,1
8804,8804,train/ISIC_0026077.jpg,0,1,0
8805,8805,train/ISIC_0026812.jpg,0,1,0
8806,8806,train/ISIC_0032209.jpg,0,1,0
8807,8807,train/ISIC_0033097.jpg,0,1,0
8808,8808,train/ISIC_0032489.jpg,0,1,0
8809,8809,train/ISIC_0029740.jpg,1,1,1
8810,8810,train/ISIC_0026994.jpg,0,1,0
8811,8811,train/ISIC_0029917.jpg,0,1,1
8812,8812,train/ISIC_0031810.jpg,0,1,1
8813,8813,train/ISIC_0029856.jpg,0,1,1
8814,8814,train/ISIC_0024986.jpg,0,1,0
8815,8815,train/ISIC_0026388.jpg,1,1,1
8816,8816,train/ISIC_0027304.jpg,0,1,0
8817,8817,train/ISIC_0030923.jpg,0,1,1
8818,8818,train/ISIC_0030072.jpg,0,1,0
8819,8819,train/ISIC_0033360.jpg,0,1,0
8820,8820,train/ISIC_0032722.jpg,1,1,0
8821,8821,train/ISIC_0031134.jpg,0,1,1
8822,8822,train/ISIC_0029153.jpg,0,1,0
8823,8823,train/ISIC_0029483.jpg,0,1,0
8824,8824,train/ISIC_0024977.jpg,0,1,0
8825,8825,train/ISIC_0027800.jpg,0,1,0
8826,8826,train/ISIC_0030986.jpg,1,1,0
8827,8827,train/ISIC_0029785.jpg,0,1,1
8828,8828,train/ISIC_0025093.jpg,0,1,0
8829,8829,train/ISIC_0030704.jpg,0,1,1
8830,8830,train/ISIC_0030506.jpg,0,1,0
8831,8831,train/ISIC_0029951.jpg,0,1,1
8832,8832,train/ISIC_0029327.jpg,0,1,1
8833,8833,train/ISIC_0030440.jpg,1,1,0
8834,8834,train/ISIC_0028938.jpg,0,1,0
8835,8835,train/ISIC_0034067.jpg,0,1,1
8836,8836,train/ISIC_0024603.jpg,0,1,1
8837,8837,train/ISIC_0025907.jpg,0,1,0
8838,8838,train/ISIC_0028800.jpg,0,1,0
8839,8839,train/ISIC_0030821.jpg,1,1,1
8840,8840,train/ISIC_0031952.jpg,0,1,0
8841,8841,train/ISIC_0028468.jpg,0,1,1
8842,8842,train/ISIC_0030459.jpg,0,1,1
8843,8843,train/ISIC_0030273.jpg,0,1,1
8844,8844,train/ISIC_0026189.jpg,0,1,1
8845,8845,train/ISIC_0033851.jpg,0,1,0
8846,8846,train/ISIC_0030173.jpg,0,1,0
8847,8847,train/ISIC_0025198.jpg,0,1,0
8848,8848,train/ISIC_0024847.jpg,0,1,0
8849,8849,train/ISIC_0033291.jpg,0,1,0
8850,8850,train/ISIC_0028817.jpg,0,1,0
8851,8851,train/ISIC_0029189.jpg,0,1,0
8852,8852,train/ISIC_0024426.jpg,0,1,0
8853,8853,train/ISIC_0028639.jpg,0,1,0
8854,8854,train/ISIC_0033072.jpg,0,1,0
8855,8855,train/ISIC_0024481.jpg,1,1,0
8856,8856,train/ISIC_0025359.jpg,0,1,0
8857,8857,train/ISIC_0028430.jpg,0,1,0
8858,8858,train/ISIC_0028115.jpg,0,1,0
8859,8859,train/ISIC_0033416.jpg,1,1,1
8860,8860,train/ISIC_0026251.jpg,0,1,0
8861,8861,train/ISIC_0032336.jpg,0,1,0
8862,8862,train/ISIC_0025756.jpg,0,1,0
8863,8863,train/ISIC_0029823.jpg,0,1,0
8864,8864,train/ISIC_0032128.jpg,0,1,1
8865,8865,train/ISIC_0031398.jpg,0,1,0
8866,8866,train/ISIC_0030953.jpg,1,1,1
8867,8867,train/ISIC_0025384.jpg,0,1,0
8868,8868,train/ISIC_0028012.jpg,0,1,0
8869,8869,train/ISIC_0026555.jpg,0,1,0
8870,8870,train/ISIC_0029387.jpg,0,1,1
8871,8871,train/ISIC_0033129.jpg,1,1,0
8872,8872,train/ISIC_0028470.jpg,0,1,0
8873,8873,train/ISIC_0030400.jpg,0,1,0
8874,8874,train/ISIC_0028016.jpg,0,1,0
8875,8875,train/ISIC_0033781.jpg,0,1,0
8876,8876,train/ISIC_0027998.jpg,0,1,1
8877,8877,train/ISIC_0032888.jpg,1,1,0
8878,8878,train/ISIC_0030006.jpg,0,1,0
8879,8879,train/ISIC_0029833.jpg,0,1,0
8880,8880,train/ISIC_0026589.jpg,0,1,0
8881,8881,train/ISIC_0026228.jpg,0,1,0
8882,8882,train/ISIC_0026348.jpg,0,1,0
8883,8883,train/ISIC_0032796.jpg,0,1,0
8884,8884,train/ISIC_0030604.jpg,1,1,0
8885,8885,train/ISIC_0026041.jpg,0,1,0
8886,8886,train/ISIC_0034257.jpg,0,1,0
8887,8887,train/ISIC_0025772.jpg,0,1,0
8888,8888,train/ISIC_0031890.jpg,1,1,1
8889,8889,train/ISIC_0026634.jpg,0,1,1
8890,8890,train/ISIC_0034016.jpg,0,1,0
8891,8891,train/ISIC_0029729.jpg,0,1,1
8892,8892,train/ISIC_0034271.jpg,0,1,0
8893,8893,train/ISIC_0027765.jpg,0,1,0
8894,8894,train/ISIC_0024368.jpg,0,1,1
8895,8895,train/ISIC_0027099.jpg,0,1,1
8896,8896,train/ISIC_0025283.jpg,0,1,0
8897,8897,train/ISIC_0026108.jpg,0,1,0
8898,8898,train/ISIC_0029207.jpg,0,1,0
8899,8899,train/ISIC_0030249.jpg,0,1,1
8900,8900,train/ISIC_0025505.jpg,0,1,0
8901,8901,train/ISIC_0031068.jpg,0,1,0
8902,8902,train/ISIC_0031472.jpg,0,1,0
8903,8903,train/ISIC_0029555.jpg,0,1,1
8904,8904,train/ISIC_0024715.jpg,0,1,0
8905,8905,train/ISIC_0026201.jpg,0,1,0
8906,8906,train/ISIC_0033123.jpg,0,1,0
8907,8907,train/ISIC_0031188.jpg,0,1,1
8908,8908,train/ISIC_0026898.jpg,0,1,1
8909,8909,train/ISIC_0025726.jpg,0,1,0
8910,8910,train/ISIC_0028325.jpg,1,1,1
8911,8911,train/ISIC_0031316.jpg,0,1,0
8912,8912,train/ISIC_0026506.jpg,1,1,0
8913,8913,train/ISIC_0025932.jpg,0,1,1
8914,8914,train/ISIC_0030092.jpg,0,1,0
8915,8915,train/ISIC_0034095.jpg,0,1,0
8916,8916,train/ISIC_0031362.jpg,0,1,1
8917,8917,train/ISIC_0032684.jpg,1,1,0
8918,8918,train/ISIC_0029548.jpg,0,1,1
8919,8919,train/ISIC_0026483.jpg,0,1,1
8920,8920,train/ISIC_0025660.jpg,0,1,0
8921,8921,train/ISIC_0033366.jpg,0,1,1
8922,8922,train/ISIC_0024374.jpg,0,1,0
8923,8923,train/ISIC_0030161.jpg,0,1,0
8924,8924,train/ISIC_0026784.jpg,0,1,0
8925,8925,train/ISIC_0031350.jpg,1,1,0
8926,8926,train/ISIC_0031785.jpg,0,1,0
8927,8927,train/ISIC_0025501.jpg,0,1,0
8928,8928,train/ISIC_0031727.jpg,0,1,0
8929,8929,train/ISIC_0028923.jpg,0,1,1
8930,8930,train/ISIC_0034269.jpg,1,1,1
8931,8931,train/ISIC_0029948.jpg,0,1,0
8932,8932,train/ISIC_0029185.jpg,0,1,0
8933,8933,train/ISIC_0028073.jpg,0,1,0
8934,8934,train/ISIC_0029583.jpg,0,1,1
8935,8935,train/ISIC_0028457.jpg,0,1,1
8936,8936,train/ISIC_0031744.jpg,0,1,0
8937,8937,train/ISIC_0026340.jpg,0,1,0
8938,8938,train/ISIC_0027513.jpg,0,1,0
8939,8939,train/ISIC_0031142.jpg,0,1,0
8940,8940,train/ISIC_0024855.jpg,0,1,0
8941,8941,train/ISIC_0033361.jpg,0,1,0
8942,8942,train/ISIC_0032269.jpg,1,1,0
8943,8943,train/ISIC_0029836.jpg,0,1,1
8944,8944,train/ISIC_0028213.jpg,0,1,0
8945,8945,train/ISIC_0025703.jpg,0,1,1
8946,8946,train/ISIC_0031399.jpg,0,1,0
8947,8947,train/ISIC_0027838.jpg,1,1,0
8948,8948,train/ISIC_0033893.jpg,1,1,0
8949,8949,train/ISIC_0027955.jpg,0,1,0
8950,8950,train/ISIC_0030800.jpg,0,1,1
8951,8951,train/ISIC_0034136.jpg,0,1,0
8952,8952,train/ISIC_0027569.jpg,0,1,0
8953,8953,train/ISIC_0031803.jpg,0,1,0
8954,8954,train/ISIC_0032741.jpg,0,1,1
8955,8955,train/ISIC_0026400.jpg,0,1,1
8956,8956,train/ISIC_0028222.jpg,0,1,0
8957,8957,train/ISIC_0032239.jpg,0,1,0
8958,8958,train/ISIC_0025853.jpg,0,1,0
8959,8959,train/ISIC_0029321.jpg,0,1,0
8960,8960,train/ISIC_0025668.jpg,0,1,1
8961,8961,train/ISIC_0031691.jpg,0,1,0
8962,8962,train/ISIC_0032431.jpg,0,1,1
8963,8963,train/ISIC_0031236.jpg,0,1,0
8964,8964,train/ISIC_0034304.jpg,0,1,0
8965,8965,train/ISIC_0026627.jpg,0,1,0
8966,8966,train/ISIC_0033994.jpg,0,1,0
8967,8967,train/ISIC_0028953.jpg,0,1,0
8968,8968,train/ISIC_0031093.jpg,0,1,1
8969,8969,train/ISIC_0028972.jpg,0,1,1
8970,8970,train/ISIC_0030738.jpg,0,1,1
8971,8971,train/ISIC_0033485.jpg,1,1,0
8972,8972,train/ISIC_0033769.jpg,0,1,0
8973,8973,train/ISIC_0030775.jpg,0,1,0
8974,8974,train/ISIC_0026514.jpg,0,1,1
8975,8975,train/ISIC_0032669.jpg,0,1,0
8976,8976,train/ISIC_0025523.jpg,0,1,0
8977,8977,train/ISIC_0024602.jpg,0,1,1
8978,8978,train/ISIC_0027878.jpg,0,1,0
8979,8979,train/ISIC_0030543.jpg,0,1,1
8980,8980,train/ISIC_0024542.jpg,0,1,0
8981,8981,train/ISIC_0029229.jpg,0,1,0
8982,8982,train/ISIC_0033184.jpg,0,1,0
8983,8983,train/ISIC_0028617.jpg,0,1,1
8984,8984,train/ISIC_0028069.jpg,1,1,0
8985,8985,train/ISIC_0034103.jpg,0,1,0
8986,8986,train/ISIC_0029042.jpg,0,1,0
8987,8987,train/ISIC_0033289.jpg,0,1,0
8988,8988,train/ISIC_0032921.jpg,1,1,1
8989,8989,train/ISIC_0025943.jpg,0,1,0
8990,8990,train/ISIC_0027922.jpg,0,1,1
8991,8991,train/ISIC_0031481.jpg,0,1,0
8992,8992,train/ISIC_0032755.jpg,0,1,0
8993,8993,train/ISIC_0024489.jpg,0,1,1
8994,8994,train/ISIC_0026490.jpg,0,1,1
8995,8995,train/ISIC_0025282.jpg,0,1,0
8996,8996,train/ISIC_0031197.jpg,0,1,0
8997,8997,train/ISIC_0024523.jpg,0,1,0
8998,8998,train/ISIC_0031326.jpg,0,1,1
8999,8999,train/ISIC_0028838.jpg,0,1,1
9000,9000,train/ISIC_0031017.jpg,0,1,0
9001,9001,train/ISIC_0027228.jpg,0,1,1
9002,9002,train/ISIC_0032361.jpg,0,1,0
9003,9003,train/ISIC_0030251.jpg,0,1,1
9004,9004,train/ISIC_0034122.jpg,0,1,0
9005,9005,train/ISIC_0033807.jpg,1,1,1
9006,9006,train/ISIC_0030968.jpg,0,1,0
9007,9007,train/ISIC_0027575.jpg,0,1,0
9008,9008,train/ISIC_0024772.jpg,0,1,1
9009,9009,train/ISIC_0030513.jpg,0,1,0
9010,9010,train/ISIC_0034003.jpg,0,1,0
9011,9011,train/ISIC_0025174.jpg,0,1,0
9012,9012,train/ISIC_0028207.jpg,0,1,0
9013,9013,train/ISIC_0028921.jpg,0,1,1
9014,9014,train/ISIC_0032640.jpg,0,1,0
9015,9015,train/ISIC_0028263.jpg,0,1,1
9016,9016,train/ISIC_0024796.jpg,0,1,0
9017,9017,train/ISIC_0027363.jpg,0,1,0
9018,9018,train/ISIC_0032292.jpg,0,1,1
9019,9019,train/ISIC_0034286.jpg,0,1,0
9020,9020,train/ISIC_0025251.jpg,0,1,0
9021,9021,train/ISIC_0032244.jpg,1,1,1
9022,9022,train/ISIC_0033684.jpg,0,1,0
9023,9023,train/ISIC_0024823.jpg,1,1,0
9024,9024,train/ISIC_0025735.jpg,0,1,1
9025,9025,train/ISIC_0026670.jpg,0,1,1
9026,9026,train/ISIC_0029429.jpg,0,1,0
9027,9027,train/ISIC_0029281.jpg,1,1,0
9028,9028,train/ISIC_0025909.jpg,0,1,0
9029,9029,train/ISIC_0025881.jpg,0,1,1
9030,9030,train/ISIC_0033026.jpg,0,1,0
9031,9031,train/ISIC_0029245.jpg,0,1,1
9032,9032,train/ISIC_0026638.jpg,0,1,0
9033,9033,train/ISIC_0029630.jpg,1,1,1
9034,9034,train/ISIC_0033191.jpg,0,1,0
9035,9035,train/ISIC_0031296.jpg,0,1,1
9036,9036,train/ISIC_0028278.jpg,0,1,0
9037,9037,train/ISIC_0032203.jpg,1,1,0
9038,9038,train/ISIC_0032941.jpg,0,1,0
9039,9039,train/ISIC_0027042.jpg,0,1,0
9040,9040,train/ISIC_0026314.jpg,1,1,0
9041,9041,train/ISIC_0028065.jpg,1,1,0
9042,9042,train/ISIC_0026442.jpg,0,1,1
9043,9043,train/ISIC_0026101.jpg,0,1,0
9044,9044,train/ISIC_0027701.jpg,0,1,0
9045,9045,train/ISIC_0032593.jpg,0,1,0
9046,9046,train/ISIC_0033300.jpg,1,1,0
9047,9047,train/ISIC_0029860.jpg,1,1,1
9048,9048,train/ISIC_0024367.jpg,1,1,0
9049,9049,train/ISIC_0034013.jpg,0,1,0
9050,9050,train/ISIC_0032732.jpg,0,1,0
9051,9051,train/ISIC_0030716.jpg,0,1,0
9052,9052,train/ISIC_0026272.jpg,0,1,0
9053,9053,train/ISIC_0032798.jpg,0,1,0
9054,9054,train/ISIC_0032749.jpg,0,1,0
9055,9055,train/ISIC_0031900.jpg,1,1,0
9056,9056,train/ISIC_0033802.jpg,1,1,1
9057,9057,train/ISIC_0032919.jpg,0,1,0
9058,9058,train/ISIC_0028001.jpg,0,1,0
9059,9059,train/ISIC_0025685.jpg,0,1,0
9060,9060,train/ISIC_0033573.jpg,1,1,0
9061,9061,train/ISIC_0027973.jpg,0,1,1
9062,9062,train/ISIC_0032366.jpg,0,1,0
9063,9063,train/ISIC_0025553.jpg,0,1,1
9064,9064,train/ISIC_0026697.jpg,1,1,1
9065,9065,train/ISIC_0031429.jpg,0,1,1
9066,9066,train/ISIC_0033869.jpg,1,1,0
9067,9067,train/ISIC_0032836.jpg,1,1,0
9068,9068,train/ISIC_0026717.jpg,0,1,1
9069,9069,train/ISIC_0031474.jpg,0,1,0
9070,9070,train/ISIC_0029746.jpg,0,1,0
9071,9071,train/ISIC_0031920.jpg,0,1,0
9072,9072,train/ISIC_0026147.jpg,0,1,0
9073,9073,train/ISIC_0024352.jpg,0,1,0
9074,9074,train/ISIC_0027131.jpg,0,1,0
9075,9075,train/ISIC_0027703.jpg,0,1,0
9076,9076,train/ISIC_0025039.jpg,0,1,1
9077,9077,train/ISIC_0032181.jpg,0,1,0
9078,9078,train/ISIC_0026254.jpg,0,1,0
9079,9079,train/ISIC_0025101.jpg,0,1,0
9080,9080,train/ISIC_0028897.jpg,1,1,1
9081,9081,train/ISIC_0028447.jpg,0,1,0
9082,9082,train/ISIC_0027647.jpg,0,1,1
9083,9083,train/ISIC_0026072.jpg,0,1,0
9084,9084,train/ISIC_0030844.jpg,1,1,1
9085,9085,train/ISIC_0032356.jpg,1,1,0
9086,9086,train/ISIC_0030349.jpg,0,1,1
9087,9087,train/ISIC_0028371.jpg,0,1,0
9088,9088,train/ISIC_0026663.jpg,0,1,1
9089,9089,train/ISIC_0028613.jpg,0,1,0
9090,9090,train/ISIC_0026886.jpg,0,1,0
9091,9091,train/ISIC_0024427.jpg,0,1,1
9092,9092,train/ISIC_0031866.jpg,0,1,1
9093,9093,train/ISIC_0034173.jpg,1,1,1
9094,9094,train/ISIC_0028166.jpg,0,1,0
9095,9095,train/ISIC_0024372.jpg,1,1,1
9096,9096,train/ISIC_0029340.jpg,0,1,0
9097,9097,train/ISIC_0027101.jpg,1,1,1
9098,9098,train/ISIC_0024341.jpg,0,1,0
9099,9099,train/ISIC_0032420.jpg,1,1,1
9100,9100,train/ISIC_0027502.jpg,1,1,0
9101,9101,train/ISIC_0030573.jpg,0,1,0
9102,9102,train/ISIC_0025021.jpg,0,1,0
9103,9103,train/ISIC_0032556.jpg,0,1,1
9104,9104,train/ISIC_0028610.jpg,0,1,1
9105,9105,train/ISIC_0034172.jpg,1,1,0
9106,9106,train/ISIC_0029986.jpg,0,1,1
9107,9107,train/ISIC_0029594.jpg,0,1,0
9108,9108,train/ISIC_0033968.jpg,1,1,0
9109,9109,train/ISIC_0033691.jpg,0,1,1
9110,9110,train/ISIC_0028061.jpg,0,1,0
9111,9111,train/ISIC_0034153.jpg,0,1,0
9112,9112,train/ISIC_0030840.jpg,0,1,1
9113,9113,train/ISIC_0030647.jpg,0,1,1
9114,9114,train/ISIC_0031597.jpg,0,1,1
9115,9115,train/ISIC_0034112.jpg,0,1,0
9116,9116,train/ISIC_0028765.jpg,0,1,1
9117,9117,train/ISIC_0028460.jpg,1,1,1
9118,9118,train/ISIC_0024978.jpg,0,1,0
9119,9119,train/ISIC_0028967.jpg,0,1,0
9120,9120,train/ISIC_0033085.jpg,0,1,0
9121,9121,train/ISIC_0025840.jpg,0,1,0
9122,9122,train/ISIC_0027165.jpg,0,1,0
9123,9123,train/ISIC_0032622.jpg,1,1,1
9124,9124,train/ISIC_0029140.jpg,0,1,0
9125,9125,train/ISIC_0031764.jpg,0,1,0
9126,9126,train/ISIC_0031440.jpg,0,1,0
9127,9127,train/ISIC_0026324.jpg,0,1,1
9128,9128,train/ISIC_0030020.jpg,0,1,0
9129,9129,train/ISIC_0030578.jpg,0,1,0
9130,9130,train/ISIC_0028249.jpg,0,1,0
9131,9131,train/ISIC_0028645.jpg,0,1,1
9132,9132,train/ISIC_0026395.jpg,0,1,0
9133,9133,train/ISIC_0026389.jpg,0,1,1
9134,9134,train/ISIC_0026915.jpg,0,1,0
9135,9135,train/ISIC_0026028.jpg,0,1,0
9136,9136,train/ISIC_0026892.jpg,1,1,1
9137,9137,train/ISIC_0033964.jpg,0,1,0
9138,9138,train/ISIC_0025558.jpg,0,1,0
9139,9139,train/ISIC_0026677.jpg,0,1,0
9140,9140,train/ISIC_0032422.jpg,1,1,1
9141,9141,train/ISIC_0028625.jpg,0,1,1
9142,9142,train/ISIC_0029811.jpg,1,1,1
9143,9143,train/ISIC_0033240.jpg,1,1,1
9144,9144,train/ISIC_0029064.jpg,0,1,0
9145,9145,train/ISIC_0032192.jpg,1,1,1
9146,9146,train/ISIC_0030934.jpg,0,1,0
9147,9147,train/ISIC_0030008.jpg,0,1,0
9148,9148,train/ISIC_0026252.jpg,0,1,0
9149,9149,train/ISIC_0033843.jpg,1,1,1
9150,9150,train/ISIC_0030688.jpg,0,1,1
9151,9151,train/ISIC_0027421.jpg,0,1,0
9152,9152,train/ISIC_0025598.jpg,0,1,1
9153,9153,train/ISIC_0032636.jpg,0,1,1
9154,9154,train/ISIC_0030761.jpg,0,1,1
9155,9155,train/ISIC_0026236.jpg,1,1,1
9156,9156,train/ISIC_0030906.jpg,0,1,0
9157,9157,train/ISIC_0029253.jpg,0,1,1
9158,9158,train/ISIC_0028400.jpg,0,1,1
9159,9159,train/ISIC_0024637.jpg,0,1,0
9160,9160,train/ISIC_0027306.jpg,1,1,0
9161,9161,train/ISIC_0030547.jpg,0,1,0
9162,9162,train/ISIC_0029384.jpg,0,1,0
9163,9163,train/ISIC_0031878.jpg,0,1,1
9164,9164,train/ISIC_0030905.jpg,0,1,0
9165,9165,train/ISIC_0024956.jpg,0,1,0
9166,9166,train/ISIC_0024795.jpg,0,1,0
9167,9167,train/ISIC_0034012.jpg,1,1,1
9168,9168,train/ISIC_0029695.jpg,0,1,0
9169,9169,train/ISIC_0026363.jpg,0,1,0
9170,9170,train/ISIC_0024620.jpg,0,1,0
9171,9171,train/ISIC_0029533.jpg,1,1,1
9172,9172,train/ISIC_0028235.jpg,0,1,0
9173,9173,train/ISIC_0031449.jpg,0,1,0
9174,9174,train/ISIC_0027398.jpg,0,1,0
9175,9175,train/ISIC_0029741.jpg,0,1,1
9176,9176,train/ISIC_0025358.jpg,1,1,0
9177,9177,train/ISIC_0030414.jpg,0,1,1
9178,9178,train/ISIC_0027109.jpg,0,1,0
9179,9179,train/ISIC_0032026.jpg,0,1,0
9180,9180,train/ISIC_0030966.jpg,0,1,0
9181,9181,train/ISIC_0026793.jpg,0,1,0
9182,9182,train/ISIC_0026567.jpg,0,1,1
9183,9183,train/ISIC_0033033.jpg,0,1,0
9184,9184,train/ISIC_0027570.jpg,0,1,0
9185,9185,train/ISIC_0031729.jpg,0,1,0
9186,9186,train/ISIC_0028072.jpg,0,1,0
9187,9187,train/ISIC_0034307.jpg,0,1,1
9188,9188,train/ISIC_0032522.jpg,1,1,1
9189,9189,train/ISIC_0026904.jpg,0,1,0
9190,9190,train/ISIC_0025555.jpg,0,1,0
9191,9191,train/ISIC_0031297.jpg,0,1,0
9192,9192,train/ISIC_0032172.jpg,0,1,0
9193,9193,train/ISIC_0025857.jpg,0,1,1
9194,9194,train/ISIC_0029847.jpg,0,1,0
9195,9195,train/ISIC_0032419.jpg,0,1,0
9196,9196,train/ISIC_0025629.jpg,0,1,0
9197,9197,train/ISIC_0024879.jpg,0,1,0
9198,9198,train/ISIC_0029137.jpg,0,1,1
9199,9199,train/ISIC_0030390.jpg,1,1,0
9200,9200,train/ISIC_0027163.jpg,1,1,0
9201,9201,train/ISIC_0028609.jpg,0,1,0
9202,9202,train/ISIC_0026029.jpg,0,1,0
9203,9203,train/ISIC_0033197.jpg,0,1,0
9204,9204,train/ISIC_0024689.jpg,0,1,0
9205,9205,train/ISIC_0030868.jpg,0,1,1
9206,9206,train/ISIC_0026510.jpg,0,1,1
9207,9207,train/ISIC_0028055.jpg,0,1,0
9208,9208,train/ISIC_0028240.jpg,0,1,1
9209,9209,train/ISIC_0024585.jpg,0,1,0
9210,9210,train/ISIC_0031374.jpg,0,1,1
9211,9211,train/ISIC_0029806.jpg,0,1,0
9212,9212,train/ISIC_0028702.jpg,0,1,0
9213,9213,train/ISIC_0031457.jpg,0,1,1
9214,9214,train/ISIC_0026840.jpg,0,1,1
9215,9215,train/ISIC_0025224.jpg,0,1,0
9216,9216,train/ISIC_0026231.jpg,0,1,0
9217,9217,train/ISIC_0031874.jpg,1,1,1
9218,9218,train/ISIC_0028527.jpg,0,1,0
9219,9219,train/ISIC_0031588.jpg,0,1,0
9220,9220,train/ISIC_0027919.jpg,0,1,0
9221,9221,train/ISIC_0032783.jpg,0,1,1
9222,9222,train/ISIC_0033814.jpg,1,1,1
9223,9223,train/ISIC_0026528.jpg,0,1,1
9224,9224,train/ISIC_0027500.jpg,0,1,0
9225,9225,train/ISIC_0030148.jpg,0,1,0
9226,9226,train/ISIC_0033357.jpg,0,1,0
9227,9227,train/ISIC_0031421.jpg,1,1,1
9228,9228,train/ISIC_0032439.jpg,0,1,1
9229,9229,train/ISIC_0030218.jpg,0,1,0
9230,9230,train/ISIC_0027867.jpg,0,1,1
9231,9231,train/ISIC_0025690.jpg,0,1,0
9232,9232,train/ISIC_0030679.jpg,0,1,1
9233,9233,train/ISIC_0029993.jpg,0,1,1
9234,9234,train/ISIC_0031618.jpg,0,1,0
9235,9235,train/ISIC_0029255.jpg,0,1,0
9236,9236,train/ISIC_0025612.jpg,0,1,0
9237,9237,train/ISIC_0025934.jpg,0,1,0
9238,9238,train/ISIC_0032357.jpg,0,1,0
9239,9239,train/ISIC_0026470.jpg,0,1,0
9240,9240,train/ISIC_0024517.jpg,1,1,1
9241,9241,train/ISIC_0028267.jpg,0,1,0
9242,9242,train/ISIC_0032022.jpg,0,1,1
9243,9243,train/ISIC_0033348.jpg,0,1,0
9244,9244,train/ISIC_0029338.jpg,0,1,0
9245,9245,train/ISIC_0028754.jpg,0,1,0
9246,9246,train/ISIC_0024858.jpg,0,1,0
9247,9247,train/ISIC_0027929.jpg,0,1,0
9248,9248,train/ISIC_0033654.jpg,1,1,0
9249,9249,train/ISIC_0024494.jpg,0,1,0
9250,9250,train/ISIC_0034145.jpg,1,1,0
9251,9251,train/ISIC_0030407.jpg,0,1,0
9252,9252,train/ISIC_0027760.jpg,0,1,1
9253,9253,train/ISIC_0031066.jpg,0,1,0
9254,9254,train/ISIC_0026884.jpg,0,1,1
9255,9255,train/ISIC_0031209.jpg,0,1,0
9256,9256,train/ISIC_0028963.jpg,0,1,0
9257,9257,train/ISIC_0026132.jpg,1,1,1
9258,9258,train/ISIC_0026404.jpg,0,1,0
9259,9259,train/ISIC_0030157.jpg,0,1,0
9260,9260,train/ISIC_0025681.jpg,0,1,1
9261,9261,train/ISIC_0030453.jpg,0,1,0
9262,9262,train/ISIC_0032879.jpg,1,1,1
9263,9263,train/ISIC_0033757.jpg,0,1,0
9264,9264,train/ISIC_0030852.jpg,0,1,0
9265,9265,train/ISIC_0026735.jpg,1,1,1
9266,9266,train/ISIC_0028572.jpg,0,1,0
9267,9267,train/ISIC_0032911.jpg,0,1,0
9268,9268,train/ISIC_0033020.jpg,0,1,0
9269,9269,train/ISIC_0032388.jpg,0,1,0
9270,9270,train/ISIC_0034031.jpg,0,1,1
9271,9271,train/ISIC_0032090.jpg,0,1,0
9272,9272,train/ISIC_0028986.jpg,0,1,1
9273,9273,train/ISIC_0033589.jpg,0,1,0
9274,9274,train/ISIC_0027053.jpg,0,1,1
9275,9275,train/ISIC_0033955.jpg,0,1,0
9276,9276,train/ISIC_0033983.jpg,0,1,0
9277,9277,train/ISIC_0028136.jpg,0,1,0
9278,9278,train/ISIC_0033274.jpg,1,1,1
9279,9279,train/ISIC_0027714.jpg,0,1,0
9280,9280,train/ISIC_0034243.jpg,1,1,0
9281,9281,train/ISIC_0028141.jpg,0,1,0
9282,9282,train/ISIC_0029414.jpg,0,1,0
9283,9283,train/ISIC_0032335.jpg,0,1,1
9284,9284,train/ISIC_0032234.jpg,0,1,0
9285,9285,train/ISIC_0026034.jpg,0,1,0
9286,9286,train/ISIC_0028647.jpg,0,1,0
9287,9287,train/ISIC_0025492.jpg,0,1,0
9288,9288,train/ISIC_0029135.jpg,0,1,1
9289,9289,train/ISIC_0026207.jpg,1,1,0
9290,9290,train/ISIC_0030479.jpg,0,1,0
9291,9291,train/ISIC_0033450.jpg,0,1,0
9292,9292,train/ISIC_0025343.jpg,0,1,0
9293,9293,train/ISIC_0030032.jpg,1,1,1
9294,9294,train/ISIC_0031170.jpg,1,1,1
9295,9295,train/ISIC_0025320.jpg,0,1,0
9296,9296,train/ISIC_0027740.jpg,0,1,0
9297,9297,train/ISIC_0034075.jpg,0,1,0
9298,9298,train/ISIC_0030242.jpg,1,1,1
9299,9299,train/ISIC_0028432.jpg,0,1,0
9300,9300,train/ISIC_0027412.jpg,0,1,0
9301,9301,train/ISIC_0026381.jpg,0,1,0
9302,9302,train/ISIC_0030208.jpg,0,1,0
9303,9303,train/ISIC_0025736.jpg,0,1,0
9304,9304,train/ISIC_0024885.jpg,0,1,0
9305,9305,train/ISIC_0024949.jpg,0,1,1
9306,9306,train/ISIC_0027209.jpg,0,1,0
9307,9307,train/ISIC_0032563.jpg,0,1,0
9308,9308,train/ISIC_0024786.jpg,0,1,1
9309,9309,train/ISIC_0027691.jpg,0,1,0
9310,9310,train/ISIC_0031298.jpg,0,1,1
9311,9311,train/ISIC_0032220.jpg,1,1,1
9312,9312,train/ISIC_0033844.jpg,0,1,1
9313,9313,train/ISIC_0026691.jpg,0,1,0
9314,9314,train/ISIC_0033913.jpg,0,1,1
9315,9315,train/ISIC_0026538.jpg,0,1,1
9316,9316,train/ISIC_0033355.jpg,0,1,0
9317,9317,train/ISIC_0030066.jpg,0,1,0
9318,9318,train/ISIC_0030897.jpg,0,1,0
9319,9319,train/ISIC_0034168.jpg,0,1,1
9320,9320,train/ISIC_0026011.jpg,0,1,0
9321,9321,train/ISIC_0030686.jpg,0,1,0
9322,9322,train/ISIC_0028295.jpg,0,1,0
9323,9323,train/ISIC_0029397.jpg,1,1,0
9324,9324,train/ISIC_0029571.jpg,1,1,0
9325,9325,train/ISIC_0033462.jpg,0,1,0
9326,9326,train/ISIC_0033323.jpg,1,1,1
9327,9327,train/ISIC_0031054.jpg,0,1,0
9328,9328,train/ISIC_0032840.jpg,1,1,0
9329,9329,train/ISIC_0024687.jpg,0,1,0
9330,9330,train/ISIC_0031025.jpg,1,1,0
9331,9331,train/ISIC_0026759.jpg,0,1,1
9332,9332,train/ISIC_0030105.jpg,0,1,1
9333,9333,train/ISIC_0028585.jpg,0,1,0
9334,9334,train/ISIC_0026834.jpg,0,1,0
9335,9335,train/ISIC_0024417.jpg,0,1,1
9336,9336,train/ISIC_0031452.jpg,0,1,0
9337,9337,train/ISIC_0029920.jpg,0,1,1
9338,9338,train/ISIC_0027678.jpg,1,1,0
9339,9339,train/ISIC_0028018.jpg,0,1,0
9340,9340,train/ISIC_0027393.jpg,0,1,0
9341,9341,train/ISIC_0029367.jpg,0,1,0
9342,9342,train/ISIC_0026320.jpg,0,1,0
9343,9343,train/ISIC_0027225.jpg,0,1,0
9344,9344,train/ISIC_0025730.jpg,0,1,0
9345,9345,train/ISIC_0029976.jpg,0,1,0
9346,9346,train/ISIC_0027558.jpg,0,1,0
9347,9347,train/ISIC_0026065.jpg,0,1,1
9348,9348,train/ISIC_0025562.jpg,0,1,1
9349,9349,train/ISIC_0033695.jpg,0,1,0
9350,9350,train/ISIC_0028660.jpg,0,1,0
9351,9351,train/ISIC_0030226.jpg,0,1,0
9352,9352,train/ISIC_0025111.jpg,0,1,0
9353,9353,train/ISIC_0028002.jpg,0,1,0
9354,9354,train/ISIC_0030857.jpg,0,1,1
9355,9355,train/ISIC_0030011.jpg,0,1,0
9356,9356,train/ISIC_0025633.jpg,0,1,0
9357,9357,train/ISIC_0028743.jpg,0,1,0
9358,9358,train/ISIC_0024376.jpg,0,1,0
9359,9359,train/ISIC_0031328.jpg,0,1,0
9360,9360,train/ISIC_0033963.jpg,0,1,1
9361,9361,train/ISIC_0033504.jpg,0,1,1
9362,9362,train/ISIC_0025267.jpg,0,1,0
9363,9363,train/ISIC_0029938.jpg,0,1,0
9364,9364,train/ISIC_0025002.jpg,0,1,0
9365,9365,train/ISIC_0024621.jpg,0,1,1
9366,9366,train/ISIC_0027572.jpg,0,1,0
9367,9367,train/ISIC_0025865.jpg,0,1,1
9368,9368,train/ISIC_0024464.jpg,0,1,0
9369,9369,train/ISIC_0032514.jpg,0,1,1
9370,9370,train/ISIC_0027110.jpg,0,1,1
9371,9371,train/ISIC_0024653.jpg,0,1,0
9372,9372,train/ISIC_0033763.jpg,0,1,0
9373,9373,train/ISIC_0030387.jpg,1,1,1
9374,9374,train/ISIC_0032527.jpg,0,1,0
9375,9375,train/ISIC_0025701.jpg,0,1,0
9376,9376,train/ISIC_0031254.jpg,0,1,0
9377,9377,train/ISIC_0025849.jpg,0,1,0
9378,9378,train/ISIC_0030753.jpg,0,1,0
9379,9379,train/ISIC_0030445.jpg,1,1,1
9380,9380,train/ISIC_0026223.jpg,0,1,0
9381,9381,train/ISIC_0025259.jpg,0,1,0
9382,9382,train/ISIC_0032200.jpg,0,1,1
9383,9383,train/ISIC_0027771.jpg,0,1,0
9384,9384,train/ISIC_0026936.jpg,0,1,0
9385,9385,train/ISIC_0030291.jpg,0,1,0
9386,9386,train/ISIC_0028394.jpg,0,1,0
9387,9387,train/ISIC_0029393.jpg,0,1,0
9388,9388,train/ISIC_0029599.jpg,0,1,0
9389,9389,train/ISIC_0025169.jpg,0,1,0
9390,9390,train/ISIC_0026561.jpg,0,1,0
9391,9391,train/ISIC_0024754.jpg,0,1,0
9392,9392,train/ISIC_0033318.jpg,0,1,0
9393,9393,train/ISIC_0030995.jpg,1,1,0
9394,9394,train/ISIC_0029389.jpg,0,1,0
9395,9395,train/ISIC_0024842.jpg,0,1,0
9396,9396,train/ISIC_0033740.jpg,0,1,0
9397,9397,train/ISIC_0033437.jpg,0,1,0
9398,9398,train/ISIC_0034276.jpg,0,1,1
9399,9399,train/ISIC_0031264.jpg,0,1,0
9400,9400,train/ISIC_0026106.jpg,0,1,0
9401,9401,train/ISIC_0027232.jpg,0,1,1
9402,9402,train/ISIC_0027649.jpg,0,1,1
9403,9403,train/ISIC_0028690.jpg,0,1,0
9404,9404,train/ISIC_0033777.jpg,0,1,0
9405,9405,train/ISIC_0024320.jpg,0,1,1
9406,9406,train/ISIC_0025788.jpg,0,1,1
9407,9407,train/ISIC_0031867.jpg,0,1,0
9408,9408,train/ISIC_0033272.jpg,1,1,1
9409,9409,train/ISIC_0026923.jpg,0,1,1
9410,9410,train/ISIC_0025854.jpg,0,1,0
9411,9411,train/ISIC_0026086.jpg,1,1,0
9412,9412,train/ISIC_0034126.jpg,0,1,1
9413,9413,train/ISIC_0033542.jpg,0,1,1
9414,9414,train/ISIC_0032619.jpg,0,1,0
9415,9415,train/ISIC_0032808.jpg,0,1,0
9416,9416,train/ISIC_0029368.jpg,0,1,1
9417,9417,train/ISIC_0031259.jpg,0,1,0
9418,9418,train/ISIC_0032380.jpg,0,1,0
9419,9419,train/ISIC_0028903.jpg,0,1,0
9420,9420,train/ISIC_0029854.jpg,0,1,0
9421,9421,train/ISIC_0031787.jpg,0,1,0
9422,9422,train/ISIC_0033059.jpg,0,1,0
9423,9423,train/ISIC_0032660.jpg,0,1,1
9424,9424,train/ISIC_0027259.jpg,0,1,0
9425,9425,train/ISIC_0030736.jpg,0,1,0
9426,9426,train/ISIC_0026863.jpg,0,1,0
9427,9427,train/ISIC_0030632.jpg,0,1,0
9428,9428,train/ISIC_0032038.jpg,0,1,0
9429,9429,train/ISIC_0032265.jpg,1,1,0
9430,9430,train/ISIC_0033998.jpg,0,1,0
9431,9431,train/ISIC_0025400.jpg,0,1,1
9432,9432,train/ISIC_0032721.jpg,0,1,0
9433,9433,train/ISIC_0030360.jpg,1,1,1
9434,9434,train/ISIC_0030484.jpg,0,1,1
9435,9435,train/ISIC_0032658.jpg,0,1,0
9436,9436,train/ISIC_0030863.jpg,0,1,0
9437,9437,train/ISIC_0027250.jpg,0,1,0
9438,9438,train/ISIC_0031100.jpg,0,1,0
9439,9439,train/ISIC_0031532.jpg,0,1,1
9440,9440,train/ISIC_0025234.jpg,1,1,1
9441,9441,train/ISIC_0032639.jpg,0,1,0
9442,9442,train/ISIC_0028021.jpg,0,1,1
9443,9443,train/ISIC_0029881.jpg,0,1,0
9444,9444,train/ISIC_0031781.jpg,0,1,0
9445,9445,train/ISIC_0025863.jpg,0,1,1
9446,9446,train/ISIC_0031612.jpg,0,1,0
9447,9447,train/ISIC_0028734.jpg,0,1,0
9448,9448,train/ISIC_0025714.jpg,0,1,0
9449,9449,train/ISIC_0028701.jpg,0,1,0
9450,9450,train/ISIC_0026061.jpg,0,1,1
9451,9451,train/ISIC_0033104.jpg,0,1,0
9452,9452,train/ISIC_0033036.jpg,0,1,0
9453,9453,train/ISIC_0025676.jpg,0,1,0
9454,9454,train/ISIC_0025742.jpg,0,1,0
9455,9455,train/ISIC_0027488.jpg,0,1,0
9456,9456,train/ISIC_0031064.jpg,0,1,1
9457,9457,train/ISIC_0027653.jpg,0,1,0
9458,9458,train/ISIC_0032626.jpg,1,1,0
9459,9459,train/ISIC_0026995.jpg,0,1,1
9460,9460,train/ISIC_0028304.jpg,0,1,0
9461,9461,train/ISIC_0026883.jpg,0,1,0
9462,9462,train/ISIC_0030825.jpg,1,1,0
9463,9463,train/ISIC_0026332.jpg,0,1,1
9464,9464,train/ISIC_0031102.jpg,0,1,0
9465,9465,train/ISIC_0028134.jpg,0,1,0
9466,9466,train/ISIC_0026296.jpg,1,1,0
9467,9467,train/ISIC_0033656.jpg,0,1,0
9468,9468,train/ISIC_0034073.jpg,0,1,0
9469,9469,train/ISIC_0027902.jpg,0,1,1
9470,9470,train/ISIC_0026777.jpg,0,1,0
9471,9471,train/ISIC_0029705.jpg,1,1,1
9472,9472,train/ISIC_0025107.jpg,0,1,0
9473,9473,train/ISIC_0028650.jpg,0,1,1
9474,9474,train/ISIC_0024516.jpg,1,1,0
9475,9475,train/ISIC_0034261.jpg,0,1,0
9476,9476,train/ISIC_0030851.jpg,0,1,1
9477,9477,train/ISIC_0030962.jpg,0,1,0
9478,9478,train/ISIC_0025687.jpg,0,1,0
9479,9479,train/ISIC_0033649.jpg,0,1,1
9480,9480,train/ISIC_0031695.jpg,0,1,0
9481,9481,train/ISIC_0028822.jpg,0,1,1
9482,9482,train/ISIC_0025885.jpg,0,1,1
9483,9483,train/ISIC_0031165.jpg,0,1,0
9484,9484,train/ISIC_0030076.jpg,1,1,1
9485,9485,train/ISIC_0027171.jpg,1,1,0
9486,9486,train/ISIC_0027218.jpg,0,1,0
9487,9487,train/ISIC_0026087.jpg,0,1,0
9488,9488,train/ISIC_0030044.jpg,0,1,0
9489,9489,train/ISIC_0031948.jpg,0,1,1
9490,9490,train/ISIC_0031595.jpg,0,1,0
9491,9491,train/ISIC_0026587.jpg,0,1,0
9492,9492,train/ISIC_0027371.jpg,0,1,1
9493,9493,train/ISIC_0032663.jpg,0,1,0
9494,9494,train/ISIC_0024579.jpg,1,1,1
9495,9495,train/ISIC_0027242.jpg,0,1,0
9496,9496,train/ISIC_0030270.jpg,0,1,0
9497,9497,train/ISIC_0025810.jpg,0,1,1
9498,9498,train/ISIC_0027362.jpg,0,1,0
9499,9499,train/ISIC_0029102.jpg,0,1,1
9500,9500,train/ISIC_0033365.jpg,0,1,0
9501,9501,train/ISIC_0030539.jpg,1,1,1
9502,9502,train/ISIC_0025381.jpg,0,1,0
9503,9503,train/ISIC_0025918.jpg,0,1,1
9504,9504,train/ISIC_0031414.jpg,0,1,0
9505,9505,train/ISIC_0028589.jpg,0,1,1
9506,9506,train/ISIC_0031482.jpg,0,1,0
9507,9507,train/ISIC_0027140.jpg,0,1,0
9508,9508,train/ISIC_0025035.jpg,1,1,1
9509,9509,train/ISIC_0025801.jpg,0,1,0
9510,9510,train/ISIC_0032579.jpg,0,1,0
9511,9511,train/ISIC_0033398.jpg,0,1,0
9512,9512,train/ISIC_0024448.jpg,0,1,1
9513,9513,train/ISIC_0024890.jpg,0,1,0
9514,9514,train/ISIC_0026119.jpg,0,1,0
9515,9515,train/ISIC_0028971.jpg,0,1,0
9516,9516,train/ISIC_0027078.jpg,0,1,1
9517,9517,train/ISIC_0029538.jpg,1,1,1
9518,9518,train/ISIC_0030752.jpg,0,1,0
9519,9519,train/ISIC_0031969.jpg,0,1,1
9520,9520,train/ISIC_0027351.jpg,0,1,0
9521,9521,train/ISIC_0024540.jpg,0,1,0
9522,9522,train/ISIC_0029335.jpg,0,1,0
9523,9523,train/ISIC_0027292.jpg,0,1,1
9524,9524,train/ISIC_0025431.jpg,0,1,0
9525,9525,train/ISIC_0029615.jpg,0,1,0
9526,9526,train/ISIC_0026322.jpg,0,1,0
9527,9527,train/ISIC_0024869.jpg,0,1,0
9528,9528,train/ISIC_0025265.jpg,1,1,0
9529,9529,train/ISIC_0025807.jpg,0,1,0
9530,9530,train/ISIC_0024406.jpg,0,1,0
9531,9531,train/ISIC_0031079.jpg,0,1,0
9532,9532,train/ISIC_0031846.jpg,0,1,1
9533,9533,train/ISIC_0032188.jpg,0,1,0
9534,9534,train/ISIC_0031546.jpg,0,1,0
9535,9535,train/ISIC_0026229.jpg,1,1,1
9536,9536,train/ISIC_0027598.jpg,0,1,0
9537,9537,train/ISIC_0031119.jpg,1,1,1
9538,9538,train/ISIC_0027367.jpg,0,1,1
9539,9539,train/ISIC_0031645.jpg,0,1,0
9540,9540,train/ISIC_0026349.jpg,0,1,0
9541,9541,train/ISIC_0025257.jpg,0,1,1
9542,9542,train/ISIC_0027331.jpg,0,1,0
9543,9543,train/ISIC_0029013.jpg,1,1,0
9544,9544,train/ISIC_0032956.jpg,0,1,0
9545,9545,train/ISIC_0029622.jpg,0,1,0
9546,9546,train/ISIC_0026117.jpg,0,1,1
9547,9547,train/ISIC_0027574.jpg,0,1,0
9548,9548,train/ISIC_0033093.jpg,0,1,0
9549,9549,train/ISIC_0025548.jpg,0,1,1
9550,9550,train/ISIC_0032248.jpg,1,1,1
9551,9551,train/ISIC_0025334.jpg,0,1,0
9552,9552,train/ISIC_0028788.jpg,0,1,1
9553,9553,train/ISIC_0033055.jpg,1,1,0
9554,9554,train/ISIC_0024440.jpg,0,1,0
9555,9555,train/ISIC_0026216.jpg,0,1,1
9556,9556,train/ISIC_0024975.jpg,0,1,0
9557,9557,train/ISIC_0029959.jpg,0,1,0
9558,9558,train/ISIC_0028980.jpg,0,1,1
9559,9559,train/ISIC_0030046.jpg,0,1,0
9560,9560,train/ISIC_0033267.jpg,1,1,1
9561,9561,train/ISIC_0027677.jpg,0,1,1
9562,9562,train/ISIC_0034233.jpg,1,1,0
9563,9563,train/ISIC_0033523.jpg,0,1,1
9564,9564,train/ISIC_0026929.jpg,0,1,0
9565,9565,train/ISIC_0032089.jpg,0,1,0
9566,9566,train/ISIC_0024492.jpg,0,1,0
9567,9567,train/ISIC_0026831.jpg,0,1,1
9568,9568,train/ISIC_0029388.jpg,0,1,0
9569,9569,train/ISIC_0029461.jpg,0,1,0
9570,9570,train/ISIC_0034107.jpg,1,1,0
9571,9571,train/ISIC_0034137.jpg,0,1,1
9572,9572,train/ISIC_0027028.jpg,0,1,0
9573,9573,train/ISIC_0027526.jpg,0,1,1
9574,9574,train/ISIC_0029817.jpg,0,1,0
9575,9575,train/ISIC_0024468.jpg,1,1,1
9576,9576,train/ISIC_0025125.jpg,0,1,1
9577,9577,train/ISIC_0024699.jpg,0,1,0
9578,9578,train/ISIC_0028776.jpg,0,1,0
9579,9579,train/ISIC_0028488.jpg,0,1,0
9580,9580,train/ISIC_0029623.jpg,0,1,0
9581,9581,train/ISIC_0025931.jpg,0,1,0
9582,9582,train/ISIC_0027396.jpg,0,1,0
9583,9583,train/ISIC_0029842.jpg,0,1,0
9584,9584,train/ISIC_0030345.jpg,0,1,0
9585,9585,train/ISIC_0033822.jpg,0,1,0
9586,9586,train/ISIC_0028882.jpg,0,1,0
9587,9587,train/ISIC_0025434.jpg,0,1,0
9588,9588,train/ISIC_0024774.jpg,0,1,0
9589,9589,train/ISIC_0031271.jpg,0,1,0
9590,9590,train/ISIC_0030746.jpg,0,1,1
9591,9591,train/ISIC_0032469.jpg,0,1,0
9592,9592,train/ISIC_0029610.jpg,1,1,1
9593,9593,train/ISIC_0027791.jpg,0,1,0
9594,9594,train/ISIC_0024994.jpg,0,1,0
9595,9595,train/ISIC_0029645.jpg,0,1,0
9596,9596,train/ISIC_0024654.jpg,1,1,1
9597,9597,train/ISIC_0034164.jpg,0,1,0
9598,9598,train/ISIC_0026361.jpg,0,1,0
9599,9599,train/ISIC_0026963.jpg,1,1,1
9600,9600,train/ISIC_0024807.jpg,0,1,1
9601,9601,train/ISIC_0027192.jpg,0,1,0
9602,9602,train/ISIC_0029128.jpg,0,1,1
9603,9603,train/ISIC_0024768.jpg,0,1,0
9604,9604,train/ISIC_0027689.jpg,0,1,0
9605,9605,train/ISIC_0032340.jpg,0,1,0
9606,9606,train/ISIC_0028837.jpg,0,1,0
9607,9607,train/ISIC_0025946.jpg,0,1,0
9608,9608,train/ISIC_0024897.jpg,0,1,1
9609,9609,train/ISIC_0028543.jpg,1,1,0
9610,9610,train/ISIC_0028791.jpg,0,1,0
9611,9611,train/ISIC_0029606.jpg,1,1,0
9612,9612,train/ISIC_0028894.jpg,0,1,0
9613,9613,train/ISIC_0031294.jpg,0,1,1
9614,9614,train/ISIC_0027774.jpg,0,1,1
9615,9615,train/ISIC_0028596.jpg,0,1,0
9616,9616,train/ISIC_0032948.jpg,0,1,0
9617,9617,train/ISIC_0024463.jpg,1,1,0
9618,9618,train/ISIC_0027295.jpg,0,1,0
9619,9619,train/ISIC_0029215.jpg,0,1,0
9620,9620,train/ISIC_0030963.jpg,0,1,0
9621,9621,train/ISIC_0030467.jpg,0,1,0
9622,9622,train/ISIC_0032972.jpg,0,1,0
9623,9623,train/ISIC_0024682.jpg,0,1,0
9624,9624,train/ISIC_0024515.jpg,0,1,1
9625,9625,train/ISIC_0034264.jpg,0,1,0
9626,9626,train/ISIC_0033525.jpg,0,1,0
9627,9627,train/ISIC_0029311.jpg,0,1,0
9628,9628,train/ISIC_0024441.jpg,0,1,0
9629,9629,train/ISIC_0031416.jpg,0,1,0
9630,9630,train/ISIC_0033840.jpg,0,1,0
9631,9631,train/ISIC_0024549.jpg,0,1,1
9632,9632,train/ISIC_0024680.jpg,0,1,1
9633,9633,train/ISIC_0032849.jpg,0,1,0
9634,9634,train/ISIC_0026240.jpg,0,1,1
9635,9635,train/ISIC_0028713.jpg,0,1,0
9636,9636,train/ISIC_0032069.jpg,0,1,0
9637,9637,train/ISIC_0029439.jpg,0,1,0
9638,9638,train/ISIC_0028288.jpg,1,1,1
9639,9639,train/ISIC_0031723.jpg,0,1,0
9640,9640,train/ISIC_0032671.jpg,0,1,1
9641,9641,train/ISIC_0025521.jpg,0,1,0
9642,9642,train/ISIC_0025793.jpg,0,1,0
9643,9643,train/ISIC_0033147.jpg,0,1,0
9644,9644,train/ISIC_0025983.jpg,0,1,0
9645,9645,train/ISIC_0030940.jpg,0,1,0
9646,9646,train/ISIC_0024313.jpg,1,1,0
9647,9647,train/ISIC_0028144.jpg,0,1,0
9648,9648,train/ISIC_0032828.jpg,0,1,0
9649,9649,train/ISIC_0031422.jpg,0,1,0
9650,9650,train/ISIC_0026597.jpg,0,1,1
9651,9651,train/ISIC_0032863.jpg,0,1,1
9652,9652,train/ISIC_0028147.jpg,0,1,1
9653,9653,train/ISIC_0034024.jpg,0,1,0
9654,9654,train/ISIC_0030143.jpg,1,1,1
9655,9655,train/ISIC_0030274.jpg,0,1,0
9656,9656,train/ISIC_0031234.jpg,0,1,0
9657,9657,train/ISIC_0026073.jpg,0,1,1
9658,9658,train/ISIC_0033133.jpg,0,1,0
9659,9659,train/ISIC_0033196.jpg,1,1,0
9660,9660,train/ISIC_0031693.jpg,0,1,1
9661,9661,train/ISIC_0028545.jpg,0,1,0
9662,9662,train/ISIC_0025014.jpg,0,1,0
9663,9663,train/ISIC_0026952.jpg,0,1,0
9664,9664,train/ISIC_0027090.jpg,0,1,0
9665,9665,train/ISIC_0026620.jpg,0,1,0
9666,9666,train/ISIC_0028919.jpg,0,1,0
9667,9667,train/ISIC_0031777.jpg,0,1,0
9668,9668,train/ISIC_0030463.jpg,1,1,1
9669,9669,train/ISIC_0032678.jpg,0,1,0
9670,9670,train/ISIC_0027293.jpg,0,1,0
9671,9671,train/ISIC_0029601.jpg,0,1,0
9672,9672,train/ISIC_0028544.jpg,0,1,0
9673,9673,train/ISIC_0030839.jpg,0,1,1
9674,9674,train/ISIC_0033146.jpg,0,1,0
9675,9675,train/ISIC_0025796.jpg,0,1,1
9676,9676,train/ISIC_0030073.jpg,0,1,0
9677,9677,train/ISIC_0030495.jpg,0,1,0
9678,9678,train/ISIC_0032139.jpg,0,1,1
9679,9679,train/ISIC_0024641.jpg,0,1,0
9680,9680,train/ISIC_0028843.jpg,0,1,0
9681,9681,train/ISIC_0027296.jpg,0,1,1
9682,9682,train/ISIC_0025531.jpg,1,1,1
9683,9683,train/ISIC_0028080.jpg,0,1,0
9684,9684,train/ISIC_0029047.jpg,0,1,1
9685,9685,train/ISIC_0033403.jpg,0,1,0
9686,9686,train/ISIC_0027482.jpg,0,1,0
9687,9687,train/ISIC_0030722.jpg,0,1,0
9688,9688,train/ISIC_0026430.jpg,1,1,0
9689,9689,train/ISIC_0034268.jpg,0,1,0
9690,9690,train/ISIC_0033793.jpg,0,1,1
9691,9691,train/ISIC_0026872.jpg,1,1,1
9692,9692,train/ISIC_0027667.jpg,0,1,0
9693,9693,train/ISIC_0024883.jpg,0,1,0
9694,9694,train/ISIC_0033335.jpg,0,1,0
9695,9695,train/ISIC_0027284.jpg,0,1,0
9696,9696,train/ISIC_0027525.jpg,0,1,1
9697,9697,train/ISIC_0032028.jpg,0,1,0
9698,9698,train/ISIC_0024722.jpg,0,1,1
9699,9699,train/ISIC_0032899.jpg,0,1,0
9700,9700,train/ISIC_0030420.jpg,0,1,0
9701,9701,train/ISIC_0029303.jpg,0,1,0
9702,9702,train/ISIC_0025249.jpg,0,1,0
9703,9703,train/ISIC_0027793.jpg,1,1,0
9704,9704,train/ISIC_0027518.jpg,0,1,0
9705,9705,train/ISIC_0025461.jpg,0,1,0
9706,9706,train/ISIC_0024330.jpg,0,1,0
9707,9707,train/ISIC_0028039.jpg,0,1,0
9708,9708,train/ISIC_0030246.jpg,1,1,0
9709,9709,train/ISIC_0030048.jpg,0,1,0
9710,9710,train/ISIC_0025228.jpg,0,1,0
9711,9711,train/ISIC_0025342.jpg,0,1,0
9712,9712,train/ISIC_0026959.jpg,0,1,1
9713,9713,train/ISIC_0033440.jpg,1,1,1
9714,9714,train/ISIC_0031347.jpg,0,1,0
9715,9715,train/ISIC_0024755.jpg,0,1,0
9716,9716,train/ISIC_0030395.jpg,0,1,0
9717,9717,train/ISIC_0033168.jpg,0,1,1
9718,9718,train/ISIC_0024419.jpg,0,1,0
9719,9719,train/ISIC_0024337.jpg,0,1,0
9720,9720,train/ISIC_0029814.jpg,0,1,0
9721,9721,train/ISIC_0024721.jpg,0,1,0
9722,9722,train/ISIC_0025732.jpg,1,1,1
9723,9723,train/ISIC_0031600.jpg,0,1,1
9724,9724,train/ISIC_0033919.jpg,0,1,1
9725,9725,train/ISIC_0030473.jpg,0,1,0
9726,9726,train/ISIC_0029913.jpg,1,1,0
9727,9727,train/ISIC_0033032.jpg,0,1,0
9728,9728,train/ISIC_0026170.jpg,0,1,0
9729,9729,train/ISIC_0030512.jpg,1,1,0
9730,9730,train/ISIC_0026729.jpg,1,1,0
9731,9731,train/ISIC_0030443.jpg,1,1,1
9732,9732,train/ISIC_0026367.jpg,0,1,0
9733,9733,train/ISIC_0032126.jpg,0,1,0
9734,9734,train/ISIC_0030836.jpg,0,1,0
9735,9735,train/ISIC_0033530.jpg,0,1,0
9736,9736,train/ISIC_0027952.jpg,0,1,0
9737,9737,train/ISIC_0025363.jpg,1,1,1
9738,9738,train/ISIC_0028484.jpg,0,1,0
9739,9739,train/ISIC_0024357.jpg,0,1,0
9740,9740,train/ISIC_0031502.jpg,0,1,0
9741,9741,train/ISIC_0033586.jpg,1,1,1
9742,9742,train/ISIC_0033663.jpg,1,1,0
9743,9743,train/ISIC_0030016.jpg,0,1,0
9744,9744,train/ISIC_0025432.jpg,0,1,0
9745,9745,train/ISIC_0024870.jpg,0,1,0
9746,9746,train/ISIC_0027980.jpg,0,1,0
9747,9747,train/ISIC_0029100.jpg,0,1,1
9748,9748,train/ISIC_0033826.jpg,0,1,0
9749,9749,train/ISIC_0029464.jpg,0,1,0
9750,9750,train/ISIC_0030340.jpg,0,1,1
9751,9751,train/ISIC_0025367.jpg,0,1,0
9752,9752,train/ISIC_0030374.jpg,0,1,0
9753,9753,train/ISIC_0027862.jpg,0,1,0
9754,9754,train/ISIC_0029423.jpg,0,1,0
9755,9755,train/ISIC_0033646.jpg,0,1,0
9756,9756,train/ISIC_0031207.jpg,0,1,0
9757,9757,train/ISIC_0031022.jpg,0,1,0
9758,9758,train/ISIC_0030529.jpg,0,1,0
9759,9759,train/ISIC_0033697.jpg,0,1,0
9760,9760,train/ISIC_0031193.jpg,0,1,1
9761,9761,train/ISIC_0033966.jpg,0,1,0
9762,9762,train/ISIC_0029542.jpg,0,1,1
9763,9763,train/ISIC_0032041.jpg,0,1,0
9764,9764,train/ISIC_0030436.jpg,0,1,0
9765,9765,train/ISIC_0027648.jpg,0,1,0
9766,9766,train/ISIC_0033960.jpg,0,1,0
9767,9767,train/ISIC_0027001.jpg,0,1,0
9768,9768,train/ISIC_0026559.jpg,0,1,0
9769,9769,train/ISIC_0031794.jpg,0,1,1
9770,9770,train/ISIC_0025826.jpg,0,1,1
9771,9771,train/ISIC_0025296.jpg,0,1,0
9772,9772,train/ISIC_0034230.jpg,0,1,0
9773,9773,train/ISIC_0027359.jpg,1,1,0
9774,9774,train/ISIC_0031059.jpg,0,1,0
9775,9775,train/ISIC_0029667.jpg,0,1,0
9776,9776,train/ISIC_0026882.jpg,0,1,0
9777,9777,train/ISIC_0026791.jpg,0,1,0
9778,9778,train/ISIC_0031664.jpg,0,1,0
9779,9779,train/ISIC_0029193.jpg,0,1,1
9780,9780,train/ISIC_0024510.jpg,0,1,0
9781,9781,train/ISIC_0028757.jpg,0,1,1
9782,9782,train/ISIC_0033112.jpg,0,1,0
9783,9783,train/ISIC_0031488.jpg,0,1,1
9784,9784,train/ISIC_0025650.jpg,0,1,1
9785,9785,train/ISIC_0030914.jpg,0,1,0
9786,9786,train/ISIC_0031862.jpg,0,1,0
9787,9787,train/ISIC_0030075.jpg,0,1,0
9788,9788,train/ISIC_0030787.jpg,0,1,0
9789,9789,train/ISIC_0025383.jpg,0,1,0
9790,9790,train/ISIC_0026351.jpg,0,1,0
9791,9791,train/ISIC_0033295.jpg,1,1,1
9792,9792,train/ISIC_0025757.jpg,0,1,0
9793,9793,train/ISIC_0033837.jpg,0,1,0
9794,9794,train/ISIC_0025396.jpg,0,1,0
9795,9795,train/ISIC_0028200.jpg,0,1,1
9796,9796,train/ISIC_0029224.jpg,0,1,1
9797,9797,train/ISIC_0025253.jpg,0,1,0
9798,9798,train/ISIC_0029156.jpg,0,1,0
9799,9799,train/ISIC_0029362.jpg,1,1,1
9800,9800,train/ISIC_0024962.jpg,1,1,0
9801,9801,train/ISIC_0030301.jpg,0,1,0
9802,9802,train/ISIC_0026853.jpg,1,1,1
9803,9803,train/ISIC_0033285.jpg,0,1,0
9804,9804,train/ISIC_0027245.jpg,0,1,0
9805,9805,train/ISIC_0034248.jpg,0,1,0
9806,9806,train/ISIC_0034284.jpg,1,1,0
9807,9807,train/ISIC_0025100.jpg,0,1,0
9808,9808,train/ISIC_0031998.jpg,0,1,0
9809,9809,train/ISIC_0027809.jpg,0,1,0
9810,9810,train/ISIC_0029374.jpg,0,1,0
9811,9811,train/ISIC_0027085.jpg,0,1,0
9812,9812,train/ISIC_0028808.jpg,0,1,0
9813,9813,train/ISIC_0027428.jpg,0,1,1
9814,9814,train/ISIC_0024737.jpg,0,1,0
9815,9815,train/ISIC_0032666.jpg,0,1,0
9816,9816,train/ISIC_0030342.jpg,0,1,0
9817,9817,train/ISIC_0028444.jpg,0,1,1
9818,9818,train/ISIC_0030125.jpg,0,1,0
9819,9819,train/ISIC_0033334.jpg,0,1,0
9820,9820,train/ISIC_0030271.jpg,0,1,1
9821,9821,train/ISIC_0031903.jpg,0,1,1
9822,9822,train/ISIC_0031462.jpg,0,1,0
9823,9823,train/ISIC_0033619.jpg,1,1,0
9824,9824,train/ISIC_0025738.jpg,0,1,0
9825,9825,train/ISIC_0025142.jpg,0,1,0
9826,9826,train/ISIC_0025498.jpg,0,1,0
9827,9827,train/ISIC_0033502.jpg,0,1,0
9828,9828,train/ISIC_0026661.jpg,0,1,1
9829,9829,train/ISIC_0029578.jpg,0,1,0
9830,9830,train/ISIC_0030034.jpg,1,1,0
9831,9831,train/ISIC_0024533.jpg,0,1,0
9832,9832,train/ISIC_0028857.jpg,0,1,1
9833,9833,train/ISIC_0029564.jpg,0,1,0
9834,9834,train/ISIC_0025346.jpg,0,1,0
9835,9835,train/ISIC_0024580.jpg,0,1,0
9836,9836,train/ISIC_0033725.jpg,1,1,0
9837,9837,train/ISIC_0030486.jpg,1,1,1
9838,9838,train/ISIC_0031289.jpg,0,1,0
9839,9839,train/ISIC_0032445.jpg,0,1,0
9840,9840,train/ISIC_0025997.jpg,0,1,0
9841,9841,train/ISIC_0027519.jpg,0,1,0
9842,9842,train/ISIC_0033336.jpg,1,1,1
9843,9843,train/ISIC_0034265.jpg,0,1,1
9844,9844,train/ISIC_0029427.jpg,0,1,0
9845,9845,train/ISIC_0029876.jpg,0,1,0
9846,9846,train/ISIC_0032324.jpg,0,1,0
9847,9847,train/ISIC_0029162.jpg,0,1,0
9848,9848,train/ISIC_0028294.jpg,0,1,1
9849,9849,train/ISIC_0032868.jpg,0,1,0
9850,9850,train/ISIC_0029528.jpg,0,1,0
9851,9851,train/ISIC_0031403.jpg,0,1,0
9852,9852,train/ISIC_0032213.jpg,0,1,0
9853,9853,train/ISIC_0026195.jpg,0,1,0
9854,9854,train/ISIC_0026375.jpg,0,1,0
9855,9855,train/ISIC_0028592.jpg,0,1,0
9856,9856,train/ISIC_0026937.jpg,0,1,0
9857,9857,train/ISIC_0031572.jpg,0,1,0
9858,9858,train/ISIC_0027858.jpg,0,1,1
9859,9859,train/ISIC_0027230.jpg,0,1,0
9860,9860,train/ISIC_0027003.jpg,0,1,0
9861,9861,train/ISIC_0030296.jpg,0,1,0
9862,9862,train/ISIC_0024866.jpg,0,1,0
9863,9863,train/ISIC_0026121.jpg,0,1,0
9864,9864,train/ISIC_0034275.jpg,1,1,1
9865,9865,train/ISIC_0027845.jpg,0,1,0
9866,9866,train/ISIC_0031910.jpg,0,1,0
9867,9867,train/ISIC_0029221.jpg,0,1,1
9868,9868,train/ISIC_0025798.jpg,0,1,0
9869,9869,train/ISIC_0032494.jpg,0,1,0
9870,9870,train/ISIC_0025917.jpg,0,1,0
9871,9871,train/ISIC_0027089.jpg,1,1,0
9872,9872,train/ISIC_0033862.jpg,0,1,0
9873,9873,train/ISIC_0031242.jpg,0,1,0
9874,9874,train/ISIC_0029444.jpg,0,1,0
9875,9875,train/ISIC_0033965.jpg,0,1,0
9876,9876,train/ISIC_0032154.jpg,1,1,1
9877,9877,train/ISIC_0031528.jpg,0,1,0
9878,9878,train/ISIC_0027863.jpg,1,1,0
9879,9879,train/ISIC_0032259.jpg,0,1,0
9880,9880,train/ISIC_0027876.jpg,0,1,1
9881,9881,train/ISIC_0024747.jpg,0,1,1
9882,9882,train/ISIC_0031153.jpg,0,1,0
9883,9883,train/ISIC_0032108.jpg,0,1,0
9884,9884,train/ISIC_0034306.jpg,0,1,1
9885,9885,train/ISIC_0031332.jpg,0,1,0
9886,9886,train/ISIC_0029403.jpg,0,1,0
9887,9887,train/ISIC_0033324.jpg,1,1,1
9888,9888,train/ISIC_0031999.jpg,1,1,0
9889,9889,train/ISIC_0024729.jpg,1,1,0
9890,9890,train/ISIC_0025565.jpg,0,1,0
9891,9891,train/ISIC_0024764.jpg,0,1,0
9892,9892,train/ISIC_0030001.jpg,0,1,1
9893,9893,train/ISIC_0032196.jpg,0,1,0
9894,9894,train/ISIC_0033710.jpg,1,1,1
9895,9895,train/ISIC_0026063.jpg,0,1,0
9896,9896,train/ISIC_0026987.jpg,0,1,0
9897,9897,train/ISIC_0033175.jpg,1,1,0
9898,9898,train/ISIC_0031608.jpg,0,1,0
9899,9899,train/ISIC_0026017.jpg,0,1,1
9900,9900,train/ISIC_0026403.jpg,0,1,0
9901,9901,train/ISIC_0028199.jpg,0,1,0
9902,9902,train/ISIC_0029766.jpg,0,1,0
9903,9903,train/ISIC_0032728.jpg,0,1,0
9904,9904,train/ISIC_0032940.jpg,1,1,1
9905,9905,train/ISIC_0032652.jpg,0,1,0
9906,9906,train/ISIC_0028684.jpg,0,1,0
9907,9907,train/ISIC_0030004.jpg,0,1,1
9908,9908,train/ISIC_0026709.jpg,1,1,0
9909,9909,train/ISIC_0026595.jpg,0,1,0
9910,9910,train/ISIC_0034182.jpg,0,1,1
9911,9911,train/ISIC_0032258.jpg,1,1,1
9912,9912,train/ISIC_0034002.jpg,1,1,1
9913,9913,train/ISIC_0025330.jpg,0,1,0
9914,9914,train/ISIC_0029994.jpg,0,1,0
9915,9915,train/ISIC_0026908.jpg,0,1,1
9916,9916,train/ISIC_0030737.jpg,0,1,0
9917,9917,train/ISIC_0028281.jpg,0,1,0
9918,9918,train/ISIC_0026010.jpg,0,1,0
9919,9919,train/ISIC_0028341.jpg,0,1,0
9920,9920,train/ISIC_0026943.jpg,0,1,0
9921,9921,train/ISIC_0033162.jpg,0,1,0
9922,9922,train/ISIC_0025032.jpg,0,1,1
9923,9923,train/ISIC_0025419.jpg,0,1,0
9924,9924,train/ISIC_0029451.jpg,0,1,0
9925,9925,train/ISIC_0032733.jpg,1,1,1
9926,9926,train/ISIC_0034300.jpg,0,1,0
9927,9927,train/ISIC_0030806.jpg,0,1,0
9928,9928,train/ISIC_0033308.jpg,0,1,0
9929,9929,train/ISIC_0027669.jpg,1,1,1
9930,9930,train/ISIC_0032675.jpg,0,1,1
9931,9931,train/ISIC_0030333.jpg,1,1,1
9932,9932,train/ISIC_0033493.jpg,0,1,0
9933,9933,train/ISIC_0031880.jpg,0,1,0
9934,9934,train/ISIC_0029369.jpg,0,1,0
9935,9935,train/ISIC_0027297.jpg,0,1,1
9936,9936,train/ISIC_0024712.jpg,0,1,0
9937,9937,train/ISIC_0031476.jpg,0,1,1
9938,9938,train/ISIC_0026291.jpg,0,1,1
9939,9939,train/ISIC_0030122.jpg,1,1,0
9940,9940,train/ISIC_0028391.jpg,0,1,0
9941,9941,train/ISIC_0026570.jpg,0,1,1
9942,9942,train/ISIC_0026217.jpg,0,1,0
9943,9943,train/ISIC_0032485.jpg,0,1,0
9944,9944,train/ISIC_0030325.jpg,0,1,0
9945,9945,train/ISIC_0030750.jpg,0,1,0
9946,9946,train/ISIC_0028332.jpg,0,1,0
9947,9947,train/ISIC_0029605.jpg,0,1,0
9948,9948,train/ISIC_0033739.jpg,0,1,0
9949,9949,train/ISIC_0033325.jpg,1,1,0
9950,9950,train/ISIC_0028417.jpg,0,1,0
9951,9951,train/ISIC_0027843.jpg,0,1,0
9952,9952,train/ISIC_0026045.jpg,1,1,1
9953,9953,train/ISIC_0029017.jpg,1,1,0
9954,9954,train/ISIC_0032651.jpg,0,1,0
9955,9955,train/ISIC_0031740.jpg,0,1,0
9956,9956,train/ISIC_0025607.jpg,0,1,0
9957,9957,train/ISIC_0030351.jpg,0,1,0
9958,9958,test/ISIC_0034524.jpg,0,2,0
9959,9959,test/ISIC_0034525.jpg,0,2,1
9960,9960,test/ISIC_0034526.jpg,0,2,1
9961,9961,test/ISIC_0034527.jpg,0,2,0
9962,9962,test/ISIC_0034528.jpg,0,2,1
9963,9963,test/ISIC_0034530.jpg,0,2,0
9964,9964,test/ISIC_0034531.jpg,0,2,1
9965,9965,test/ISIC_0034532.jpg,0,2,0
9966,9966,test/ISIC_0034533.jpg,0,2,0
9967,9967,test/ISIC_0034534.jpg,0,2,0
9968,9968,test/ISIC_0034536.jpg,1,2,1
9969,9969,test/ISIC_0034537.jpg,0,2,0
9970,9970,test/ISIC_0034538.jpg,1,2,0
9971,9971,test/ISIC_0034539.jpg,0,2,1
9972,9972,test/ISIC_0034541.jpg,0,2,0
9973,9973,test/ISIC_0034543.jpg,0,2,0
9974,9974,test/ISIC_0034544.jpg,0,2,0
9975,9975,test/ISIC_0034545.jpg,0,2,0
9976,9976,test/ISIC_0034546.jpg,0,2,1
9977,9977,test/ISIC_0034547.jpg,0,2,1
9978,9978,test/ISIC_0034548.jpg,1,2,0
9979,9979,test/ISIC_0034551.jpg,0,2,0
9980,9980,test/ISIC_0034552.jpg,0,2,1
9981,9981,test/ISIC_0034553.jpg,0,2,0
9982,9982,test/ISIC_0034554.jpg,0,2,1
9983,9983,test/ISIC_0034555.jpg,0,2,1
9984,9984,test/ISIC_0034556.jpg,0,2,0
9985,9985,test/ISIC_0034557.jpg,0,2,0
9986,9986,test/ISIC_0034558.jpg,0,2,0
9987,9987,test/ISIC_0034559.jpg,0,2,0
9988,9988,test/ISIC_0034560.jpg,0,2,0
9989,9989,test/ISIC_0034561.jpg,0,2,1
9990,9990,test/ISIC_0034562.jpg,0,2,0
9991,9991,test/ISIC_0034563.jpg,0,2,0
9992,9992,test/ISIC_0034564.jpg,0,2,0
9993,9993,test/ISIC_0034565.jpg,0,2,1
9994,9994,test/ISIC_0034566.jpg,0,2,0
9995,9995,test/ISIC_0034567.jpg,0,2,0
9996,9996,test/ISIC_0034568.jpg,0,2,0
9997,9997,test/ISIC_0034570.jpg,0,2,1
9998,9998,test/ISIC_0034572.jpg,1,2,0
9999,9999,test/ISIC_0034574.jpg,0,2,1
10000,10000,test/ISIC_0034576.jpg,0,2,0
10001,10001,test/ISIC_0034577.jpg,0,2,0
10002,10002,test/ISIC_0034578.jpg,0,2,1
10003,10003,test/ISIC_0034579.jpg,1,2,0
10004,10004,test/ISIC_0034580.jpg,0,2,0
10005,10005,test/ISIC_0034581.jpg,0,2,0
10006,10006,test/ISIC_0034582.jpg,0,2,0
10007,10007,test/ISIC_0034583.jpg,0,2,0
10008,10008,test/ISIC_0034584.jpg,1,2,0
10009,10009,test/ISIC_0034585.jpg,1,2,1
10010,10010,test/ISIC_0034586.jpg,0,2,0
10011,10011,test/ISIC_0034587.jpg,0,2,0
10012,10012,test/ISIC_0034588.jpg,0,2,1
10013,10013,test/ISIC_0034589.jpg,0,2,0
10014,10014,test/ISIC_0034590.jpg,0,2,0
10015,10015,test/ISIC_0034591.jpg,0,2,1
10016,10016,test/ISIC_0034592.jpg,0,2,0
10017,10017,test/ISIC_0034593.jpg,0,2,0
10018,10018,test/ISIC_0034594.jpg,0,2,0
10019,10019,test/ISIC_0034595.jpg,1,2,1
10020,10020,test/ISIC_0034596.jpg,0,2,1
10021,10021,test/ISIC_0034597.jpg,0,2,0
10022,10022,test/ISIC_0034598.jpg,0,2,0
10023,10023,test/ISIC_0034599.jpg,0,2,0
10024,10024,test/ISIC_0034600.jpg,0,2,0
10025,10025,test/ISIC_0034601.jpg,0,2,0
10026,10026,test/ISIC_0034602.jpg,0,2,0
10027,10027,test/ISIC_0034603.jpg,0,2,0
10028,10028,test/ISIC_0034604.jpg,0,2,1
10029,10029,test/ISIC_0034605.jpg,1,2,1
10030,10030,test/ISIC_0034607.jpg,0,2,0
10031,10031,test/ISIC_0034608.jpg,0,2,0
10032,10032,test/ISIC_0034609.jpg,0,2,0
10033,10033,test/ISIC_0034610.jpg,0,2,0
10034,10034,test/ISIC_0034611.jpg,0,2,0
10035,10035,test/ISIC_0034612.jpg,0,2,0
10036,10036,test/ISIC_0034614.jpg,0,2,1
10037,10037,test/ISIC_0034615.jpg,0,2,1
10038,10038,test/ISIC_0034616.jpg,0,2,1
10039,10039,test/ISIC_0034617.jpg,0,2,0
10040,10040,test/ISIC_0034618.jpg,0,2,0
10041,10041,test/ISIC_0034619.jpg,0,2,0
10042,10042,test/ISIC_0034620.jpg,0,2,0
10043,10043,test/ISIC_0034621.jpg,0,2,0
10044,10044,test/ISIC_0034623.jpg,0,2,0
10045,10045,test/ISIC_0034624.jpg,0,2,0
10046,10046,test/ISIC_0034625.jpg,0,2,0
10047,10047,test/ISIC_0034626.jpg,0,2,0
10048,10048,test/ISIC_0034627.jpg,0,2,0
10049,10049,test/ISIC_0034628.jpg,1,2,1
10050,10050,test/ISIC_0034629.jpg,0,2,0
10051,10051,test/ISIC_0034630.jpg,1,2,0
10052,10052,test/ISIC_0034632.jpg,0,2,1
10053,10053,test/ISIC_0034633.jpg,1,2,0
10054,10054,test/ISIC_0034634.jpg,0,2,0
10055,10055,test/ISIC_0034635.jpg,0,2,0
10056,10056,test/ISIC_0034636.jpg,0,2,0
10057,10057,test/ISIC_0034637.jpg,0,2,0
10058,10058,test/ISIC_0034638.jpg,1,2,1
10059,10059,test/ISIC_0034639.jpg,0,2,0
10060,10060,test/ISIC_0034640.jpg,0,2,0
10061,10061,test/ISIC_0034641.jpg,0,2,0
10062,10062,test/ISIC_0034643.jpg,0,2,0
10063,10063,test/ISIC_0034644.jpg,1,2,0
10064,10064,test/ISIC_0034645.jpg,0,2,0
10065,10065,test/ISIC_0034648.jpg,0,2,0
10066,10066,test/ISIC_0034649.jpg,0,2,0
10067,10067,test/ISIC_0034653.jpg,0,2,0
10068,10068,test/ISIC_0034654.jpg,0,2,0
10069,10069,test/ISIC_0034655.jpg,1,2,0
10070,10070,test/ISIC_0034656.jpg,0,2,0
10071,10071,test/ISIC_0034657.jpg,1,2,0
10072,10072,test/ISIC_0034658.jpg,0,2,0
10073,10073,test/ISIC_0034659.jpg,0,2,0
10074,10074,test/ISIC_0034660.jpg,0,2,0
10075,10075,test/ISIC_0034661.jpg,0,2,0
10076,10076,test/ISIC_0034662.jpg,0,2,0
10077,10077,test/ISIC_0034664.jpg,0,2,0
10078,10078,test/ISIC_0034665.jpg,0,2,0
10079,10079,test/ISIC_0034666.jpg,0,2,0
10080,10080,test/ISIC_0034667.jpg,0,2,1
10081,10081,test/ISIC_0034668.jpg,0,2,0
10082,10082,test/ISIC_0034669.jpg,1,2,1
10083,10083,test/ISIC_0034670.jpg,0,2,0
10084,10084,test/ISIC_0034671.jpg,0,2,0
10085,10085,test/ISIC_0034672.jpg,0,2,0
10086,10086,test/ISIC_0034675.jpg,0,2,0
10087,10087,test/ISIC_0034676.jpg,0,2,0
10088,10088,test/ISIC_0034677.jpg,0,2,0
10089,10089,test/ISIC_0034678.jpg,0,2,0
10090,10090,test/ISIC_0034679.jpg,0,2,0
10091,10091,test/ISIC_0034680.jpg,0,2,0
10092,10092,test/ISIC_0034681.jpg,0,2,0
10093,10093,test/ISIC_0034682.jpg,0,2,1
10094,10094,test/ISIC_0034683.jpg,0,2,0
10095,10095,test/ISIC_0034684.jpg,0,2,1
10096,10096,test/ISIC_0034685.jpg,0,2,1
10097,10097,test/ISIC_0034686.jpg,0,2,0
10098,10098,test/ISIC_0034687.jpg,1,2,0
10099,10099,test/ISIC_0034688.jpg,0,2,0
10100,10100,test/ISIC_0034689.jpg,0,2,0
10101,10101,test/ISIC_0034690.jpg,0,2,0
10102,10102,test/ISIC_0034691.jpg,0,2,1
10103,10103,test/ISIC_0034692.jpg,0,2,1
10104,10104,test/ISIC_0034695.jpg,0,2,1
10105,10105,test/ISIC_0034696.jpg,0,2,0
10106,10106,test/ISIC_0034697.jpg,0,2,0
10107,10107,test/ISIC_0034698.jpg,0,2,0
10108,10108,test/ISIC_0034699.jpg,0,2,1
10109,10109,test/ISIC_0034700.jpg,0,2,0
10110,10110,test/ISIC_0034701.jpg,0,2,0
10111,10111,test/ISIC_0034702.jpg,0,2,0
10112,10112,test/ISIC_0034703.jpg,0,2,0
10113,10113,test/ISIC_0034704.jpg,0,2,0
10114,10114,test/ISIC_0034706.jpg,0,2,0
10115,10115,test/ISIC_0034707.jpg,0,2,0
10116,10116,test/ISIC_0034708.jpg,0,2,0
10117,10117,test/ISIC_0034709.jpg,0,2,0
10118,10118,test/ISIC_0034710.jpg,0,2,1
10119,10119,test/ISIC_0034711.jpg,0,2,0
10120,10120,test/ISIC_0034712.jpg,0,2,0
10121,10121,test/ISIC_0034713.jpg,1,2,1
10122,10122,test/ISIC_0034714.jpg,1,2,1
10123,10123,test/ISIC_0034715.jpg,0,2,0
10124,10124,test/ISIC_0034716.jpg,0,2,0
10125,10125,test/ISIC_0034717.jpg,0,2,0
10126,10126,test/ISIC_0034718.jpg,0,2,0
10127,10127,test/ISIC_0034719.jpg,0,2,0
10128,10128,test/ISIC_0034720.jpg,0,2,1
10129,10129,test/ISIC_0034721.jpg,0,2,0
10130,10130,test/ISIC_0034722.jpg,0,2,0
10131,10131,test/ISIC_0034723.jpg,0,2,1
10132,10132,test/ISIC_0034724.jpg,0,2,0
10133,10133,test/ISIC_0034725.jpg,0,2,0
10134,10134,test/ISIC_0034726.jpg,0,2,0
10135,10135,test/ISIC_0034727.jpg,0,2,0
10136,10136,test/ISIC_0034728.jpg,0,2,0
10137,10137,test/ISIC_0034729.jpg,0,2,0
10138,10138,test/ISIC_0034730.jpg,0,2,0
10139,10139,test/ISIC_0034731.jpg,0,2,1
10140,10140,test/ISIC_0034732.jpg,0,2,0
10141,10141,test/ISIC_0034733.jpg,1,2,0
10142,10142,test/ISIC_0034735.jpg,0,2,0
10143,10143,test/ISIC_0034736.jpg,0,2,0
10144,10144,test/ISIC_0034737.jpg,1,2,0
10145,10145,test/ISIC_0034738.jpg,0,2,0
10146,10146,test/ISIC_0034739.jpg,0,2,0
10147,10147,test/ISIC_0034740.jpg,0,2,0
10148,10148,test/ISIC_0034741.jpg,0,2,0
10149,10149,test/ISIC_0034742.jpg,0,2,0
10150,10150,test/ISIC_0034743.jpg,0,2,0
10151,10151,test/ISIC_0034744.jpg,0,2,0
10152,10152,test/ISIC_0034745.jpg,0,2,0
10153,10153,test/ISIC_0034746.jpg,0,2,1
10154,10154,test/ISIC_0034747.jpg,0,2,0
10155,10155,test/ISIC_0034748.jpg,1,2,1
10156,10156,test/ISIC_0034749.jpg,0,2,1
10157,10157,test/ISIC_0034750.jpg,0,2,1
10158,10158,test/ISIC_0034751.jpg,0,2,0
10159,10159,test/ISIC_0034752.jpg,0,2,0
10160,10160,test/ISIC_0034753.jpg,1,2,1
10161,10161,test/ISIC_0034754.jpg,0,2,1
10162,10162,test/ISIC_0034755.jpg,0,2,1
10163,10163,test/ISIC_0034756.jpg,0,2,0
10164,10164,test/ISIC_0034757.jpg,0,2,0
10165,10165,test/ISIC_0034758.jpg,0,2,0
10166,10166,test/ISIC_0034759.jpg,0,2,1
10167,10167,test/ISIC_0034760.jpg,0,2,1
10168,10168,test/ISIC_0034761.jpg,0,2,0
10169,10169,test/ISIC_0034762.jpg,0,2,0
10170,10170,test/ISIC_0034763.jpg,0,2,0
10171,10171,test/ISIC_0034764.jpg,1,2,1
10172,10172,test/ISIC_0034767.jpg,0,2,0
10173,10173,test/ISIC_0034768.jpg,0,2,0
10174,10174,test/ISIC_0034769.jpg,0,2,1
10175,10175,test/ISIC_0034770.jpg,0,2,0
10176,10176,test/ISIC_0034771.jpg,1,2,0
10177,10177,test/ISIC_0034772.jpg,0,2,0
10178,10178,test/ISIC_0034773.jpg,0,2,0
10179,10179,test/ISIC_0034774.jpg,0,2,0
10180,10180,test/ISIC_0034776.jpg,0,2,1
10181,10181,test/ISIC_0034777.jpg,0,2,0
10182,10182,test/ISIC_0034778.jpg,0,2,0
10183,10183,test/ISIC_0034779.jpg,0,2,0
10184,10184,test/ISIC_0034780.jpg,0,2,0
10185,10185,test/ISIC_0034781.jpg,0,2,0
10186,10186,test/ISIC_0034782.jpg,0,2,0
10187,10187,test/ISIC_0034784.jpg,1,2,0
10188,10188,test/ISIC_0034785.jpg,0,2,1
10189,10189,test/ISIC_0034786.jpg,0,2,1
10190,10190,test/ISIC_0034787.jpg,0,2,1
10191,10191,test/ISIC_0034788.jpg,0,2,0
10192,10192,test/ISIC_0034789.jpg,0,2,0
10193,10193,test/ISIC_0034790.jpg,0,2,0
10194,10194,test/ISIC_0034791.jpg,0,2,1
10195,10195,test/ISIC_0034792.jpg,0,2,1
10196,10196,test/ISIC_0034793.jpg,0,2,0
10197,10197,test/ISIC_0034794.jpg,0,2,1
10198,10198,test/ISIC_0034795.jpg,0,2,0
10199,10199,test/ISIC_0034797.jpg,0,2,1
10200,10200,test/ISIC_0034798.jpg,0,2,0
10201,10201,test/ISIC_0034800.jpg,0,2,0
10202,10202,test/ISIC_0034801.jpg,0,2,0
10203,10203,test/ISIC_0034802.jpg,0,2,1
10204,10204,test/ISIC_0034803.jpg,0,2,1
10205,10205,test/ISIC_0034804.jpg,1,2,0
10206,10206,test/ISIC_0034806.jpg,0,2,0
10207,10207,test/ISIC_0034807.jpg,0,2,0
10208,10208,test/ISIC_0034808.jpg,0,2,1
10209,10209,test/ISIC_0034809.jpg,0,2,1
10210,10210,test/ISIC_0034810.jpg,0,2,0
10211,10211,test/ISIC_0034811.jpg,0,2,0
10212,10212,test/ISIC_0034812.jpg,0,2,0
10213,10213,test/ISIC_0034813.jpg,0,2,0
10214,10214,test/ISIC_0034815.jpg,0,2,0
10215,10215,test/ISIC_0034816.jpg,0,2,0
10216,10216,test/ISIC_0034818.jpg,0,2,0
10217,10217,test/ISIC_0034821.jpg,0,2,0
10218,10218,test/ISIC_0034822.jpg,0,2,0
10219,10219,test/ISIC_0034823.jpg,0,2,0
10220,10220,test/ISIC_0034824.jpg,0,2,0
10221,10221,test/ISIC_0034825.jpg,0,2,0
10222,10222,test/ISIC_0034826.jpg,0,2,0
10223,10223,test/ISIC_0034827.jpg,0,2,0
10224,10224,test/ISIC_0034828.jpg,0,2,0
10225,10225,test/ISIC_0034829.jpg,0,2,0
10226,10226,test/ISIC_0034830.jpg,0,2,0
10227,10227,test/ISIC_0034831.jpg,0,2,0
10228,10228,test/ISIC_0034832.jpg,0,2,0
10229,10229,test/ISIC_0034833.jpg,0,2,0
10230,10230,test/ISIC_0034834.jpg,0,2,0
10231,10231,test/ISIC_0034835.jpg,0,2,0
10232,10232,test/ISIC_0034836.jpg,0,2,1
10233,10233,test/ISIC_0034837.jpg,0,2,0
10234,10234,test/ISIC_0034838.jpg,0,2,1
10235,10235,test/ISIC_0034840.jpg,0,2,1
10236,10236,test/ISIC_0034842.jpg,0,2,1
10237,10237,test/ISIC_0034843.jpg,0,2,1
10238,10238,test/ISIC_0034844.jpg,0,2,0
10239,10239,test/ISIC_0034845.jpg,0,2,1
10240,10240,test/ISIC_0034846.jpg,0,2,0
10241,10241,test/ISIC_0034847.jpg,0,2,1
10242,10242,test/ISIC_0034848.jpg,0,2,0
10243,10243,test/ISIC_0034849.jpg,0,2,1
10244,10244,test/ISIC_0034851.jpg,0,2,0
10245,10245,test/ISIC_0034852.jpg,0,2,0
10246,10246,test/ISIC_0034853.jpg,0,2,0
10247,10247,test/ISIC_0034854.jpg,0,2,0
10248,10248,test/ISIC_0034855.jpg,0,2,0
10249,10249,test/ISIC_0034856.jpg,0,2,0
10250,10250,test/ISIC_0034857.jpg,0,2,0
10251,10251,test/ISIC_0034859.jpg,1,2,1
10252,10252,test/ISIC_0034860.jpg,0,2,0
10253,10253,test/ISIC_0034861.jpg,0,2,0
10254,10254,test/ISIC_0034862.jpg,0,2,0
10255,10255,test/ISIC_0034863.jpg,1,2,1
10256,10256,test/ISIC_0034864.jpg,0,2,0
10257,10257,test/ISIC_0034865.jpg,0,2,0
10258,10258,test/ISIC_0034866.jpg,0,2,1
10259,10259,test/ISIC_0034867.jpg,0,2,0
10260,10260,test/ISIC_0034868.jpg,0,2,0
10261,10261,test/ISIC_0034869.jpg,0,2,0
10262,10262,test/ISIC_0034870.jpg,1,2,1
10263,10263,test/ISIC_0034871.jpg,1,2,0
10264,10264,test/ISIC_0034872.jpg,0,2,0
10265,10265,test/ISIC_0034873.jpg,1,2,0
10266,10266,test/ISIC_0034874.jpg,1,2,1
10267,10267,test/ISIC_0034875.jpg,1,2,0
10268,10268,test/ISIC_0034877.jpg,0,2,0
10269,10269,test/ISIC_0034878.jpg,0,2,0
10270,10270,test/ISIC_0034879.jpg,0,2,1
10271,10271,test/ISIC_0034880.jpg,0,2,0
10272,10272,test/ISIC_0034881.jpg,0,2,0
10273,10273,test/ISIC_0034882.jpg,1,2,0
10274,10274,test/ISIC_0034883.jpg,0,2,1
10275,10275,test/ISIC_0034884.jpg,0,2,0
10276,10276,test/ISIC_0034885.jpg,0,2,0
10277,10277,test/ISIC_0034886.jpg,0,2,0
10278,10278,test/ISIC_0034887.jpg,0,2,0
10279,10279,test/ISIC_0034888.jpg,0,2,0
10280,10280,test/ISIC_0034889.jpg,0,2,0
10281,10281,test/ISIC_0034890.jpg,0,2,0
10282,10282,test/ISIC_0034891.jpg,0,2,0
10283,10283,test/ISIC_0034892.jpg,0,2,0
10284,10284,test/ISIC_0034893.jpg,0,2,0
10285,10285,test/ISIC_0034894.jpg,0,2,0
10286,10286,test/ISIC_0034895.jpg,1,2,0
10287,10287,test/ISIC_0034897.jpg,0,2,1
10288,10288,test/ISIC_0034898.jpg,1,2,1
10289,10289,test/ISIC_0034900.jpg,0,2,0
10290,10290,test/ISIC_0034901.jpg,0,2,0
10291,10291,test/ISIC_0034902.jpg,0,2,1
10292,10292,test/ISIC_0034903.jpg,0,2,0
10293,10293,test/ISIC_0034904.jpg,1,2,0
10294,10294,test/ISIC_0034906.jpg,1,2,1
10295,10295,test/ISIC_0034907.jpg,0,2,0
10296,10296,test/ISIC_0034908.jpg,0,2,0
10297,10297,test/ISIC_0034909.jpg,0,2,0
10298,10298,test/ISIC_0034911.jpg,0,2,0
10299,10299,test/ISIC_0034912.jpg,0,2,0
10300,10300,test/ISIC_0034913.jpg,0,2,0
10301,10301,test/ISIC_0034914.jpg,0,2,0
10302,10302,test/ISIC_0034915.jpg,0,2,0
10303,10303,test/ISIC_0034916.jpg,0,2,0
10304,10304,test/ISIC_0034917.jpg,0,2,1
10305,10305,test/ISIC_0034918.jpg,1,2,0
10306,10306,test/ISIC_0034919.jpg,0,2,0
10307,10307,test/ISIC_0034920.jpg,0,2,0
10308,10308,test/ISIC_0034921.jpg,0,2,0
10309,10309,test/ISIC_0034923.jpg,0,2,0
10310,10310,test/ISIC_0034924.jpg,0,2,1
10311,10311,test/ISIC_0034925.jpg,0,2,0
10312,10312,test/ISIC_0034926.jpg,1,2,1
10313,10313,test/ISIC_0034927.jpg,0,2,0
10314,10314,test/ISIC_0034928.jpg,0,2,0
10315,10315,test/ISIC_0034931.jpg,0,2,0
10316,10316,test/ISIC_0034933.jpg,0,2,0
10317,10317,test/ISIC_0034934.jpg,1,2,1
10318,10318,test/ISIC_0034935.jpg,0,2,1
10319,10319,test/ISIC_0034936.jpg,0,2,0
10320,10320,test/ISIC_0034937.jpg,0,2,1
10321,10321,test/ISIC_0034938.jpg,0,2,0
10322,10322,test/ISIC_0034939.jpg,0,2,1
10323,10323,test/ISIC_0034940.jpg,0,2,0
10324,10324,test/ISIC_0034941.jpg,0,2,0
10325,10325,test/ISIC_0034942.jpg,0,2,0
10326,10326,test/ISIC_0034943.jpg,0,2,0
10327,10327,test/ISIC_0034944.jpg,0,2,1
10328,10328,test/ISIC_0034945.jpg,0,2,0
10329,10329,test/ISIC_0034946.jpg,0,2,1
10330,10330,test/ISIC_0034947.jpg,0,2,0
10331,10331,test/ISIC_0034948.jpg,0,2,1
10332,10332,test/ISIC_0034950.jpg,0,2,0
10333,10333,test/ISIC_0034952.jpg,0,2,1
10334,10334,test/ISIC_0034954.jpg,0,2,0
10335,10335,test/ISIC_0034956.jpg,0,2,0
10336,10336,test/ISIC_0034957.jpg,1,2,0
10337,10337,test/ISIC_0034958.jpg,1,2,1
10338,10338,test/ISIC_0034961.jpg,1,2,1
10339,10339,test/ISIC_0034962.jpg,0,2,0
10340,10340,test/ISIC_0034964.jpg,0,2,1
10341,10341,test/ISIC_0034965.jpg,0,2,0
10342,10342,test/ISIC_0034966.jpg,0,2,1
10343,10343,test/ISIC_0034967.jpg,0,2,0
10344,10344,test/ISIC_0034968.jpg,0,2,0
10345,10345,test/ISIC_0034970.jpg,1,2,1
10346,10346,test/ISIC_0034971.jpg,1,2,0
10347,10347,test/ISIC_0034972.jpg,0,2,1
10348,10348,test/ISIC_0034973.jpg,0,2,0
10349,10349,test/ISIC_0034974.jpg,0,2,0
10350,10350,test/ISIC_0034975.jpg,0,2,0
10351,10351,test/ISIC_0034976.jpg,0,2,1
10352,10352,test/ISIC_0034977.jpg,0,2,0
10353,10353,test/ISIC_0034978.jpg,0,2,0
10354,10354,test/ISIC_0034979.jpg,0,2,0
10355,10355,test/ISIC_0034980.jpg,0,2,0
10356,10356,test/ISIC_0034982.jpg,1,2,1
10357,10357,test/ISIC_0034983.jpg,0,2,0
10358,10358,test/ISIC_0034984.jpg,0,2,0
10359,10359,test/ISIC_0034986.jpg,0,2,1
10360,10360,test/ISIC_0034987.jpg,0,2,1
10361,10361,test/ISIC_0034988.jpg,1,2,1
10362,10362,test/ISIC_0034989.jpg,0,2,0
10363,10363,test/ISIC_0034990.jpg,0,2,0
10364,10364,test/ISIC_0034991.jpg,0,2,0
10365,10365,test/ISIC_0034992.jpg,0,2,0
10366,10366,test/ISIC_0034993.jpg,0,2,1
10367,10367,test/ISIC_0034994.jpg,0,2,0
10368,10368,test/ISIC_0034996.jpg,0,2,0
10369,10369,test/ISIC_0034998.jpg,1,2,0
10370,10370,test/ISIC_0035000.jpg,1,2,1
10371,10371,test/ISIC_0035001.jpg,1,2,0
10372,10372,test/ISIC_0035002.jpg,0,2,0
10373,10373,test/ISIC_0035003.jpg,0,2,0
10374,10374,test/ISIC_0035005.jpg,0,2,0
10375,10375,test/ISIC_0035006.jpg,0,2,0
10376,10376,test/ISIC_0035007.jpg,0,2,0
10377,10377,test/ISIC_0035008.jpg,1,2,1
10378,10378,test/ISIC_0035009.jpg,0,2,0
10379,10379,test/ISIC_0035010.jpg,0,2,1
10380,10380,test/ISIC_0035011.jpg,0,2,0
10381,10381,test/ISIC_0035013.jpg,0,2,1
10382,10382,test/ISIC_0035014.jpg,0,2,0
10383,10383,test/ISIC_0035015.jpg,0,2,0
10384,10384,test/ISIC_0035016.jpg,0,2,0
10385,10385,test/ISIC_0035017.jpg,0,2,0
10386,10386,test/ISIC_0035018.jpg,0,2,1
10387,10387,test/ISIC_0035019.jpg,0,2,0
10388,10388,test/ISIC_0035020.jpg,0,2,0
10389,10389,test/ISIC_0035021.jpg,1,2,0
10390,10390,test/ISIC_0035022.jpg,0,2,1
10391,10391,test/ISIC_0035023.jpg,0,2,1
10392,10392,test/ISIC_0035024.jpg,0,2,0
10393,10393,test/ISIC_0035025.jpg,0,2,0
10394,10394,test/ISIC_0035026.jpg,0,2,1
10395,10395,test/ISIC_0035027.jpg,0,2,0
10396,10396,test/ISIC_0035028.jpg,0,2,1
10397,10397,test/ISIC_0035029.jpg,1,2,1
10398,10398,test/ISIC_0035030.jpg,0,2,0
10399,10399,test/ISIC_0035031.jpg,0,2,1
10400,10400,test/ISIC_0035032.jpg,0,2,1
10401,10401,test/ISIC_0035033.jpg,0,2,1
10402,10402,test/ISIC_0035034.jpg,0,2,0
10403,10403,test/ISIC_0035035.jpg,0,2,0
10404,10404,test/ISIC_0035036.jpg,0,2,0
10405,10405,test/ISIC_0035037.jpg,0,2,1
10406,10406,test/ISIC_0035038.jpg,0,2,0
10407,10407,test/ISIC_0035039.jpg,0,2,1
10408,10408,test/ISIC_0035040.jpg,0,2,1
10409,10409,test/ISIC_0035041.jpg,0,2,1
10410,10410,test/ISIC_0035043.jpg,0,2,1
10411,10411,test/ISIC_0035044.jpg,0,2,0
10412,10412,test/ISIC_0035045.jpg,0,2,0
10413,10413,test/ISIC_0035046.jpg,0,2,1
10414,10414,test/ISIC_0035047.jpg,1,2,1
10415,10415,test/ISIC_0035048.jpg,1,2,0
10416,10416,test/ISIC_0035049.jpg,0,2,0
10417,10417,test/ISIC_0035050.jpg,0,2,1
10418,10418,test/ISIC_0035051.jpg,0,2,0
10419,10419,test/ISIC_0035052.jpg,0,2,0
10420,10420,test/ISIC_0035053.jpg,0,2,0
10421,10421,test/ISIC_0035056.jpg,0,2,0
10422,10422,test/ISIC_0035057.jpg,0,2,1
10423,10423,test/ISIC_0035059.jpg,0,2,0
10424,10424,test/ISIC_0035060.jpg,0,2,1
10425,10425,test/ISIC_0035061.jpg,0,2,1
10426,10426,test/ISIC_0035062.jpg,0,2,0
10427,10427,test/ISIC_0035063.jpg,0,2,0
10428,10428,test/ISIC_0035064.jpg,0,2,0
10429,10429,test/ISIC_0035065.jpg,0,2,0
10430,10430,test/ISIC_0035066.jpg,0,2,0
10431,10431,test/ISIC_0035070.jpg,1,2,0
10432,10432,test/ISIC_0035071.jpg,0,2,0
10433,10433,test/ISIC_0035072.jpg,0,2,1
10434,10434,test/ISIC_0035074.jpg,0,2,0
10435,10435,test/ISIC_0035075.jpg,0,2,0
10436,10436,test/ISIC_0035076.jpg,0,2,0
10437,10437,test/ISIC_0035077.jpg,0,2,0
10438,10438,test/ISIC_0035078.jpg,1,2,0
10439,10439,test/ISIC_0035079.jpg,0,2,0
10440,10440,test/ISIC_0035080.jpg,0,2,1
10441,10441,test/ISIC_0035081.jpg,1,2,0
10442,10442,test/ISIC_0035082.jpg,0,2,0
10443,10443,test/ISIC_0035083.jpg,0,2,0
10444,10444,test/ISIC_0035084.jpg,0,2,0
10445,10445,test/ISIC_0035086.jpg,0,2,1
10446,10446,test/ISIC_0035087.jpg,0,2,0
10447,10447,test/ISIC_0035088.jpg,0,2,0
10448,10448,test/ISIC_0035089.jpg,1,2,0
10449,10449,test/ISIC_0035090.jpg,1,2,0
10450,10450,test/ISIC_0035091.jpg,0,2,0
10451,10451,test/ISIC_0035092.jpg,0,2,1
10452,10452,test/ISIC_0035093.jpg,0,2,0
10453,10453,test/ISIC_0035094.jpg,0,2,0
10454,10454,test/ISIC_0035096.jpg,0,2,0
10455,10455,test/ISIC_0035097.jpg,0,2,0
10456,10456,test/ISIC_0035098.jpg,0,2,0
10457,10457,test/ISIC_0035099.jpg,1,2,1
10458,10458,test/ISIC_0035100.jpg,0,2,0
10459,10459,test/ISIC_0035101.jpg,0,2,0
10460,10460,test/ISIC_0035102.jpg,0,2,0
10461,10461,test/ISIC_0035103.jpg,0,2,1
10462,10462,test/ISIC_0035104.jpg,0,2,1
10463,10463,test/ISIC_0035105.jpg,0,2,0
10464,10464,test/ISIC_0035106.jpg,0,2,1
10465,10465,test/ISIC_0035107.jpg,0,2,0
10466,10466,test/ISIC_0035108.jpg,0,2,0
10467,10467,test/ISIC_0035109.jpg,0,2,0
10468,10468,test/ISIC_0035110.jpg,0,2,0
10469,10469,test/ISIC_0035111.jpg,0,2,0
10470,10470,test/ISIC_0035112.jpg,0,2,1
10471,10471,test/ISIC_0035113.jpg,0,2,0
10472,10472,test/ISIC_0035114.jpg,0,2,0
10473,10473,test/ISIC_0035115.jpg,0,2,0
10474,10474,test/ISIC_0035116.jpg,0,2,0
10475,10475,test/ISIC_0035117.jpg,1,2,1
10476,10476,test/ISIC_0035119.jpg,1,2,0
10477,10477,test/ISIC_0035120.jpg,0,2,0
10478,10478,test/ISIC_0035121.jpg,0,2,0
10479,10479,test/ISIC_0035122.jpg,0,2,0
10480,10480,test/ISIC_0035123.jpg,0,2,0
10481,10481,test/ISIC_0035124.jpg,1,2,0
10482,10482,test/ISIC_0035126.jpg,0,2,0
10483,10483,test/ISIC_0035127.jpg,0,2,1
10484,10484,test/ISIC_0035128.jpg,1,2,1
10485,10485,test/ISIC_0035129.jpg,0,2,0
10486,10486,test/ISIC_0035130.jpg,1,2,1
10487,10487,test/ISIC_0035131.jpg,0,2,1
10488,10488,test/ISIC_0035132.jpg,0,2,0
10489,10489,test/ISIC_0035133.jpg,0,2,0
10490,10490,test/ISIC_0035134.jpg,0,2,0
10491,10491,test/ISIC_0035135.jpg,0,2,0
10492,10492,test/ISIC_0035136.jpg,0,2,0
10493,10493,test/ISIC_0035137.jpg,0,2,0
10494,10494,test/ISIC_0035139.jpg,1,2,0
10495,10495,test/ISIC_0035140.jpg,0,2,0
10496,10496,test/ISIC_0035142.jpg,0,2,0
10497,10497,test/ISIC_0035143.jpg,0,2,0
10498,10498,test/ISIC_0035144.jpg,0,2,0
10499,10499,test/ISIC_0035145.jpg,0,2,0
10500,10500,test/ISIC_0035146.jpg,0,2,0
10501,10501,test/ISIC_0035149.jpg,1,2,1
10502,10502,test/ISIC_0035150.jpg,0,2,0
10503,10503,test/ISIC_0035152.jpg,0,2,0
10504,10504,test/ISIC_0035153.jpg,0,2,0
10505,10505,test/ISIC_0035156.jpg,0,2,0
10506,10506,test/ISIC_0035157.jpg,0,2,0
10507,10507,test/ISIC_0035158.jpg,0,2,0
10508,10508,test/ISIC_0035160.jpg,0,2,0
10509,10509,test/ISIC_0035161.jpg,0,2,0
10510,10510,test/ISIC_0035162.jpg,0,2,0
10511,10511,test/ISIC_0035164.jpg,0,2,0
10512,10512,test/ISIC_0035165.jpg,0,2,0
10513,10513,test/ISIC_0035166.jpg,0,2,0
10514,10514,test/ISIC_0035167.jpg,0,2,0
10515,10515,test/ISIC_0035168.jpg,0,2,1
10516,10516,test/ISIC_0035169.jpg,0,2,1
10517,10517,test/ISIC_0035170.jpg,0,2,0
10518,10518,test/ISIC_0035172.jpg,0,2,0
10519,10519,test/ISIC_0035173.jpg,0,2,0
10520,10520,test/ISIC_0035175.jpg,0,2,0
10521,10521,test/ISIC_0035176.jpg,0,2,0
10522,10522,test/ISIC_0035178.jpg,0,2,0
10523,10523,test/ISIC_0035179.jpg,0,2,1
10524,10524,test/ISIC_0035181.jpg,0,2,0
10525,10525,test/ISIC_0035182.jpg,0,2,0
10526,10526,test/ISIC_0035184.jpg,0,2,0
10527,10527,test/ISIC_0035186.jpg,0,2,0
10528,10528,test/ISIC_0035187.jpg,0,2,0
10529,10529,test/ISIC_0035188.jpg,0,2,0
10530,10530,test/ISIC_0035189.jpg,0,2,0
10531,10531,test/ISIC_0035190.jpg,0,2,1
10532,10532,test/ISIC_0035191.jpg,0,2,0
10533,10533,test/ISIC_0035192.jpg,0,2,0
10534,10534,test/ISIC_0035193.jpg,0,2,0
10535,10535,test/ISIC_0035195.jpg,0,2,0
10536,10536,test/ISIC_0035197.jpg,0,2,0
10537,10537,test/ISIC_0035198.jpg,0,2,0
10538,10538,test/ISIC_0035199.jpg,0,2,1
10539,10539,test/ISIC_0035200.jpg,0,2,1
10540,10540,test/ISIC_0035201.jpg,0,2,0
10541,10541,test/ISIC_0035202.jpg,0,2,0
10542,10542,test/ISIC_0035204.jpg,0,2,1
10543,10543,test/ISIC_0035205.jpg,0,2,0
10544,10544,test/ISIC_0035207.jpg,1,2,0
10545,10545,test/ISIC_0035208.jpg,0,2,0
10546,10546,test/ISIC_0035209.jpg,0,2,0
10547,10547,test/ISIC_0035210.jpg,1,2,1
10548,10548,test/ISIC_0035211.jpg,0,2,0
10549,10549,test/ISIC_0035212.jpg,0,2,0
10550,10550,test/ISIC_0035213.jpg,0,2,0
10551,10551,test/ISIC_0035214.jpg,0,2,0
10552,10552,test/ISIC_0035215.jpg,0,2,0
10553,10553,test/ISIC_0035216.jpg,1,2,1
10554,10554,test/ISIC_0035217.jpg,0,2,1
10555,10555,test/ISIC_0035218.jpg,0,2,0
10556,10556,test/ISIC_0035219.jpg,0,2,0
10557,10557,test/ISIC_0035220.jpg,0,2,0
10558,10558,test/ISIC_0035221.jpg,0,2,0
10559,10559,test/ISIC_0035222.jpg,0,2,1
10560,10560,test/ISIC_0035223.jpg,0,2,0
10561,10561,test/ISIC_0035224.jpg,1,2,1
10562,10562,test/ISIC_0035225.jpg,0,2,0
10563,10563,test/ISIC_0035227.jpg,0,2,0
10564,10564,test/ISIC_0035228.jpg,0,2,0
10565,10565,test/ISIC_0035229.jpg,1,2,0
10566,10566,test/ISIC_0035230.jpg,0,2,0
10567,10567,test/ISIC_0035231.jpg,0,2,1
10568,10568,test/ISIC_0035232.jpg,1,2,1
10569,10569,test/ISIC_0035233.jpg,0,2,1
10570,10570,test/ISIC_0035234.jpg,0,2,0
10571,10571,test/ISIC_0035235.jpg,0,2,0
10572,10572,test/ISIC_0035236.jpg,0,2,0
10573,10573,test/ISIC_0035237.jpg,0,2,0
10574,10574,test/ISIC_0035238.jpg,0,2,0
10575,10575,test/ISIC_0035240.jpg,1,2,1
10576,10576,test/ISIC_0035241.jpg,0,2,0
10577,10577,test/ISIC_0035242.jpg,0,2,0
10578,10578,test/ISIC_0035243.jpg,0,2,1
10579,10579,test/ISIC_0035244.jpg,0,2,0
10580,10580,test/ISIC_0035245.jpg,0,2,1
10581,10581,test/ISIC_0035246.jpg,0,2,0
10582,10582,test/ISIC_0035247.jpg,0,2,0
10583,10583,test/ISIC_0035248.jpg,1,2,1
10584,10584,test/ISIC_0035250.jpg,0,2,0
10585,10585,test/ISIC_0035253.jpg,0,2,0
10586,10586,test/ISIC_0035254.jpg,0,2,1
10587,10587,test/ISIC_0035255.jpg,0,2,0
10588,10588,test/ISIC_0035256.jpg,0,2,0
10589,10589,test/ISIC_0035257.jpg,0,2,1
10590,10590,test/ISIC_0035258.jpg,0,2,1
10591,10591,test/ISIC_0035260.jpg,0,2,0
10592,10592,test/ISIC_0035261.jpg,0,2,1
10593,10593,test/ISIC_0035262.jpg,0,2,0
10594,10594,test/ISIC_0035264.jpg,0,2,1
10595,10595,test/ISIC_0035265.jpg,0,2,0
10596,10596,test/ISIC_0035266.jpg,0,2,0
10597,10597,test/ISIC_0035267.jpg,0,2,1
10598,10598,test/ISIC_0035268.jpg,0,2,0
10599,10599,test/ISIC_0035270.jpg,0,2,1
10600,10600,test/ISIC_0035271.jpg,1,2,0
10601,10601,test/ISIC_0035272.jpg,0,2,0
10602,10602,test/ISIC_0035274.jpg,0,2,0
10603,10603,test/ISIC_0035275.jpg,0,2,0
10604,10604,test/ISIC_0035276.jpg,0,2,0
10605,10605,test/ISIC_0035277.jpg,0,2,1
10606,10606,test/ISIC_0035278.jpg,0,2,1
10607,10607,test/ISIC_0035280.jpg,1,2,1
10608,10608,test/ISIC_0035281.jpg,0,2,0
10609,10609,test/ISIC_0035282.jpg,0,2,0
10610,10610,test/ISIC_0035283.jpg,0,2,0
10611,10611,test/ISIC_0035284.jpg,0,2,0
10612,10612,test/ISIC_0035285.jpg,0,2,1
10613,10613,test/ISIC_0035286.jpg,0,2,0
10614,10614,test/ISIC_0035287.jpg,1,2,1
10615,10615,test/ISIC_0035288.jpg,0,2,0
10616,10616,test/ISIC_0035289.jpg,0,2,0
10617,10617,test/ISIC_0035290.jpg,0,2,1
10618,10618,test/ISIC_0035291.jpg,0,2,0
10619,10619,test/ISIC_0035292.jpg,0,2,0
10620,10620,test/ISIC_0035293.jpg,0,2,0
10621,10621,test/ISIC_0035294.jpg,0,2,0
10622,10622,test/ISIC_0035295.jpg,0,2,0
10623,10623,test/ISIC_0035296.jpg,0,2,0
10624,10624,test/ISIC_0035297.jpg,0,2,0
10625,10625,test/ISIC_0035298.jpg,0,2,0
10626,10626,test/ISIC_0035299.jpg,0,2,0
10627,10627,test/ISIC_0035300.jpg,0,2,0
10628,10628,test/ISIC_0035301.jpg,0,2,0
10629,10629,test/ISIC_0035302.jpg,0,2,0
10630,10630,test/ISIC_0035303.jpg,0,2,0
10631,10631,test/ISIC_0035304.jpg,0,2,1
10632,10632,test/ISIC_0035305.jpg,0,2,0
10633,10633,test/ISIC_0035306.jpg,1,2,1
10634,10634,test/ISIC_0035307.jpg,0,2,0
10635,10635,test/ISIC_0035308.jpg,0,2,1
10636,10636,test/ISIC_0035309.jpg,0,2,0
10637,10637,test/ISIC_0035310.jpg,0,2,1
10638,10638,test/ISIC_0035311.jpg,0,2,0
10639,10639,test/ISIC_0035312.jpg,0,2,0
10640,10640,test/ISIC_0035313.jpg,1,2,1
10641,10641,test/ISIC_0035314.jpg,0,2,0
10642,10642,test/ISIC_0035315.jpg,0,2,0
10643,10643,test/ISIC_0035316.jpg,0,2,1
10644,10644,test/ISIC_0035317.jpg,1,2,1
10645,10645,test/ISIC_0035318.jpg,0,2,1
10646,10646,test/ISIC_0035319.jpg,0,2,0
10647,10647,test/ISIC_0035320.jpg,0,2,0
10648,10648,test/ISIC_0035321.jpg,0,2,1
10649,10649,test/ISIC_0035322.jpg,0,2,1
10650,10650,test/ISIC_0035323.jpg,0,2,1
10651,10651,test/ISIC_0035324.jpg,0,2,0
10652,10652,test/ISIC_0035325.jpg,0,2,0
10653,10653,test/ISIC_0035326.jpg,1,2,1
10654,10654,test/ISIC_0035327.jpg,0,2,0
10655,10655,test/ISIC_0035328.jpg,0,2,0
10656,10656,test/ISIC_0035329.jpg,0,2,0
10657,10657,test/ISIC_0035331.jpg,0,2,1
10658,10658,test/ISIC_0035332.jpg,0,2,0
10659,10659,test/ISIC_0035333.jpg,0,2,0
10660,10660,test/ISIC_0035335.jpg,0,2,0
10661,10661,test/ISIC_0035336.jpg,0,2,0
10662,10662,test/ISIC_0035337.jpg,0,2,0
10663,10663,test/ISIC_0035338.jpg,0,2,0
10664,10664,test/ISIC_0035339.jpg,0,2,0
10665,10665,test/ISIC_0035340.jpg,0,2,1
10666,10666,test/ISIC_0035341.jpg,0,2,0
10667,10667,test/ISIC_0035342.jpg,0,2,0
10668,10668,test/ISIC_0035343.jpg,0,2,0
10669,10669,test/ISIC_0035344.jpg,0,2,0
10670,10670,test/ISIC_0035345.jpg,1,2,0
10671,10671,test/ISIC_0035347.jpg,0,2,0
10672,10672,test/ISIC_0035348.jpg,1,2,0
10673,10673,test/ISIC_0035350.jpg,0,2,0
10674,10674,test/ISIC_0035351.jpg,1,2,0
10675,10675,test/ISIC_0035352.jpg,0,2,0
10676,10676,test/ISIC_0035353.jpg,0,2,0
10677,10677,test/ISIC_0035354.jpg,0,2,0
10678,10678,test/ISIC_0035355.jpg,0,2,1
10679,10679,test/ISIC_0035356.jpg,0,2,0
10680,10680,test/ISIC_0035357.jpg,0,2,1
10681,10681,test/ISIC_0035358.jpg,0,2,0
10682,10682,test/ISIC_0035359.jpg,0,2,0
10683,10683,test/ISIC_0035360.jpg,0,2,0
10684,10684,test/ISIC_0035361.jpg,0,2,0
10685,10685,test/ISIC_0035362.jpg,1,2,1
10686,10686,test/ISIC_0035363.jpg,0,2,0
10687,10687,test/ISIC_0035364.jpg,0,2,0
10688,10688,test/ISIC_0035365.jpg,0,2,0
10689,10689,test/ISIC_0035366.jpg,1,2,1
10690,10690,test/ISIC_0035367.jpg,0,2,0
10691,10691,test/ISIC_0035368.jpg,1,2,1
10692,10692,test/ISIC_0035369.jpg,0,2,0
10693,10693,test/ISIC_0035370.jpg,0,2,1
10694,10694,test/ISIC_0035372.jpg,1,2,1
10695,10695,test/ISIC_0035373.jpg,0,2,0
10696,10696,test/ISIC_0035375.jpg,0,2,0
10697,10697,test/ISIC_0035376.jpg,1,2,0
10698,10698,test/ISIC_0035377.jpg,0,2,1
10699,10699,test/ISIC_0035379.jpg,0,2,1
10700,10700,test/ISIC_0035380.jpg,0,2,0
10701,10701,test/ISIC_0035381.jpg,0,2,0
10702,10702,test/ISIC_0035382.jpg,0,2,0
10703,10703,test/ISIC_0035383.jpg,0,2,0
10704,10704,test/ISIC_0035384.jpg,0,2,0
10705,10705,test/ISIC_0035385.jpg,0,2,0
10706,10706,test/ISIC_0035386.jpg,0,2,0
10707,10707,test/ISIC_0035389.jpg,0,2,1
10708,10708,test/ISIC_0035391.jpg,0,2,0
10709,10709,test/ISIC_0035392.jpg,0,2,0
10710,10710,test/ISIC_0035393.jpg,1,2,1
10711,10711,test/ISIC_0035396.jpg,0,2,1
10712,10712,test/ISIC_0035397.jpg,1,2,1
10713,10713,test/ISIC_0035398.jpg,0,2,0
10714,10714,test/ISIC_0035399.jpg,0,2,0
10715,10715,test/ISIC_0035400.jpg,0,2,0
10716,10716,test/ISIC_0035402.jpg,0,2,0
10717,10717,test/ISIC_0035403.jpg,0,2,1
10718,10718,test/ISIC_0035404.jpg,0,2,1
10719,10719,test/ISIC_0035406.jpg,1,2,0
10720,10720,test/ISIC_0035407.jpg,0,2,0
10721,10721,test/ISIC_0035408.jpg,0,2,0
10722,10722,test/ISIC_0035409.jpg,0,2,1
10723,10723,test/ISIC_0035410.jpg,0,2,0
10724,10724,test/ISIC_0035411.jpg,0,2,0
10725,10725,test/ISIC_0035412.jpg,0,2,0
10726,10726,test/ISIC_0035413.jpg,0,2,0
10727,10727,test/ISIC_0035414.jpg,1,2,0
10728,10728,test/ISIC_0035415.jpg,0,2,1
10729,10729,test/ISIC_0035416.jpg,0,2,0
10730,10730,test/ISIC_0035417.jpg,0,2,0
10731,10731,test/ISIC_0035418.jpg,0,2,0
10732,10732,test/ISIC_0035419.jpg,0,2,0
10733,10733,test/ISIC_0035420.jpg,1,2,0
10734,10734,test/ISIC_0035421.jpg,1,2,1
10735,10735,test/ISIC_0035422.jpg,0,2,0
10736,10736,test/ISIC_0035423.jpg,0,2,1
10737,10737,test/ISIC_0035425.jpg,0,2,0
10738,10738,test/ISIC_0035427.jpg,0,2,0
10739,10739,test/ISIC_0035428.jpg,0,2,0
10740,10740,test/ISIC_0035429.jpg,0,2,0
10741,10741,test/ISIC_0035430.jpg,1,2,0
10742,10742,test/ISIC_0035431.jpg,0,2,0
10743,10743,test/ISIC_0035432.jpg,0,2,0
10744,10744,test/ISIC_0035433.jpg,0,2,0
10745,10745,test/ISIC_0035435.jpg,0,2,1
10746,10746,test/ISIC_0035436.jpg,0,2,1
10747,10747,test/ISIC_0035437.jpg,0,2,0
10748,10748,test/ISIC_0035438.jpg,0,2,0
10749,10749,test/ISIC_0035441.jpg,0,2,0
10750,10750,test/ISIC_0035443.jpg,1,2,0
10751,10751,test/ISIC_0035444.jpg,0,2,0
10752,10752,test/ISIC_0035445.jpg,0,2,1
10753,10753,test/ISIC_0035446.jpg,0,2,0
10754,10754,test/ISIC_0035447.jpg,0,2,0
10755,10755,test/ISIC_0035448.jpg,0,2,0
10756,10756,test/ISIC_0035450.jpg,0,2,1
10757,10757,test/ISIC_0035451.jpg,0,2,1
10758,10758,test/ISIC_0035452.jpg,0,2,0
10759,10759,test/ISIC_0035453.jpg,0,2,1
10760,10760,test/ISIC_0035455.jpg,0,2,0
10761,10761,test/ISIC_0035456.jpg,0,2,0
10762,10762,test/ISIC_0035457.jpg,0,2,0
10763,10763,test/ISIC_0035458.jpg,0,2,1
10764,10764,test/ISIC_0035459.jpg,1,2,1
10765,10765,test/ISIC_0035460.jpg,1,2,0
10766,10766,test/ISIC_0035461.jpg,0,2,0
10767,10767,test/ISIC_0035462.jpg,1,2,1
10768,10768,test/ISIC_0035463.jpg,0,2,1
10769,10769,test/ISIC_0035465.jpg,0,2,0
10770,10770,test/ISIC_0035466.jpg,0,2,1
10771,10771,test/ISIC_0035467.jpg,0,2,0
10772,10772,test/ISIC_0035468.jpg,0,2,0
10773,10773,test/ISIC_0035469.jpg,0,2,0
10774,10774,test/ISIC_0035470.jpg,0,2,0
10775,10775,test/ISIC_0035472.jpg,0,2,0
10776,10776,test/ISIC_0035473.jpg,0,2,1
10777,10777,test/ISIC_0035475.jpg,0,2,0
10778,10778,test/ISIC_0035476.jpg,0,2,0
10779,10779,test/ISIC_0035477.jpg,0,2,0
10780,10780,test/ISIC_0035478.jpg,1,2,1
10781,10781,test/ISIC_0035479.jpg,0,2,0
10782,10782,test/ISIC_0035480.jpg,0,2,0
10783,10783,test/ISIC_0035481.jpg,0,2,1
10784,10784,test/ISIC_0035482.jpg,0,2,0
10785,10785,test/ISIC_0035483.jpg,0,2,0
10786,10786,test/ISIC_0035484.jpg,0,2,0
10787,10787,test/ISIC_0035485.jpg,0,2,0
10788,10788,test/ISIC_0035486.jpg,1,2,0
10789,10789,test/ISIC_0035487.jpg,0,2,1
10790,10790,test/ISIC_0035488.jpg,0,2,0
10791,10791,test/ISIC_0035489.jpg,0,2,0
10792,10792,test/ISIC_0035490.jpg,0,2,1
10793,10793,test/ISIC_0035491.jpg,0,2,0
10794,10794,test/ISIC_0035492.jpg,0,2,1
10795,10795,test/ISIC_0035493.jpg,0,2,0
10796,10796,test/ISIC_0035494.jpg,0,2,0
10797,10797,test/ISIC_0035495.jpg,0,2,0
10798,10798,test/ISIC_0035496.jpg,0,2,0
10799,10799,test/ISIC_0035497.jpg,0,2,0
10800,10800,test/ISIC_0035498.jpg,0,2,0
10801,10801,test/ISIC_0035499.jpg,0,2,0
10802,10802,test/ISIC_0035500.jpg,0,2,0
10803,10803,test/ISIC_0035501.jpg,0,2,1
10804,10804,test/ISIC_0035503.jpg,0,2,1
10805,10805,test/ISIC_0035504.jpg,0,2,0
10806,10806,test/ISIC_0035505.jpg,1,2,1
10807,10807,test/ISIC_0035506.jpg,0,2,0
10808,10808,test/ISIC_0035507.jpg,0,2,0
10809,10809,test/ISIC_0035508.jpg,0,2,0
10810,10810,test/ISIC_0035511.jpg,0,2,0
10811,10811,test/ISIC_0035512.jpg,0,2,0
10812,10812,test/ISIC_0035513.jpg,0,2,0
10813,10813,test/ISIC_0035515.jpg,0,2,0
10814,10814,test/ISIC_0035516.jpg,0,2,0
10815,10815,test/ISIC_0035517.jpg,0,2,1
10816,10816,test/ISIC_0035518.jpg,0,2,0
10817,10817,test/ISIC_0035519.jpg,0,2,0
10818,10818,test/ISIC_0035520.jpg,0,2,0
10819,10819,test/ISIC_0035521.jpg,0,2,0
10820,10820,test/ISIC_0035522.jpg,1,2,0
10821,10821,test/ISIC_0035523.jpg,0,2,0
10822,10822,test/ISIC_0035524.jpg,0,2,0
10823,10823,test/ISIC_0035525.jpg,1,2,0
10824,10824,test/ISIC_0035526.jpg,0,2,0
10825,10825,test/ISIC_0035527.jpg,0,2,0
10826,10826,test/ISIC_0035528.jpg,0,2,0
10827,10827,test/ISIC_0035529.jpg,0,2,0
10828,10828,test/ISIC_0035530.jpg,0,2,0
10829,10829,test/ISIC_0035531.jpg,0,2,0
10830,10830,test/ISIC_0035532.jpg,0,2,0
10831,10831,test/ISIC_0035534.jpg,0,2,0
10832,10832,test/ISIC_0035536.jpg,0,2,0
10833,10833,test/ISIC_0035537.jpg,0,2,0
10834,10834,test/ISIC_0035538.jpg,0,2,1
10835,10835,test/ISIC_0035539.jpg,0,2,0
10836,10836,test/ISIC_0035540.jpg,0,2,1
10837,10837,test/ISIC_0035541.jpg,0,2,0
10838,10838,test/ISIC_0035542.jpg,0,2,0
10839,10839,test/ISIC_0035543.jpg,0,2,0
10840,10840,test/ISIC_0035544.jpg,0,2,0
10841,10841,test/ISIC_0035545.jpg,0,2,0
10842,10842,test/ISIC_0035546.jpg,0,2,0
10843,10843,test/ISIC_0035547.jpg,0,2,1
10844,10844,test/ISIC_0035548.jpg,0,2,0
10845,10845,test/ISIC_0035550.jpg,1,2,1
10846,10846,test/ISIC_0035551.jpg,0,2,0
10847,10847,test/ISIC_0035552.jpg,0,2,0
10848,10848,test/ISIC_0035554.jpg,0,2,0
10849,10849,test/ISIC_0035555.jpg,0,2,0
10850,10850,test/ISIC_0035559.jpg,0,2,0
10851,10851,test/ISIC_0035560.jpg,0,2,0
10852,10852,test/ISIC_0035561.jpg,1,2,0
10853,10853,test/ISIC_0035562.jpg,1,2,0
10854,10854,test/ISIC_0035563.jpg,0,2,0
10855,10855,test/ISIC_0035565.jpg,0,2,0
10856,10856,test/ISIC_0035566.jpg,0,2,0
10857,10857,test/ISIC_0035567.jpg,0,2,0
10858,10858,test/ISIC_0035568.jpg,0,2,0
10859,10859,test/ISIC_0035569.jpg,0,2,0
10860,10860,test/ISIC_0035570.jpg,0,2,1
10861,10861,test/ISIC_0035571.jpg,0,2,1
10862,10862,test/ISIC_0035572.jpg,0,2,0
10863,10863,test/ISIC_0035573.jpg,0,2,0
10864,10864,test/ISIC_0035575.jpg,0,2,0
10865,10865,test/ISIC_0035576.jpg,0,2,0
10866,10866,test/ISIC_0035577.jpg,0,2,0
10867,10867,test/ISIC_0035578.jpg,0,2,1
10868,10868,test/ISIC_0035579.jpg,0,2,1
10869,10869,test/ISIC_0035580.jpg,0,2,0
10870,10870,test/ISIC_0035581.jpg,0,2,0
10871,10871,test/ISIC_0035582.jpg,0,2,0
10872,10872,test/ISIC_0035583.jpg,0,2,0
10873,10873,test/ISIC_0035584.jpg,0,2,1
10874,10874,test/ISIC_0035585.jpg,0,2,1
10875,10875,test/ISIC_0035587.jpg,0,2,0
10876,10876,test/ISIC_0035589.jpg,0,2,0
10877,10877,test/ISIC_0035590.jpg,0,2,0
10878,10878,test/ISIC_0035591.jpg,0,2,0
10879,10879,test/ISIC_0035592.jpg,0,2,0
10880,10880,test/ISIC_0035596.jpg,0,2,0
10881,10881,test/ISIC_0035597.jpg,0,2,0
10882,10882,test/ISIC_0035598.jpg,0,2,0
10883,10883,test/ISIC_0035599.jpg,0,2,0
10884,10884,test/ISIC_0035600.jpg,0,2,0
10885,10885,test/ISIC_0035601.jpg,0,2,0
10886,10886,test/ISIC_0035602.jpg,1,2,0
10887,10887,test/ISIC_0035603.jpg,0,2,0
10888,10888,test/ISIC_0035604.jpg,0,2,0
10889,10889,test/ISIC_0035605.jpg,1,2,1
10890,10890,test/ISIC_0035606.jpg,1,2,0
10891,10891,test/ISIC_0035607.jpg,0,2,0
10892,10892,test/ISIC_0035608.jpg,1,2,0
10893,10893,test/ISIC_0035609.jpg,0,2,1
10894,10894,test/ISIC_0035611.jpg,0,2,0
10895,10895,test/ISIC_0035612.jpg,0,2,1
10896,10896,test/ISIC_0035613.jpg,0,2,0
10897,10897,test/ISIC_0035614.jpg,0,2,0
10898,10898,test/ISIC_0035615.jpg,0,2,1
10899,10899,test/ISIC_0035616.jpg,0,2,0
10900,10900,test/ISIC_0035617.jpg,0,2,0
10901,10901,test/ISIC_0035618.jpg,0,2,1
10902,10902,test/ISIC_0035619.jpg,0,2,0
10903,10903,test/ISIC_0035621.jpg,0,2,0
10904,10904,test/ISIC_0035623.jpg,0,2,0
10905,10905,test/ISIC_0035625.jpg,0,2,1
10906,10906,test/ISIC_0035626.jpg,1,2,0
10907,10907,test/ISIC_0035627.jpg,0,2,0
10908,10908,test/ISIC_0035628.jpg,0,2,0
10909,10909,test/ISIC_0035629.jpg,1,2,1
10910,10910,test/ISIC_0035630.jpg,1,2,0
10911,10911,test/ISIC_0035631.jpg,0,2,0
10912,10912,test/ISIC_0035632.jpg,0,2,1
10913,10913,test/ISIC_0035633.jpg,0,2,0
10914,10914,test/ISIC_0035634.jpg,0,2,0
10915,10915,test/ISIC_0035635.jpg,0,2,1
10916,10916,test/ISIC_0035636.jpg,1,2,0
10917,10917,test/ISIC_0035637.jpg,1,2,0
10918,10918,test/ISIC_0035638.jpg,0,2,0
10919,10919,test/ISIC_0035640.jpg,1,2,1
10920,10920,test/ISIC_0035641.jpg,0,2,1
10921,10921,test/ISIC_0035642.jpg,1,2,1
10922,10922,test/ISIC_0035644.jpg,0,2,0
10923,10923,test/ISIC_0035645.jpg,0,2,1
10924,10924,test/ISIC_0035646.jpg,0,2,1
10925,10925,test/ISIC_0035647.jpg,0,2,0
10926,10926,test/ISIC_0035648.jpg,0,2,1
10927,10927,test/ISIC_0035649.jpg,0,2,1
10928,10928,test/ISIC_0035651.jpg,1,2,1
10929,10929,test/ISIC_0035652.jpg,0,2,0
10930,10930,test/ISIC_0035653.jpg,1,2,1
10931,10931,test/ISIC_0035654.jpg,0,2,0
10932,10932,test/ISIC_0035656.jpg,0,2,0
10933,10933,test/ISIC_0035657.jpg,0,2,0
10934,10934,test/ISIC_0035659.jpg,0,2,0
10935,10935,test/ISIC_0035660.jpg,0,2,1
10936,10936,test/ISIC_0035661.jpg,0,2,0
10937,10937,test/ISIC_0035663.jpg,1,2,1
10938,10938,test/ISIC_0035664.jpg,0,2,0
10939,10939,test/ISIC_0035665.jpg,0,2,0
10940,10940,test/ISIC_0035666.jpg,0,2,0
10941,10941,test/ISIC_0035668.jpg,0,2,0
10942,10942,test/ISIC_0035669.jpg,0,2,0
10943,10943,test/ISIC_0035671.jpg,0,2,0
10944,10944,test/ISIC_0035672.jpg,0,2,0
10945,10945,test/ISIC_0035673.jpg,0,2,0
10946,10946,test/ISIC_0035674.jpg,0,2,0
10947,10947,test/ISIC_0035677.jpg,0,2,0
10948,10948,test/ISIC_0035678.jpg,0,2,0
10949,10949,test/ISIC_0035680.jpg,1,2,1
10950,10950,test/ISIC_0035681.jpg,0,2,0
10951,10951,test/ISIC_0035682.jpg,1,2,0
10952,10952,test/ISIC_0035684.jpg,0,2,0
10953,10953,test/ISIC_0035685.jpg,0,2,0
10954,10954,test/ISIC_0035687.jpg,0,2,0
10955,10955,test/ISIC_0035689.jpg,0,2,0
10956,10956,test/ISIC_0035690.jpg,1,2,0
10957,10957,test/ISIC_0035691.jpg,1,2,0
10958,10958,test/ISIC_0035692.jpg,0,2,0
10959,10959,test/ISIC_0035693.jpg,0,2,0
10960,10960,test/ISIC_0035696.jpg,1,2,1
10961,10961,test/ISIC_0035697.jpg,0,2,0
10962,10962,test/ISIC_0035698.jpg,1,2,0
10963,10963,test/ISIC_0035702.jpg,0,2,1
10964,10964,test/ISIC_0035704.jpg,0,2,0
10965,10965,test/ISIC_0035705.jpg,1,2,0
10966,10966,test/ISIC_0035707.jpg,0,2,0
10967,10967,test/ISIC_0035708.jpg,1,2,1
10968,10968,test/ISIC_0035710.jpg,0,2,0
10969,10969,test/ISIC_0035711.jpg,1,2,0
10970,10970,test/ISIC_0035714.jpg,1,2,1
10971,10971,test/ISIC_0035716.jpg,0,2,0
10972,10972,test/ISIC_0035719.jpg,1,2,0
10973,10973,test/ISIC_0035720.jpg,1,2,1
10974,10974,test/ISIC_0035721.jpg,1,2,1
10975,10975,test/ISIC_0035724.jpg,0,2,0
10976,10976,test/ISIC_0035725.jpg,0,2,0
10977,10977,test/ISIC_0035726.jpg,0,2,1
10978,10978,test/ISIC_0035727.jpg,0,2,0
10979,10979,test/ISIC_0035729.jpg,0,2,0
10980,10980,test/ISIC_0035730.jpg,0,2,1
10981,10981,test/ISIC_0035731.jpg,0,2,0
10982,10982,test/ISIC_0035732.jpg,1,2,0
10983,10983,test/ISIC_0035733.jpg,0,2,1
10984,10984,test/ISIC_0035736.jpg,1,2,1
10985,10985,test/ISIC_0035737.jpg,0,2,0
10986,10986,test/ISIC_0035738.jpg,0,2,1
10987,10987,test/ISIC_0035740.jpg,0,2,0
10988,10988,test/ISIC_0035744.jpg,0,2,1
10989,10989,test/ISIC_0035746.jpg,0,2,0
10990,10990,test/ISIC_0035747.jpg,1,2,0
10991,10991,test/ISIC_0035748.jpg,1,2,1
10992,10992,test/ISIC_0035749.jpg,0,2,0
10993,10993,test/ISIC_0035750.jpg,0,2,0
10994,10994,test/ISIC_0035751.jpg,0,2,1
10995,10995,test/ISIC_0035752.jpg,0,2,1
10996,10996,test/ISIC_0035753.jpg,0,2,1
10997,10997,test/ISIC_0035755.jpg,0,2,0
10998,10998,test/ISIC_0035756.jpg,1,2,1
10999,10999,test/ISIC_0035757.jpg,0,2,0
11000,11000,test/ISIC_0035758.jpg,0,2,0
11001,11001,test/ISIC_0035760.jpg,0,2,0
11002,11002,test/ISIC_0035762.jpg,0,2,0
11003,11003,test/ISIC_0035764.jpg,1,2,1
11004,11004,test/ISIC_0035765.jpg,0,2,1
11005,11005,test/ISIC_0035766.jpg,1,2,0
11006,11006,test/ISIC_0035767.jpg,1,2,1
11007,11007,test/ISIC_0035768.jpg,0,2,0
11008,11008,test/ISIC_0035769.jpg,0,2,0
11009,11009,test/ISIC_0035772.jpg,0,2,1
11010,11010,test/ISIC_0035773.jpg,0,2,0
11011,11011,test/ISIC_0035774.jpg,0,2,0
11012,11012,test/ISIC_0035775.jpg,0,2,0
11013,11013,test/ISIC_0035776.jpg,0,2,1
11014,11014,test/ISIC_0035778.jpg,0,2,0
11015,11015,test/ISIC_0035781.jpg,0,2,0
11016,11016,test/ISIC_0035782.jpg,0,2,0
11017,11017,test/ISIC_0035783.jpg,0,2,1
11018,11018,test/ISIC_0035784.jpg,0,2,0
11019,11019,test/ISIC_0035785.jpg,0,2,0
11020,11020,test/ISIC_0035786.jpg,0,2,0
11021,11021,test/ISIC_0035789.jpg,1,2,1
11022,11022,test/ISIC_0035791.jpg,0,2,0
11023,11023,test/ISIC_0035792.jpg,0,2,0
11024,11024,test/ISIC_0035794.jpg,1,2,1
11025,11025,test/ISIC_0035795.jpg,0,2,0
11026,11026,test/ISIC_0035796.jpg,0,2,0
11027,11027,test/ISIC_0035797.jpg,0,2,0
11028,11028,test/ISIC_0035800.jpg,0,2,0
11029,11029,test/ISIC_0035801.jpg,0,2,0
11030,11030,test/ISIC_0035803.jpg,0,2,0
11031,11031,test/ISIC_0035804.jpg,0,2,1
11032,11032,test/ISIC_0035805.jpg,0,2,0
11033,11033,test/ISIC_0035806.jpg,0,2,0
11034,11034,test/ISIC_0035809.jpg,0,2,0
11035,11035,test/ISIC_0035810.jpg,0,2,1
11036,11036,test/ISIC_0035811.jpg,0,2,0
11037,11037,test/ISIC_0035812.jpg,0,2,0
11038,11038,test/ISIC_0035813.jpg,0,2,0
11039,11039,test/ISIC_0035814.jpg,0,2,0
11040,11040,test/ISIC_0035815.jpg,0,2,0
11041,11041,test/ISIC_0035816.jpg,1,2,1
11042,11042,test/ISIC_0035817.jpg,0,2,1
11043,11043,test/ISIC_0035819.jpg,1,2,0
11044,11044,test/ISIC_0035822.jpg,0,2,0
11045,11045,test/ISIC_0035823.jpg,1,2,0
11046,11046,test/ISIC_0035824.jpg,0,2,1
11047,11047,test/ISIC_0035825.jpg,1,2,1
11048,11048,test/ISIC_0035826.jpg,1,2,1
11049,11049,test/ISIC_0035827.jpg,1,2,1
11050,11050,test/ISIC_0035828.jpg,0,2,0
11051,11051,test/ISIC_0035832.jpg,0,2,0
11052,11052,test/ISIC_0035833.jpg,0,2,0
11053,11053,test/ISIC_0035835.jpg,0,2,0
11054,11054,test/ISIC_0035836.jpg,0,2,1
11055,11055,test/ISIC_0035838.jpg,0,2,1
11056,11056,test/ISIC_0035839.jpg,0,2,0
11057,11057,test/ISIC_0035840.jpg,0,2,0
11058,11058,test/ISIC_0035841.jpg,0,2,0
11059,11059,test/ISIC_0035842.jpg,1,2,0
11060,11060,test/ISIC_0035845.jpg,1,2,0
11061,11061,test/ISIC_0035846.jpg,1,2,0
11062,11062,test/ISIC_0035848.jpg,0,2,0
11063,11063,test/ISIC_0035850.jpg,0,2,0
11064,11064,test/ISIC_0035851.jpg,0,2,0
11065,11065,test/ISIC_0035852.jpg,0,2,1
11066,11066,test/ISIC_0035853.jpg,1,2,0
11067,11067,test/ISIC_0035854.jpg,1,2,1
11068,11068,test/ISIC_0035856.jpg,0,2,0
11069,11069,test/ISIC_0035857.jpg,0,2,0
11070,11070,test/ISIC_0035858.jpg,0,2,1
11071,11071,test/ISIC_0035859.jpg,0,2,0
11072,11072,test/ISIC_0035861.jpg,0,2,1
11073,11073,test/ISIC_0035862.jpg,0,2,0
11074,11074,test/ISIC_0035864.jpg,0,2,0
11075,11075,test/ISIC_0035866.jpg,0,2,0
11076,11076,test/ISIC_0035868.jpg,1,2,0
11077,11077,test/ISIC_0035869.jpg,0,2,0
11078,11078,test/ISIC_0035872.jpg,0,2,1
11079,11079,test/ISIC_0035874.jpg,0,2,0
11080,11080,test/ISIC_0035877.jpg,1,2,0
11081,11081,test/ISIC_0035879.jpg,0,2,0
11082,11082,test/ISIC_0035880.jpg,0,2,0
11083,11083,test/ISIC_0035882.jpg,1,2,1
11084,11084,test/ISIC_0035885.jpg,0,2,0
11085,11085,test/ISIC_0035887.jpg,1,2,0
11086,11086,test/ISIC_0035888.jpg,1,2,0
11087,11087,test/ISIC_0035889.jpg,1,2,0
11088,11088,test/ISIC_0035892.jpg,0,2,0
11089,11089,test/ISIC_0035894.jpg,1,2,1
11090,11090,test/ISIC_0035896.jpg,0,2,0
11091,11091,test/ISIC_0035897.jpg,0,2,1
11092,11092,test/ISIC_0035900.jpg,1,2,1
11093,11093,test/ISIC_0035902.jpg,1,2,1
11094,11094,test/ISIC_0035904.jpg,0,2,1
11095,11095,test/ISIC_0035907.jpg,0,2,0
11096,11096,test/ISIC_0035909.jpg,0,2,0
11097,11097,test/ISIC_0035910.jpg,0,2,1
11098,11098,test/ISIC_0035911.jpg,1,2,0
11099,11099,test/ISIC_0035912.jpg,0,2,0
11100,11100,test/ISIC_0035913.jpg,1,2,1
11101,11101,test/ISIC_0035914.jpg,1,2,1
11102,11102,test/ISIC_0035915.jpg,1,2,1
11103,11103,test/ISIC_0035916.jpg,0,2,0
11104,11104,test/ISIC_0035918.jpg,0,2,1
11105,11105,test/ISIC_0035919.jpg,0,2,0
11106,11106,test/ISIC_0035920.jpg,1,2,0
11107,11107,test/ISIC_0035921.jpg,0,2,1
11108,11108,test/ISIC_0035922.jpg,1,2,1
11109,11109,test/ISIC_0035923.jpg,1,2,1
11110,11110,test/ISIC_0035924.jpg,0,2,0
11111,11111,test/ISIC_0035929.jpg,1,2,0
11112,11112,test/ISIC_0035931.jpg,0,2,1
11113,11113,test/ISIC_0035934.jpg,1,2,0
11114,11114,test/ISIC_0035935.jpg,0,2,0
11115,11115,test/ISIC_0035936.jpg,0,2,0
11116,11116,test/ISIC_0035938.jpg,1,2,0
11117,11117,test/ISIC_0035939.jpg,0,2,0
11118,11118,test/ISIC_0035940.jpg,0,2,0
11119,11119,test/ISIC_0035941.jpg,0,2,0
11120,11120,test/ISIC_0035942.jpg,0,2,0
11121,11121,test/ISIC_0035943.jpg,0,2,1
11122,11122,test/ISIC_0035944.jpg,0,2,0
11123,11123,test/ISIC_0035948.jpg,0,2,0
11124,11124,test/ISIC_0035951.jpg,0,2,0
11125,11125,test/ISIC_0035953.jpg,0,2,0
11126,11126,test/ISIC_0035955.jpg,0,2,0
11127,11127,test/ISIC_0035956.jpg,1,2,1
11128,11128,test/ISIC_0035957.jpg,0,2,1
11129,11129,test/ISIC_0035958.jpg,0,2,0
11130,11130,test/ISIC_0035959.jpg,0,2,1
11131,11131,test/ISIC_0035960.jpg,0,2,0
11132,11132,test/ISIC_0035961.jpg,0,2,0
11133,11133,test/ISIC_0035962.jpg,0,2,0
11134,11134,test/ISIC_0035963.jpg,0,2,0
11135,11135,test/ISIC_0035964.jpg,1,2,0
11136,11136,test/ISIC_0035966.jpg,0,2,0
11137,11137,test/ISIC_0035967.jpg,0,2,0
11138,11138,test/ISIC_0035968.jpg,1,2,0
11139,11139,test/ISIC_0035969.jpg,0,2,0
11140,11140,test/ISIC_0035970.jpg,0,2,0
11141,11141,test/ISIC_0035971.jpg,0,2,0
11142,11142,test/ISIC_0035974.jpg,0,2,1
11143,11143,test/ISIC_0035975.jpg,0,2,0
11144,11144,test/ISIC_0035977.jpg,0,2,1
11145,11145,test/ISIC_0035978.jpg,0,2,0
11146,11146,test/ISIC_0035979.jpg,0,2,0
11147,11147,test/ISIC_0035980.jpg,0,2,0
11148,11148,test/ISIC_0035982.jpg,0,2,0
11149,11149,test/ISIC_0035984.jpg,0,2,0
11150,11150,test/ISIC_0035985.jpg,0,2,0
11151,11151,test/ISIC_0035986.jpg,1,2,0
11152,11152,test/ISIC_0035993.jpg,0,2,0
11153,11153,test/ISIC_0035994.jpg,0,2,1
11154,11154,test/ISIC_0035995.jpg,0,2,1
11155,11155,test/ISIC_0035997.jpg,1,2,0
11156,11156,test/ISIC_0036005.jpg,1,2,0
11157,11157,test/ISIC_0036010.jpg,0,2,0
11158,11158,test/ISIC_0036012.jpg,1,2,1
11159,11159,test/ISIC_0036013.jpg,0,2,0
11160,11160,test/ISIC_0036016.jpg,0,2,1
11161,11161,test/ISIC_0036017.jpg,0,2,0
11162,11162,test/ISIC_0036020.jpg,0,2,0
11163,11163,test/ISIC_0036022.jpg,0,2,1
11164,11164,test/ISIC_0036025.jpg,0,2,1
11165,11165,test/ISIC_0036030.jpg,0,2,0
11166,11166,test/ISIC_0036031.jpg,0,2,1
11167,11167,test/ISIC_0036032.jpg,0,2,1
11168,11168,test/ISIC_0036033.jpg,0,2,0
11169,11169,test/ISIC_0036034.jpg,1,2,1
11170,11170,test/ISIC_0036036.jpg,0,2,1
11171,11171,test/ISIC_0036038.jpg,0,2,0
11172,11172,test/ISIC_0036039.jpg,0,2,0
11173,11173,test/ISIC_0036041.jpg,0,2,0
11174,11174,test/ISIC_0036042.jpg,0,2,0
11175,11175,test/ISIC_0036043.jpg,0,2,1
11176,11176,test/ISIC_0036044.jpg,0,2,0
11177,11177,test/ISIC_0036045.jpg,0,2,0
11178,11178,test/ISIC_0036046.jpg,0,2,0
11179,11179,test/ISIC_0036047.jpg,0,2,0
11180,11180,test/ISIC_0036049.jpg,0,2,0
11181,11181,test/ISIC_0036051.jpg,1,2,1
11182,11182,test/ISIC_0036053.jpg,0,2,0
11183,11183,test/ISIC_0036055.jpg,0,2,0
11184,11184,test/ISIC_0036056.jpg,1,2,0
11185,11185,test/ISIC_0036057.jpg,1,2,0
11186,11186,test/ISIC_0036059.jpg,0,2,0
11187,11187,test/ISIC_0036062.jpg,1,2,1